-- Wario
smlua_anim_util_register_animation('JWAR_MENU',0, 0, 0, 0, 82, { 
	0x0000, 0x0094, 0x0094, 0x0095, 0x0097, 0x0099, 0x009B, 0x009E, 0x00A1, 
	0x00A3, 0x00A6, 0x00A8, 0x00AA, 0x00AB, 0x00AB, 0x00AA, 0x00A6, 0x00A2, 
	0x009D, 0x0098, 0x0095, 0x0094, 0x0000, 0x0000, 0x3FFF, 0x0000, 0x0000, 
	0xFFFF, 0x0026, 0x0090, 0x0132, 0x0200, 0x02EC, 0x03EB, 0x04EF, 0x05EE, 
	0x06DA, 0x07A8, 0x084A, 0x08B4, 0x08DA, 0x085C, 0x0719, 0x055E, 0x037C, 
	0x01C1, 0x007E, 0xFFFF, 0x4000, 0x0000, 0xFFFF, 0x0000, 0x0000, 0x0000, 
	0xFFFF, 0x0000, 0x0000, 0x0000, 0x0000, 0xFFFF, 0x0000, 0xFFFF, 0x0000, 
	0xFFFF, 0x0000, 0x0000, 0x0000, 0xFFFF, 0x0000, 0xFFFF, 0xFFFF, 0xFFFF, 
	0xFFFF, 0xFFFF, 0xFFFF, 0xFFFF, 0xFFFF, 0xFFFF, 0xFFFF, 0xFFFF, 0xFFFF, 
	0xFFFF, 0xFFFF, 0xFFFF, 0xFFFF, 0xFFFF, 0xFFFF, 0xFFFF, 0xFFFF, 0xFFFF, 
	0xFFFF, 0xFFFF, 0xFFFF, 0x0000, 0xFFFF, 0xFFFF, 0xFFFF, 0x0000, 0xFFFF, 
	0xFFFF, 0x0000, 0x0000, 0x0000, 0xFFFF, 0x0000, 0xFFFF, 0xFFFF, 0xFFFF, 
	0xFFFF, 0xFFFF, 0xFFFF, 0x0000, 0x0000, 0xFFFF, 0x0000, 0x0000, 0xFFFF, 
	0xFFFF, 0x0000, 0xF003, 0xF009, 0xF020, 0xF051, 0xF0A2, 0xF11A, 0xF1C3, 
	0xF2A2, 0xF3BF, 0xF522, 0xF6D3, 0xF8D8, 0xFB3A, 0xFE00, 0x012D, 0x04AD, 
	0x0867, 0x0C46, 0x102F, 0x140C, 0x17C5, 0x1B45, 0x1E88, 0x218E, 0x2458, 
	0x26E4, 0x2932, 0x2B44, 0x2D17, 0x2EAD, 0x3005, 0x311E, 0x31FA, 0x3296, 
	0x32F5, 0x3314, 0x330A, 0x32ED, 0x32BE, 0x327D, 0x322A, 0x31C7, 0x3154, 
	0x30D1, 0x303C, 0x2F92, 0x2ED1, 0x2DF6, 0x2CFE, 0x2BE6, 0x2AAD, 0x294E, 
	0x27C8, 0x2618, 0x243B, 0x222F, 0x1FF2, 0x1D8A, 0x1AFC, 0x1850, 0x158D, 
	0x12B8, 0x0FD9, 0x0CF6, 0x0A16, 0x0740, 0x0479, 0x01C9, 0xFF35, 0xFCC6, 
	0xFA82, 0xF86F, 0xF693, 0xF4F6, 0xF39D, 0xF28B, 0xF1B5, 0xF114, 0xF0A1, 
	0xF054, 0xF025, 0xF00D, 0xF004, 0x0000, 0x0000, 0x0000, 0xFFFF, 0x0000, 
	0xFFFF, 0xFFFF, 0x0000, 0xFFFF, 0xFFFF, 0xFFFF, 0xFFFF, 0xFFFF, 0x0000, 
	0xFFFF, 0xFFFF, 0x0000, 0xFFFF, 0xFFFF, 0x0000, 0x0000, 0x0000, 0x0000, 
	0x0000, 0x0000, 0x0000, 0x0000, 0x0000, 0x0000, 0x0000, 0x0000, 0x0000, 
	0x0000, 0x0000, 0x0000, 0x0000, 0x0000, 0x0000, 0x0000, 0x0000, 0x0000, 
	0x0000, 0xFFFF, 0xFFFF, 0xFFFF, 0xFFFF, 0xFFFF, 0x0000, 0x0000, 0xFFFF, 
	0xFFFF, 0xFFFF, 0xFFFF, 0x0000, 0xFFFF, 0x0000, 0xFFFF, 0xFFFF, 0xFFFF, 
	0x0000, 0xFFFF, 0xFFFF, 0xFFFF, 0xFFFF, 0xFFFF, 0x0000, 0xFFFF, 0x0000, 
	0x0000, 0x0000, 0x0000, 0xFFFF, 0xFFFF, 0x0000, 0x0C28, 0x0BC9, 0x0ABD, 
	0x0920, 0x070C, 0x049C, 0x01EB, 0xFF13, 0xFC30, 0xF95D, 0xF6B5, 0xF452, 
	0xF250, 0xF0C8, 0xEFCC, 0xEF40, 0xEEFC, 0xEEDC, 0xEEB9, 0xEE6C, 0xEDCF, 
	0xECC5, 0xEB55, 0xE991, 0xE78A, 0xE550, 0xE2F5, 0xE08A, 0xDE1F, 0xDBC6, 
	0xD98F, 0xD78C, 0xD5CE, 0xD465, 0xD363, 0xD2D8, 0xD299, 0xD26C, 0xD24D, 
	0xD23B, 0xD232, 0xD22E, 0xD22E, 0xD28D, 0xD39E, 0xD54C, 0xD783, 0xDA2D, 
	0xDD37, 0xE08C, 0xE417, 0xE7C4, 0xEB7F, 0xEF32, 0xF2CA, 0xF631, 0xF958, 
	0xFC3D, 0xFEE2, 0x014B, 0x0379, 0x056F, 0x072F, 0x08BD, 0x0A1B, 0x0B4B, 
	0x0C51, 0x0D2E, 0x0DE5, 0x0E79, 0x0EEC, 0x0F42, 0x0F7B, 0x0F9C, 0x0FA6, 
	0x0F88, 0x0F35, 0x0EBF, 0x0E32, 0x0D9D, 0x0D10, 0x0C99, 0x0C47, 0xFFFE, 
	0x0001, 0xC170, 0xBC71, 0xBA6D, 0xB4D2, 0xAC46, 0xA172, 0x94FB, 0x0789, 
	0xF9C3, 0xEC51, 0xDFDA, 0xD505, 0xCC79, 0xC6DE, 0xC4DA, 0xCA77, 0xD8F1, 
	0xECBC, 0x024E, 0x1619, 0xA493, 0xAA30, 0xA90D, 0xA5D9, 0xA0E3, 0x9A78, 
	0x12E7, 0x0A7F, 0x018C, 0xF85E, 0xEF43, 0xE68B, 0xDE82, 0xD777, 0xD1B8, 
	0xCD94, 0xCB5A, 0xCAF0, 0xCB5A, 0xCAF0, 0xCB5A, 0xCAF0, 0xCB5A, 0xCAF0, 
	0xCBB4, 0xCDF8, 0xD1AC, 0xD6BB, 0xDCEB, 0xE3FD, 0xEBAE, 0xF3BD, 0xFBEA, 
	0x03F4, 0x0B97, 0x1295, 0x18AB, 0x9DE3, 0xA279, 0xA67A, 0xA9F0, 0xACE7, 
	0xAF6A, 0xB186, 0xB346, 0xB4B6, 0xB5E1, 0xB6D4, 0xB798, 0xB83B, 0xB8C8, 
	0xB94A, 0xB9CD, 0xBA5D, 0xBB06, 0xBBD2, 0xBC71, 0xBBD2, 0xBC71, 0xBBD2, 
	0xBC71, 0xBBD2, 0xBC71, 0xBBD2, 0xC71C, 0xC714, 0xC6FD, 0xC6DB, 0xC6AF, 
	0xC67E, 0xB9B7, 0xB9EE, 0xBA24, 0xBA56, 0xBA81, 0xBAA4, 0xBABA, 0xBAC2, 
	0xBA67, 0xB970, 0xB804, 0xB64A, 0xB467, 0xCD7B, 0xCF39, 0xD0B4, 0xD1ED, 
	0xD2F0, 0xD3C8, 0xAB7F, 0xAADC, 0xAA43, 0xA9A9, 0xA902, 0xA845, 0xA765, 
	0xA658, 0xA512, 0xA389, 0xA1B2, 0xA04C, 0xA1B2, 0xA04C, 0xA1B2, 0xA04C, 
	0xA1B2, 0xA04C, 0xA051, 0xA06F, 0xA0C0, 0xA1AE, 0xA371, 0xA5D3, 0xA8A0, 
	0xABA4, 0xAEA9, 0xB17B, 0xB3E5, 0xB5B3, 0xB6B0, 0xC8D2, 0xC863, 0xC7FF, 
	0xC7A8, 0xC75C, 0xC719, 0xC6E0, 0xC6B0, 0xC688, 0xC667, 0xC64D, 0xC639, 
	0xC629, 0xC61E, 0xC617, 0xC612, 0xC610, 0xC60F, 0xC60F, 0xC71C, 0xC60F, 
	0xC71C, 0xC60F, 0xC71C, 0xC60F, 0xC71C, 0xC60F, 0xD8E3, 0xDBD1, 0xE3FB, 
	0xF06D, 0x0034, 0x125A, 0xA5EE, 0xB9FB, 0xCD8F, 0xDFB6, 0xEF7B, 0xFBED, 
	0x0418, 0x0707, 0x00DB, 0xF0F1, 0xDB30, 0xC37C, 0xADBB, 0x1DD3, 0x17A7, 
	0x18BB, 0x1BC5, 0x207C, 0x2696, 0xADC9, 0xB5CC, 0xBE55, 0xC71B, 0xCFD2, 
	0xD833, 0xDFF2, 0xE6C8, 0xEC68, 0xF08B, 0xF2E6, 0xF378, 0xF2E6, 0xF378, 
	0xF2E6, 0xF378, 0xF2E6, 0xF378, 0xF1A5, 0xED14, 0xE721, 0xE0EE, 0xDAB9, 
	0xD483, 0xCE50, 0xC822, 0xC1FC, 0xBBE1, 0xB5D3, 0xAFD6, 0xA9EC, 0x2419, 
	0x1E5E, 0x18C1, 0x1345, 0x0DEC, 0x08BC, 0x03B8, 0xFEE2, 0xFA3F, 0xF5D4, 
	0xF1A2, 0xEDAE, 0xE9FB, 0xE68E, 0xE369, 0xE090, 0xDE08, 0xDBD3, 0xD9F4, 
	0xD8E3, 0xD9F4, 0xD8E3, 0xD9F4, 0xD8E3, 0xD9F4, 0xD8E3, 0xD9F4, 0xFFFF, 
	0x0000, 0xFFFF, 0xFFFF, 0x0000, 0x0000, 0xFFFF, 0xFFFF, 0xFFFF, 0xFFFF, 
	0x0000, 0x0000, 0x0000, 0x0000, 0xFFFF, 0xFFFF, 0xFFFF, 0x0000, 0x0000, 
	0x0000, 0xFFFF, 0xFFFF, 0xFFFF, 0xFFFF, 0xFFFF, 0xFFFF, 0xFFFF, 0xFFFF, 
	0xFFFF, 0xFFFF, 0xFFFF, 0xFFFF, 0xFFFF, 0xFFFF, 0xFFFF, 0xFFFF, 0xFFFF, 
	0xFFFF, 0xFFFF, 0xFFFF, 0xFFFF, 0xFFFF, 0xFFFF, 0xFFFF, 0xFFFF, 0xFFFF, 
	0xFFFF, 0xFFFF, 0xFFFF, 0xFFFF, 0xFFFF, 0xFFFF, 0xFFFF, 0xFFFF, 0xFFFF, 
	0xFFFF, 0xFFFF, 0xFFFF, 0xFFFF, 0xFFFF, 0xFFFF, 0xFFFF, 0xFFFF, 0xFFFF, 
	0xFFFF, 0xFFFF, 0xFFFF, 0xFFFF, 0xFFFF, 0xFFFF, 0xFFFF, 0xFFFF, 0xFFFF, 
	0xFFFF, 0xFFFF, 0x0000, 0xFFFF, 0xFFFF, 0xFFFF, 0xFFFF, 0x0000, 0x0000, 
	0x0000, 0xFFFF, 0x0000, 0x0000, 0xFFFF, 0x0000, 0xFFFF, 0x0000, 0xFFFF, 
	0x0000, 0xFFFF, 0xFFFF, 0x0000, 0xFFFF, 0x0000, 0x0000, 0x0000, 0x0000, 
	0xFFFF, 0x0000, 0x0000, 0xFFFF, 0x0000, 0x0000, 0x0000, 0xFFFF, 0x0000, 
	0x0000, 0x0000, 0xFFFF, 0xFFFF, 0x0000, 0x0000, 0x0000, 0x0000, 0x0000, 
	0x0000, 0x0000, 0x0000, 0x0000, 0x0000, 0x0000, 0x0000, 0x0000, 0x0000, 
	0x0000, 0x0000, 0x0000, 0x0000, 0x0000, 0x0000, 0x0000, 0x0000, 0x0000, 
	0x0000, 0x0000, 0x0000, 0x0000, 0x0000, 0x0000, 0x0000, 0x0000, 0x0000, 
	0x0000, 0x0000, 0x0000, 0x0000, 0x0000, 0x0000, 0x0000, 0x0000, 0x0000, 
	0xFFFF, 0x0000, 0xFFFF, 0x0000, 0xFFFF, 0x0000, 0xCE38, 0xCE40, 0xCE57, 
	0xCE7B, 0xCEAA, 0xCEE3, 0xCF25, 0xCF6D, 0xCFBA, 0xD00A, 0xD05C, 0xD0AE, 
	0xD0FE, 0xD14B, 0xD193, 0xD1D4, 0xD20E, 0xD23D, 0xD261, 0xD278, 0xD27F, 
	0xD265, 0xD219, 0xD1A3, 0xD10A, 0xD055, 0xCF8B, 0xCEB3, 0xCDD3, 0xCCF4, 
	0xCC1C, 0xCB52, 0xCA9D, 0xCA04, 0xC98E, 0xC942, 0xC927, 0xC927, 0xC927, 
	0xC927, 0xC927, 0xC927, 0xC927, 0xC87B, 0xC73B, 0xC68F, 0xC6A3, 0xC6DA, 
	0xC72E, 0xC79A, 0xC815, 0xC89C, 0xC925, 0xC9AD, 0xCA2B, 0xCA9B, 0xCAF6, 
	0xCB3F, 0xCB76, 0xCB9F, 0xCBBB, 0xCBCE, 0xCBD8, 0xCBDD, 0xCBDE, 0xCBDF, 
	0xCBE0, 0xCBE5, 0xCBF0, 0xCC03, 0xCC20, 0xCC4A, 0xCC82, 0xCCCB, 0xCD28, 
	0xCE38, 0xCD28, 0xCE38, 0xCD28, 0xCE38, 0xCD28, 0xCE38, 0xCD28, 0xB8E3, 
	0xB995, 0xBB85, 0xBE7A, 0xC238, 0xC688, 0xCB2E, 0xCFF1, 0xD497, 0xD8E6, 
	0xDCA5, 0xDF99, 0xE189, 0xE23C, 0xE20E, 0xE198, 0xE0F7, 0xE047, 0xDFA6, 
	0xDF30, 0xDF03, 0xDF04, 0xDF09, 0xDF10, 0xDF19, 0xDF23, 0xDF2F, 0xDF3C, 
	0xDF49, 0xDF57, 0xDF63, 0xDF6F, 0xDF7A, 0xDF83, 0xDF8A, 0xDF8F, 0xDF90, 
	0xDF90, 0xDF90, 0xDF90, 0xDF90, 0xDF90, 0xDF90, 0xDFDB, 0xE066, 0xE0B0, 
	0xE0B0, 0xE0AD, 0xE0A5, 0xE095, 0xE07B, 0xE054, 0xE01D, 0xDFD4, 0xDF77, 
	0xDF03, 0xDE48, 0xDD22, 0xDB9D, 0xD9C6, 0xD7A9, 0xD554, 0xD2D2, 0xD030, 
	0xCD7C, 0xCAC1, 0xC80C, 0xC569, 0xC2E6, 0xC08F, 0xBE70, 0xBC97, 0xBB0F, 
	0xB9E6, 0xB927, 0xB8E3, 0xB927, 0xB8E3, 0xB927, 0xB8E3, 0xB927, 0xB8E3, 
	0xB927, 0xEE38, 0xEE4D, 0xEE88, 0xEEE1, 0xEF52, 0xEFD5, 0xF061, 0xF0F1, 
	0xF17E, 0xF200, 0xF271, 0xF2CB, 0xF305, 0xF31A, 0xF2BD, 0xF1CB, 0xF07D, 
	0xEF0C, 0xEDB0, 0xECA1, 0xEC19, 0xEBEA, 0xEBC1, 0xEB9D, 0xEB7F, 0xEB65, 
	0xEB4F, 0xEB3D, 0xEB2F, 0xEB24, 0xEB1C, 0xEB16, 0xEB12, 0xEB10, 0xEB0E, 
	0xEB0E, 0xEB0E, 0xEB0E, 0xEB0E, 0xEB0E, 0xEB0E, 0xEB0E, 0xEB0E, 0xEA95, 
	0xE9B4, 0xE93B, 0xE94C, 0xE979, 0xE9BE, 0xEA14, 0xEA74, 0xEAD8, 0xEB3B, 
	0xEB95, 0xEBE1, 0xEC19, 0xEC40, 0xEC5F, 0xEC77, 0xEC88, 0xEC95, 0xEC9C, 
	0xECA1, 0xECA3, 0xECA3, 0xECA3, 0xECA4, 0xECA6, 0xECAA, 0xECB2, 0xECBE, 
	0xECCF, 0xECE7, 0xED06, 0xED2D, 0xEE38, 0xED2D, 0xEE38, 0xED2D, 0xEE38, 
	0xED2D, 0xEE38, 0xED2D, 0xEAAA, 0xEAA9, 0xEAA3, 0xEA91, 0xEA70, 0xEA39, 
	0xE9E8, 0xE976, 0xE8DE, 0xE81B, 0xE727, 0xE5FE, 0xE499, 0xE2F3, 0xE10C, 
	0xDEFE, 0xDCF1, 0xDB09, 0xD96E, 0xD845, 0xD7B4, 0xD781, 0xD753, 0xD72C, 
	0xD70A, 0xD6EE, 0xD6D6, 0xD6C3, 0xD6B3, 0xD6A7, 0xD69E, 0xD697, 0xD693, 
	0xD690, 0xD68F, 0xD68E, 0xD68E, 0xD68E, 0xD68E, 0xD68E, 0xD68E, 0xD68E, 
	0xD68E, 0xD5FC, 0xD4EC, 0xD45A, 0xD45E, 0xD46E, 0xD48B, 0xD4B8, 0xD4F8, 
	0xD54E, 0xD5BC, 0xD646, 0xD6ED, 0xD7B4, 0xD89E, 0xD9A6, 0xDAC8, 0xDBFE, 
	0xDD43, 0xDE93, 0xDFE9, 0xE140, 0xE293, 0xE3DD, 0xE519, 0xE642, 0xE754, 
	0xE849, 0xE91C, 0xE9C9, 0xEA4B, 0xEA9C, 0xEAB8, 0xEAAA, 0xEAB8, 0xEAAA, 
	0xEAB8, 0xEAAA, 0xEAB8, 0xEAAA, 0xEAB8, 0xFFFE, 0x0001, 0xC170, 0x438E, 
	0x4592, 0x4B2F, 0x53BD, 0x5E94, 0x6B0E, 0xF883, 0x064D, 0x13C2, 0x203C, 
	0x2B14, 0x33A1, 0x393E, 0x3B42, 0x35A4, 0x2726, 0x1355, 0xFDBD, 0xE9EC, 
	0x5B6E, 0x55D0, 0x56F3, 0x5A27, 0x5F1E, 0x6589, 0xED1A, 0xF584, 0xFE77, 
	0x07A6, 0x10C1, 0x197A, 0x2183, 0x288F, 0x2E4D, 0x3271, 0x34AB, 0x3514, 
	0x34AB, 0x3514, 0x34AB, 0x3514, 0x34AB, 0x3514, 0x3450, 0x320D, 0x2E5A, 
	0x294C, 0x231D, 0x1C0D, 0x145E, 0x0C50, 0x0425, 0xFC1C, 0xF478, 0xED7A, 
	0xE762, 0x6228, 0x5D90, 0x598E, 0x5617, 0x531E, 0x5099, 0x4E7C, 0x4CBB, 
	0x4B4B, 0x4A1F, 0x492D, 0x4868, 0x47C4, 0x4738, 0x46B5, 0x4632, 0x45A2, 
	0x44F9, 0x442D, 0x438E, 0x442D, 0x438E, 0x442D, 0x438E, 0x442D, 0x438E, 
	0x442D, 0x38E3, 0x38EB, 0x3901, 0x3923, 0x394E, 0x397F, 0x464B, 0x4615, 
	0x45E0, 0x45AE, 0x4584, 0x4562, 0x454C, 0x4544, 0x459E, 0x4693, 0x47FD, 
	0x49B5, 0x4B95, 0x3289, 0x30CD, 0x2F54, 0x2E1B, 0x2D18, 0x2C40, 0x5478, 
	0x551C, 0x55B7, 0x5652, 0x56FA, 0x57BA, 0x589B, 0x59AA, 0x5AF0, 0x5C7A, 
	0x5E52, 0x5FB7, 0x5E52, 0x5FB7, 0x5E52, 0x5FB7, 0x5E52, 0x5FB7, 0x5FB3, 
	0x5F95, 0x5F42, 0x5E51, 0x5C8C, 0x5A28, 0x575A, 0x5455, 0x5150, 0x4E7D, 
	0x4C13, 0x4A45, 0x4949, 0x3732, 0x37A1, 0x3803, 0x385A, 0x38A6, 0x38E8, 
	0x3920, 0x3950, 0x3978, 0x3998, 0x39B2, 0x39C7, 0x39D6, 0x39E1, 0x39E8, 
	0x39ED, 0x39EF, 0x39F0, 0x39F0, 0x38E3, 0x39F0, 0x38E3, 0x39F0, 0x38E3, 
	0x39F0, 0x38E3, 0x39F0, 0xD8E3, 0xDBD2, 0xE3FD, 0xF071, 0x003A, 0x1264, 
	0xA5FB, 0xBA0C, 0xCDA3, 0xDFCC, 0xEF95, 0xFC08, 0x0435, 0x0724, 0x00F7, 
	0xF109, 0xDB42, 0xC388, 0xADC1, 0x1DD5, 0x17A8, 0x18BC, 0x1BC6, 0x207E, 
	0x2698, 0xADCC, 0xB5CF, 0xBE59, 0xC71E, 0xCFD6, 0xD837, 0xDFF7, 0xE6CD, 
	0xEC6D, 0xF090, 0xF2EB, 0xF37C, 0xF2EB, 0xF37C, 0xF2EB, 0xF37C, 0xF2EB, 
	0xF37C, 0xF1A9, 0xED17, 0xE724, 0xE0F2, 0xDABE, 0xD489, 0xCE57, 0xC82A, 
	0xC206, 0xBBEC, 0xB5E0, 0xAFE4, 0xA9FA, 0x2427, 0x1E6D, 0x18D0, 0x1353, 
	0x0DFA, 0x08C9, 0x03C4, 0xFEED, 0xFA49, 0xF5DC, 0xF1A9, 0xEDB4, 0xEA01, 
	0xE692, 0xE36C, 0xE093, 0xDE09, 0xDBD3, 0xD9F5, 0xD8E3, 0xD9F5, 0xD8E3, 
	0xD9F5, 0xD8E3, 0xD9F5, 0xD8E3, 0xD9F5, 0xFFFF, 0xFFFF, 0x0000, 0x0000, 
	0x0000, 0x0000, 0x0000, 0x0000, 0xFFFF, 0x0000, 0xFFFF, 0x0000, 0xFFFF, 
	0xFFFF, 0xFFFF, 0xFFFF, 0x0000, 0xFFFF, 0xFFFF, 0xFFFF, 0x0000, 0xFFFF, 
	0x0000, 0x0000, 0x0000, 0x0000, 0xFFFF, 0xFFFF, 0x0000, 0x0000, 0x0000, 
	0xFFFF, 0x0000, 0x0000, 0x0000, 0x0000, 0xFFFF, 0xFFFF, 0xFFFF, 0xFFFF, 
	0xFFFF, 0xFFFF, 0xFFFF, 0xFFFF, 0xFFFF, 0xFFFF, 0xFFFF, 0x0000, 0x0000, 
	0x0000, 0x0000, 0x0000, 0x0000, 0x0000, 0x0000, 0x0000, 0xFFFF, 0x0000, 
	0xFFFF, 0x0000, 0xFFFF, 0xFFFF, 0xFFFF, 0xFFFF, 0xFFFF, 0xFFFF, 0x0000, 
	0xFFFF, 0x0000, 0x0000, 0xFFFF, 0xFFFF, 0xFFFF, 0xFFFF, 0xFFFF, 0x0000, 
	0xFFFF, 0xFFFF, 0xFFFF, 0xFFFF, 0xFFFF, 0x0000, 0xFFFF, 0xFFFF, 0xFFFF, 
	0xFFFF, 0x0000, 0x0000, 0x0000, 0xFFFF, 0xFFFF, 0xFFFF, 0xFFFF, 0xFFFF, 
	0xFFFF, 0xFFFF, 0x0000, 0xFFFF, 0x0000, 0x0000, 0x0000, 0xFFFF, 0xFFFF, 
	0x0000, 0x0000, 0x0000, 0x0000, 0x0000, 0x0000, 0xFFFF, 0x0000, 0x0000, 
	0x0000, 0x0000, 0x0000, 0x0000, 0x0000, 0xFFFF, 0x0000, 0x0000, 0x0000, 
	0x0000, 0x0000, 0x0000, 0x0000, 0x0000, 0x0000, 0x0000, 0x0000, 0x0000, 
	0x0000, 0x0000, 0x0000, 0x0000, 0x0000, 0x0000, 0x0000, 0x0000, 0x0000, 
	0x0000, 0x0000, 0xFFFF, 0x0000, 0xFFFF, 0xFFFF, 0xFFFF, 0xFFFF, 0xFFFF, 
	0xFFFF, 0xFFFF, 0xFFFF, 0x0000, 0xFFFF, 0xCE38, 0xCE40, 0xCE57, 0xCE7B, 
	0xCEAA, 0xCEE3, 0xCF25, 0xCF6D, 0xCFBA, 0xD00A, 0xD05C, 0xD0AE, 0xD0FE, 
	0xD14B, 0xD193, 0xD1D4, 0xD20E, 0xD23D, 0xD261, 0xD278, 0xD27F, 0xD265, 
	0xD219, 0xD1A3, 0xD10A, 0xD055, 0xCF8B, 0xCEB3, 0xCDD3, 0xCCF4, 0xCC1C, 
	0xCB52, 0xCA9D, 0xCA04, 0xC98E, 0xC942, 0xC927, 0xC927, 0xC927, 0xC927, 
	0xC927, 0xC927, 0xC927, 0xC87B, 0xC73B, 0xC68F, 0xC6A3, 0xC6DA, 0xC72E, 
	0xC79A, 0xC815, 0xC89C, 0xC925, 0xC9AD, 0xCA2B, 0xCA9B, 0xCAF6, 0xCB3F, 
	0xCB76, 0xCB9F, 0xCBBB, 0xCBCE, 0xCBD8, 0xCBDD, 0xCBDE, 0xCBDF, 0xCBE0, 
	0xCBE5, 0xCBF0, 0xCC03, 0xCC20, 0xCC4A, 0xCC82, 0xCCCB, 0xCD28, 0xCE38, 
	0xCD28, 0xCE38, 0xCD28, 0xCE38, 0xCD28, 0xCE38, 0xCD28, 0x471C, 0x464C, 
	0x4407, 0x4093, 0x3C31, 0x3727, 0x31B7, 0x2C26, 0x26B6, 0x21AC, 0x1D4A, 
	0x19D6, 0x1791, 0x16C1, 0x16C9, 0x16DD, 0x16F9, 0x1717, 0x1733, 0x1748, 
	0x1750, 0x174E, 0x174A, 0x1743, 0x1739, 0x172F, 0x1722, 0x1715, 0x1708, 
	0x16FB, 0x16EE, 0x16E2, 0x16D7, 0x16CE, 0x16C6, 0x16C2, 0x16C0, 0x16C0, 
	0x16C0, 0x16C0, 0x16C0, 0x16C0, 0x16C0, 0x1676, 0x15ED, 0x15A3, 0x15A4, 
	0x15A7, 0x15AF, 0x15BF, 0x15D9, 0x1600, 0x1636, 0x167F, 0x16DC, 0x1750, 
	0x181C, 0x1973, 0x1B47, 0x1D86, 0x2020, 0x2306, 0x2627, 0x2973, 0x2CD9, 
	0x304A, 0x33B6, 0x370C, 0x3A3D, 0x3D37, 0x3FEC, 0x424A, 0x4442, 0x45C4, 
	0x46BF, 0x471C, 0x46BF, 0x471C, 0x46BF, 0x471C, 0x46BF, 0x471C, 0x46BF, 
	0x11C7, 0x11B1, 0x1174, 0x1116, 0x10A0, 0x1017, 0x0F84, 0x0EED, 0x0E5A, 
	0x0DD2, 0x0D5B, 0x0CFD, 0x0CC0, 0x0CAA, 0x0CE4, 0x0D7B, 0x0E4C, 0x0F34, 
	0x1010, 0x10BC, 0x1116, 0x113A, 0x1158, 0x1173, 0x118A, 0x119D, 0x11AD, 
	0x11BA, 0x11C5, 0x11CD, 0x11D3, 0x11D7, 0x11DA, 0x11DC, 0x11DD, 0x11DD, 
	0x11DE, 0x11DE, 0x11DE, 0x11DE, 0x11DE, 0x11DE, 0x11DE, 0x1233, 0x12D2, 
	0x1328, 0x1319, 0x12F1, 0x12B5, 0x126D, 0x121F, 0x11D1, 0x1189, 0x114E, 
	0x1125, 0x1116, 0x111A, 0x1124, 0x1134, 0x1149, 0x1162, 0x117F, 0x119E, 
	0x11BF, 0x11E2, 0x1204, 0x1227, 0x1248, 0x1267, 0x1284, 0x129D, 0x12B2, 
	0x12C2, 0x12CC, 0x12D0, 0x11C7, 0x12D0, 0x11C7, 0x12D0, 0x11C7, 0x12D0, 
	0x11C7, 0x12D0, 0xEAAA, 0xEA99, 0xEA69, 0xEA19, 0xE9AC, 0xE923, 0xE87F, 
	0xE7C2, 0xE6EC, 0xE5FF, 0xE4FC, 0xE3E6, 0xE2BC, 0xE180, 0xE036, 0xDEEB, 
	0xDDAE, 0xDC8F, 0xDB9C, 0xDAE5, 0xDA7A, 0xDA3D, 0xDA08, 0xD9DA, 0xD9B3, 
	0xD991, 0xD975, 0xD95E, 0xD94C, 0xD93E, 0xD933, 0xD92B, 0xD926, 0xD923, 
	0xD922, 0xD921, 0xD921, 0xD921, 0xD921, 0xD921, 0xD921, 0xD921, 0xD921, 
	0xD878, 0xD73F, 0xD696, 0xD69F, 0xD6BA, 0xD6E8, 0xD72A, 0xD780, 0xD7EB, 
	0xD86C, 0xD904, 0xD9B3, 0xDA7A, 0xDB59, 0xDC4D, 0xDD52, 0xDE65, 0xDF81, 
	0xE0A3, 0xE1C7, 0xE2E9, 0xE406, 0xE51A, 0xE621, 0xE717, 0xE7F9, 0xE8C2, 
	0xE96F, 0xE9FC, 0xEA65, 0xEAA7, 0xEABE, 0xEAAA, 0xEABE, 0xEAAA, 0xEABE, 
	0xEAAA, 0xEABE, 0xEAAA, 0xEABE, 0x0000, 0xFFFF, 0xFFFF, 0xFFFF, 0xFFFF, 
	0x0000, 0x0000, 0xFFFF, 0x0000, 0x0000, 0xFFFF, 0xFFFF, 0xFFFF, 0xFFFF, 
	0xFFFF, 0x0000, 0xFFFF, 0xFFFF, 0x0000, 0xFFFF, 0x0000, 0x0000, 0x0000, 
	0x0000, 0xFFFF, 0x0000, 0x0000, 0xFFFF, 0xFFFF, 0x0000, 0x0000, 0x0000, 
	0x0000, 0x0000, 0xFFFF, 0x0000, 0x0000, 0xFFFF, 0xBF5E, 0xDFFF, 0xE089, 
	0xE209, 0xE452, 0xE737, 0xEA8C, 0xEE24, 0xF1D3, 0xF56B, 0xF8C0, 0xFBA6, 
	0xFDEE, 0xFF6E, 0xFFF8, 0xFE33, 0xF9A1, 0xF363, 0xEC95, 0xE656, 0xE1C5, 
	0xDFFF, 0xDFFF, 0xDFD1, 0xDF51, 0xDE8E, 0xDD97, 0xDC7A, 0xDB47, 0xDA0D, 
	0xD8DA, 0xD7BD, 0xD6C6, 0xD603, 0xD582, 0xD555, 0xD5EC, 0xD772, 0xD987, 
	0xDBCC, 0xDDE2, 0xDF68, 0xDFFF, 0xA71C, 0xA674, 0xA4A1, 0xA1DA, 0x9E54, 
	0x9A46, 0x95E7, 0x916C, 0x8D0D, 0x88FF, 0x857A, 0x82B2, 0x80DF, 0x8038, 
	0x825F, 0x87EE, 0x8F86, 0x97CD, 0x9F66, 0xA4F4, 0xA71C, 0xFFFF, 0xFFFF, 
	0x0000, 0xFFFF, 0x0000, 0xFFFF, 0x0000, 0xFFFF, 0xFFFF, 0xFFFF, 0xFFFF, 
	0xFFFF, 0xFFFF, 0x0000, 0x0000, 0xFFFF, 0x0000, 0x0000, 0x0000, 0xFFFF, 
	0x0000, 0xFFFF, 0xFFFF, 0xFFFF, 0x0000, 0x0000, 0xFFFF, 0xFFFF, 0xFFFF, 
	0xFFFF, 0x0000, 0xFFFF, 0xFFFF, 0xFFFF, 0xFFFF, 0xFFFF, 0xFFFF, 0xFFFF, 
	0xFFFF, 0xFFFF, 0x0000, 0x3333, 0x32C7, 0x319A, 0x2FD0, 0x2D8B, 0x2AEE, 
	0x281D, 0x253A, 0x2269, 0x1FCC, 0x1D87, 0x1BBC, 0x1A8F, 0x1A23, 0x1B87, 
	0x1F1B, 0x2401, 0x2956, 0x2E3B, 0x31D0, 0x3333, 0x0000, 0x0000, 0xFFFF, 
	0xFFFF, 0x0000, 0xFFFF, 0x0000, 0xFFFF, 0x0000, 0xFFFF, 0xFFFF, 0xFFFF, 
	0x0000, 0x0000, 0x0000, 0xFFFF, 0x0000, 0xFFFF, 0x0000, 0xFFFF, 0x0000, 
	0xFFFF, 0x0000, 0xFFFF, 0x0000, 0xFFFF, 0xFFFF, 0x0000, 0xFFFF, 0xFFFF, 
	0x0000, 0xFFFF, 0xFFFF, 0x0000, 0xFFFF, 0x0000, 0xFFFF, 0xFFFF, 0xFFFF, 
	0xFFFF, 0x0000, 0xFFFF, 0xC2D7, 0xC317, 0xC3C7, 0xC4D3, 0xC628, 0xC7B0, 
	0xC956, 0xCB07, 0xCCAD, 0xCE35, 0xCF89, 0xD096, 0xD146, 0xD185, 0xD0B5, 
	0xCE9C, 0xCBBE, 0xC89E, 0xC5C0, 0xC3A8, 0xC2D7, 0x0000, 0xFFFF, 0xFFFF, 
	0xFFFF, 0xFFFF, 0x0000, 0x0000, 0xFFFF, 0x0000, 0x0000, 0xFFFF, 0xFFFF, 
	0xFFFF, 0xFFFF, 0xFFFF, 0x0000, 0xFFFF, 0xFFFF, 0x0000, 0xFFFF, 0x0000, 
	0x0000, 0x0000, 0x0000, 0xFFFF, 0x0000, 0x0000, 0xFFFF, 0xFFFF, 0x0000, 
	0x0000, 0x0000, 0x0000, 0x0000, 0xFFFF, 0x0000, 0x0000, 0xFFFF, 0xBF5E, 
	0x2000, 0x1FC9, 0x1F30, 0x1E47, 0x1D1F, 0x1BCB, 0x1A5C, 0x18E4, 0x1775, 
	0x1621, 0x14F9, 0x1410, 0x1377, 0x1340, 0x13F5, 0x15C7, 0x1845, 0x1AFB, 
	0x1D79, 0x1F4B, 0x2000, 0x2000, 0x2017, 0x2058, 0x20BC, 0x2139, 0x21CA, 
	0x2266, 0x2306, 0x23A2, 0x2432, 0x24B0, 0x2513, 0x2554, 0x256C, 0x251F, 
	0x2459, 0x234A, 0x2222, 0x2113, 0x204D, 0x2000, 0xA71C, 0xA6F1, 0xA67B, 
	0xA5C7, 0xA4E3, 0xA3DD, 0xA2C2, 0xA1A0, 0xA085, 0x9F7E, 0x9E9A, 0x9DE6, 
	0x9D70, 0x9D46, 0x9DD1, 0x9F39, 0xA125, 0xA33D, 0xA529, 0xA690, 0xA71C, 
	0xFFFF, 0x0000, 0xFFFF, 0x0000, 0xFFFF, 0x0000, 0x0000, 0xFFFF, 0x0000, 
	0xFFFF, 0xFFFF, 0x0000, 0xFFFF, 0xFFFF, 0xFFFF, 0x0000, 0x0000, 0x0000, 
	0x0000, 0x0000, 0xFFFF, 0x0000, 0xFFFF, 0xFFFF, 0xFFFF, 0x0000, 0x0000, 
	0xFFFF, 0x0000, 0xFFFF, 0xFFFF, 0x0000, 0x0000, 0xFFFF, 0x0000, 0xFFFF, 
	0xFFFF, 0x0000, 0x31C7, 0xFFFF, 0xFFFF, 0xFFFF, 0x0000, 0xFFFF, 0x0000, 
	0x0000, 0x0000, 0x0000, 0x0000, 0xFFFF, 0x0000, 0x0000, 0x0000, 0x0000, 
	0x0000, 0x0000, 0x0000, 0x0000, 0x0000, 0xFFFF, 0x0000, 0xFFFF, 0xFFFF, 
	0xFFFF, 0x0000, 0xFFFF, 0xFFFF, 0xFFFF, 0x0000, 0xFFFF, 0xFFFF, 0x0000, 
	0xFFFF, 0xFFFF, 0xFFFF, 0xFFFF, 0x0000, 0x0000, 0x0000, 0xFFFF, 0x0000, 
	0xFFFF, 0xFFFF, 0x0000, 0xFFFF, 0x0000, 0x0000, 0x0000, 0xFFFF, 0xFFFF, 
	0x0000, 0xFFFF, 0x0000, 0xFFFF, 0x0000, 0xFFFF, 0xFFFF, 0xFFFF, 0x0000, 
	0xFFFF, 0xFFFF, 0x0000, 0xFFFF, 0xFFFF, 0xFFFF, 0xFFFF, 0xFFFF, 0x0000, 
	0xFFFF, 0x0000, 0x0000, 0xFFFF, 0xFFFF, 0x0000, 0xFFFF, 0x0000, 0xFFFF, 
	0x0000, 0xFFFF, 0xFFFF, 0xFFFF, 0x0000, 0x0000, 0x0000, 0x0000, 0x0000, 
	0x0000, 0x0000, 0xFFFF, 0x0000, 0x0000, 0x0000, 0x0000, 0xFFFF, 0x0000, 
	0xC2D7, 0xC2DE, 0xC2F1, 0xC30E, 0xC333, 0xC35D, 0xC38A, 0xC3B8, 0xC3E6, 
	0xC410, 0xC434, 0xC451, 0xC464, 0xC46B, 0xC46B, 0xC46A, 0xC469, 0xC467, 
	0xC465, 0xC463, 0xC460, 0xC45C, 0xC459, 0xC455, 0xC450, 0xC44B, 0xC446, 
	0xC441, 0xC43B, 0xC435, 0xC42F, 0xC429, 0xC422, 0xC41B, 0xC414, 0xC40C, 
	0xC405, 0xC3FD, 0xC3F5, 0xC3ED, 0xC3E5, 0xC3DD, 0xC3D5, 0xC3CC, 0xC3C4, 
	0xC3BB, 0xC3B2, 0xC3AA, 0xC3A1, 0xC399, 0xC390, 0xC387, 0xC37F, 0xC376, 
	0xC36E, 0xC365, 0xC35D, 0xC355, 0xC34D, 0xC345, 0xC33D, 0xC336, 0xC32F, 
	0xC327, 0xC320, 0xC31A, 0xC313, 0xC30D, 0xC307, 0xC301, 0xC2FC, 0xC2F7, 
	0xC2F2, 0xC2EE, 0xC2EA, 0xC2E6, 0xC2E3, 0xC2E0, 0xC2DD, 0xC2DB, 0xC2DA, 
	0xC2D8, 
	},{ 
	0x0001, 0x0000, 0x0015, 0x0001, 0x0001, 0x0016, 0x0001, 0x0017, 0x0001, 
	0x0018, 0x0001, 0x0019, 0x0001, 0x001A, 0x0015, 0x001B, 0x0001, 0x0030, 
	0x0032, 0x0031, 0x0014, 0x0063, 0x0053, 0x0077, 0x0038, 0x00CA, 0x0012, 
	0x0102, 0x0053, 0x0114, 0x0001, 0x0167, 0x0001, 0x0168, 0x0001, 0x0169, 
	0x0053, 0x016A, 0x0053, 0x01BD, 0x0053, 0x0210, 0x004D, 0x0263, 0x0053, 
	0x02B0, 0x0053, 0x0303, 0x0053, 0x0356, 0x0053, 0x03A9, 0x0053, 0x03FC, 
	0x0001, 0x044F, 0x0001, 0x0450, 0x0001, 0x0451, 0x0053, 0x0452, 0x0053, 
	0x04A5, 0x0053, 0x04F8, 0x0053, 0x054B, 0x0046, 0x059E, 0x0053, 0x05E4, 
	0x0053, 0x0637, 0x0053, 0x068A, 0x0053, 0x06DD, 0x0013, 0x0730, 0x0013, 
	0x0743, 0x0001, 0x0756, 0x0015, 0x0757, 0x0015, 0x076C, 0x0015, 0x0781, 
	0x0014, 0x0796, 0x0015, 0x07AA, 0x0015, 0x07BF, 0x0015, 0x07D4, 0x0015, 
	0x07E9, 0x0015, 0x07FE, 0x0013, 0x0813, 0x0013, 0x0826, 0x0001, 0x0839, 
	0x0015, 0x083A, 0x0015, 0x084F, 0x0015, 0x0864, 0x0015, 0x0879, 0x0011, 
	0x088E, 0x0001, 0x089F, 0x0053, 0x08A0, 0x000D, 0x08F3, 0x0052, 0x0900, 
});
smlua_anim_util_register_animation('JWAR_RUN',0, 0, 0, 0, 89, { 
	0x0000, 0x00C3, 0x00C2, 0x00BF, 0x00BB, 0x00B7, 0x00B3, 0x00AF, 0x00AC, 
	0x00AB, 0x00AC, 0x00AE, 0x00B1, 0x00B4, 0x00B9, 0x00BF, 0x00C5, 0x00CB, 
	0x00D2, 0x00D8, 0x00DF, 0x00E6, 0x00EC, 0x00F2, 0x00F8, 0x00FD, 0x0100, 
	0x0103, 0x0105, 0x0106, 0x0106, 0x0104, 0x0102, 0x00FF, 0x00FC, 0x00F8, 
	0x00F3, 0x00EE, 0x00E9, 0x00E4, 0x00DE, 0x00D8, 0x00D3, 0x00CD, 0x00C8, 
	0x00C3, 0x00BE, 0x00B9, 0x00B5, 0x00B2, 0x00AF, 0x00AD, 0x00AB, 0x00AB, 
	0x00AB, 0x00AC, 0x00AE, 0x00B0, 0x00B2, 0x00B5, 0x00B8, 0x00BC, 0x00C0, 
	0x00C4, 0x00C8, 0x00CD, 0x00D1, 0x00D6, 0x00DB, 0x00E0, 0x00E4, 0x00E9, 
	0x00ED, 0x00F1, 0x00F5, 0x00F9, 0x00FC, 0x00FF, 0x0101, 0x0103, 0x0105, 
	0x0106, 0x0106, 0x0104, 0x0100, 0x00FA, 0x00F2, 0x00EB, 0x00E3, 0x00DD, 
	0x00D9, 0x0000, 0x0000, 0x3FFF, 0x0000, 0xFFFF, 0xFFFF, 0x38E3, 0xEE5C, 
	0xEE78, 0xEECB, 0xEF4F, 0xF001, 0xF0DB, 0xF1DB, 0xF2FA, 0xF436, 0xF58A, 
	0xF6F0, 0xF866, 0xF9E7, 0xFB6E, 0xFCF8, 0xFE7F, 0x0000, 0x0176, 0x02E1, 
	0x043F, 0x0590, 0x06D4, 0x080A, 0x0930, 0x0A47, 0x0B4D, 0x0C42, 0x0D26, 
	0x0DF7, 0x0EB5, 0x0F5F, 0x0FF5, 0x1076, 0x10E0, 0x1135, 0x1172, 0x1197, 
	0x11A3, 0x1195, 0x116D, 0x112B, 0x10D1, 0x1061, 0x0FDC, 0x0F43, 0x0E99, 
	0x0DDD, 0x0D13, 0x0C3B, 0x0B57, 0x0A68, 0x096F, 0x086F, 0x0769, 0x065D, 
	0x054E, 0x043D, 0x032B, 0x021A, 0x010B, 0x0000, 0xFEF9, 0xFDF8, 0xFCFD, 
	0xFC08, 0xFB1A, 0xFA31, 0xF94F, 0xF874, 0xF7A1, 0xF6D4, 0xF60F, 0xF552, 
	0xF49E, 0xF3F1, 0xF34D, 0xF2B2, 0xF220, 0xF197, 0xF118, 0xF0A2, 0xF037, 
	0xEFD6, 0xEF7F, 0xEF33, 0xEEF3, 0xEEBD, 0xEE93, 0xEE74, 0xEE62, 0xFF02, 
	0xFF03, 0xFF08, 0xFF0F, 0xFF19, 0xFF25, 0xFF34, 0xFF44, 0xFF56, 0xFF69, 
	0xFF7D, 0xFF92, 0xFFA7, 0xFFBD, 0xFFD3, 0xFFE9, 0xFFFF, 0x0015, 0x0029, 
	0x003D, 0x0050, 0x0062, 0x0074, 0x0084, 0x0094, 0x00A2, 0x00B0, 0x00BD, 
	0x00C9, 0x00D3, 0x00DD, 0x00E5, 0x00ED, 0x00F3, 0x00F7, 0x00FB, 0x00FD, 
	0x00FD, 0x00FD, 0x00FA, 0x00F7, 0x00F2, 0x00EB, 0x00E4, 0x00DB, 0x00D2, 
	0x00C7, 0x00BC, 0x00B0, 0x00A3, 0x0096, 0x0088, 0x0079, 0x006A, 0x005B, 
	0x004C, 0x003D, 0x002E, 0x001E, 0x000F, 0xFFFF, 0xFFF0, 0xFFE2, 0xFFD4, 
	0xFFC6, 0xFFB9, 0xFFAC, 0xFF9F, 0xFF93, 0xFF87, 0xFF7B, 0xFF70, 0xFF66, 
	0xFF5B, 0xFF52, 0xFF49, 0xFF40, 0xFF38, 0xFF30, 0xFF29, 0xFF22, 0xFF1C, 
	0xFF17, 0xFF12, 0xFF0E, 0xFF0A, 0xFF07, 0xFF05, 0xFF03, 0xFF02, 0xFBA3, 
	0xFBBC, 0xFC01, 0xFC6D, 0xFCF9, 0xFD9E, 0xFE57, 0xFF1D, 0xFFE9, 0x00B6, 
	0x017B, 0x0234, 0x02DA, 0x0365, 0x03D1, 0x0417, 0x042F, 0x0421, 0x03F8, 
	0x03B6, 0x035F, 0x02F6, 0x027E, 0x01F8, 0x0169, 0x00D2, 0x0038, 0xFF9B, 
	0xFF00, 0xFE6A, 0xFDDA, 0xFD55, 0xFCDC, 0xFC73, 0xFC1C, 0xFBDB, 0xFBB2, 
	0xFBA3, 0xFBAF, 0xFBD2, 0xFC09, 0xFC53, 0xFCAC, 0xFD14, 0xFD88, 0xFE05, 
	0xFE8A, 0xFF14, 0xFFA1, 0x0031, 0x00BE, 0x0149, 0x01CE, 0x024B, 0x02BE, 
	0x0326, 0x0380, 0x03C9, 0x0401, 0x0423, 0x042F, 0x0428, 0x0413, 0x03F2, 
	0x03C5, 0x038D, 0x034C, 0x0302, 0x02B0, 0x0257, 0x01F8, 0x0195, 0x012D, 
	0x00C3, 0x0057, 0xFFE9, 0xFF7B, 0xFF0F, 0xFEA5, 0xFE3E, 0xFDDA, 0xFD7C, 
	0xFD23, 0xFCD1, 0xFC87, 0xFC45, 0xFC0D, 0xFBE0, 0xFBBF, 0xFBAA, 0x10EF, 
	0x10D0, 0x1077, 0x0FED, 0x0F39, 0x0E62, 0x0D70, 0x0C6A, 0x0B59, 0x0A43, 
	0x092F, 0x081C, 0x0708, 0x05F0, 0x04D4, 0x03AF, 0x0281, 0x0148, 0x0000, 
	0xFEA8, 0xFD46, 0xFBDD, 0xFA72, 0xF90A, 0xF7A8, 0xF652, 0xF50D, 0xF3DC, 
	0xF2C5, 0xF1CD, 0xF0F7, 0xF049, 0xEFC7, 0xEF66, 0xEF19, 0xEEDD, 0xEEB0, 
	0xEE90, 0xEE7A, 0xEE6D, 0xEE67, 0xEE64, 0xEE64, 0xEE7D, 0xEEC8, 0xEF40, 
	0xEFE1, 0xF0A8, 0xF190, 0xF296, 0xF3B7, 0xF4EE, 0xF637, 0xF78F, 0xF8F2, 
	0xFA5C, 0xFBC9, 0xFD36, 0xFE9F, 0x0000, 0x0155, 0x029D, 0x03D7, 0x0502, 
	0x061C, 0x0724, 0x081A, 0x08FD, 0x09CA, 0x0A82, 0x0B26, 0x0BB7, 0x0C39, 
	0x0CAD, 0x0D14, 0x0D71, 0x0DC6, 0x0E15, 0x0E5F, 0x0EA8, 0x0EF0, 0x0F39, 
	0x0F82, 0x0FC9, 0x100C, 0x104A, 0x1081, 0x10AE, 0x10D1, 0x10E7, 0x011D, 
	0x0118, 0x010A, 0x00F5, 0x00DA, 0x00BC, 0x009C, 0x007C, 0x005F, 0x0046, 
	0x0033, 0x0025, 0x001B, 0x0014, 0x000F, 0x000C, 0x0009, 0x0005, 0xFFFF, 
	0xFFF7, 0xFFEE, 0xFFE2, 0xFFD4, 0xFFC5, 0xFFB4, 0xFFA2, 0xFF90, 0xFF7D, 
	0xFF69, 0xFF56, 0xFF43, 0xFF30, 0xFF1D, 0xFF0C, 0xFEFB, 0xFEEC, 0xFEDE, 
	0xFED2, 0xFEC8, 0xFEC0, 0xFEB9, 0xFEB6, 0xFEB4, 0xFEB8, 0xFEC1, 0xFECF, 
	0xFEE2, 0xFEF9, 0xFF12, 0xFF2D, 0xFF4A, 0xFF67, 0xFF83, 0xFF9F, 0xFFB8, 
	0xFFCF, 0xFFE2, 0xFFF1, 0xFFFB, 0x0000, 0x0001, 0x0001, 0x0001, 0x0001, 
	0x0001, 0x0001, 0x0001, 0x0001, 0x0002, 0x0004, 0x000A, 0x0013, 0x001E, 
	0x002B, 0x003A, 0x004B, 0x005D, 0x0070, 0x0083, 0x0096, 0x00A9, 0x00BC, 
	0x00CD, 0x00DE, 0x00ED, 0x00FB, 0x0107, 0x0110, 0x0117, 0x011C, 0xFBA2, 
	0xFBB6, 0xFBF0, 0xFC4A, 0xFCBF, 0xFD4B, 0xFDE9, 0xFE94, 0xFF47, 0xFFFE, 
	0x00B3, 0x0163, 0x0208, 0x029F, 0x0324, 0x0393, 0x03E7, 0x041C, 0x042F, 
	0x0429, 0x0418, 0x03FB, 0x03D3, 0x03A0, 0x0363, 0x031A, 0x02C7, 0x026A, 
	0x0203, 0x0193, 0x0118, 0x0094, 0x0007, 0xFF71, 0xFED7, 0xFE3E, 0xFDAA, 
	0xFD1F, 0xFCA3, 0xFC3B, 0xFBEA, 0xFBB7, 0xFBA4, 0xFBA7, 0xFBB0, 0xFBBF, 
	0xFBD4, 0xFBF1, 0xFC15, 0xFC40, 0xFC74, 0xFCB1, 0xFCF7, 0xFD46, 0xFD9F, 
	0xFE03, 0xFE71, 0xFEEA, 0xFF6F, 0xFFFF, 0x009C, 0x013D, 0x01DE, 0x0278, 
	0x0304, 0x037C, 0x03DA, 0x0417, 0x042D, 0x0424, 0x0409, 0x03DC, 0x03A0, 
	0x0355, 0x02FC, 0x0297, 0x0226, 0x01AA, 0x0125, 0x0098, 0x0003, 0xFF67, 
	0xFECB, 0xFE30, 0xFD9C, 0xFD14, 0xFC9A, 0xFC34, 0xFBE6, 0xFBB4, 0x0000, 
	0xFFFF, 0xBFFF, 0x1DFD, 0x1E0C, 0x1E37, 0x1E7C, 0x1EDA, 0x1F51, 0x1FDD, 
	0x207E, 0x2132, 0x21F8, 0x22CE, 0x23B2, 0x24A4, 0x25A2, 0x26A7, 0x27AB, 
	0x28A0, 0x297A, 0x2A2C, 0x2AAA, 0x2AF4, 0x2B32, 0x2B9B, 0x2C64, 0x2DC3, 
	0x2FED, 0x3319, 0x3736, 0xBC0E, 0xC16D, 0xC71E, 0xCCEA, 0xD29E, 0xD803, 
	0xDCE4, 0xE10C, 0xE447, 0xE65D, 0xE71C, 0xE6BE, 0xE5B2, 0xE40A, 0xE1D6, 
	0xDF28, 0xDC13, 0xD8A7, 0xD4F7, 0xD115, 0xCD11, 0xC8FE, 0xC4ED, 0xC0F1, 
	0xBD1A, 0x397B, 0x3625, 0x332A, 0x309B, 0x2E8B, 0x2D03, 0x2BF5, 0x2B49, 
	0x2AE8, 0x2ABB, 0x2AAB, 0x2AA2, 0x2A8F, 0x2A63, 0x2A0E, 0x2980, 0x28A9, 
	0x276A, 0x25B7, 0x239C, 0x2128, 0x1E69, 0x1B6B, 0x183D, 0x14EB, 0x1184, 
	0x0E15, 0x0AAB, 0x0754, 0x041D, 0x0115, 0xFE47, 0xFBC4, 0xF997, 0xF7CE, 
	0xF677, 0xF59F, 0xC563, 0xC51D, 0xC45C, 0xC335, 0xC1C0, 0xC012, 0xBE43, 
	0xBC68, 0xBA99, 0xB8EC, 0xB776, 0xB650, 0xB58E, 0xB549, 0xB54A, 0xB54C, 
	0xB54F, 0xB552, 0xB554, 0xB555, 0xB554, 0xB553, 0xB54F, 0xB547, 0xB53A, 
	0xB526, 0xB4D6, 0xB420, 0xCCE7, 0xCE30, 0xCFA6, 0xD137, 0xD2CF, 0xD45C, 
	0xD5CB, 0xD709, 0xD804, 0xD8A8, 0xD8E3, 0xD8C6, 0xD875, 0xD7F6, 0xD74E, 
	0xD684, 0xD59E, 0xD4A2, 0xD396, 0xD280, 0xD166, 0xD04E, 0xCF3F, 0xCE3F, 
	0xCD53, 0xB37C, 0xB42C, 0xB4B5, 0xB511, 0xB53A, 0xB545, 0xB54D, 0xB551, 
	0xB554, 0xB555, 0xB555, 0xB555, 0xB554, 0xB554, 0xB553, 0xB551, 0xB54F, 
	0xB546, 0xB533, 0xB516, 0xB4F1, 0xB4C5, 0xB492, 0xB45B, 0xB420, 0xB3E2, 
	0xB3A3, 0xB363, 0xB324, 0xB2E6, 0xB2AC, 0xB276, 0xB245, 0xB21A, 0xB1F7, 
	0xB1DD, 0xB1CC, 0xB823, 0xB89C, 0xB9EE, 0xBBF1, 0xBE7D, 0xC16C, 0xC496, 
	0xC7D4, 0xCAFE, 0xCDED, 0xD079, 0xD27C, 0xD3CE, 0xD447, 0xD423, 0xD3C5, 
	0xD343, 0xD2B4, 0xD22D, 0xD1C6, 0xD18B, 0xD164, 0xD130, 0xD0CD, 0xD019, 
	0xCEF4, 0xCD24, 0xCA9F, 0x478C, 0x440F, 0x404F, 0x3C72, 0x389E, 0x34F9, 
	0x31A8, 0x2ED2, 0x2C9C, 0x2B2D, 0x2AAB, 0x2AE9, 0x2B9D, 0x2CBA, 0x2E34, 
	0x2FFF, 0x320F, 0x3457, 0x36CC, 0x3960, 0x3C09, 0x3EBA, 0x4167, 0x4404, 
	0x4684, 0xC8DB, 0xCAFE, 0xCCDF, 0xCE74, 0xCFB0, 0xD090, 0xD126, 0xD180, 
	0xD1AE, 0xD1C0, 0xD1C6, 0xD1CE, 0xD1DD, 0xD1F8, 0xD222, 0xD25F, 0xD2B5, 
	0xD324, 0xD3AC, 0xD44A, 0xD4FA, 0xD5B9, 0xD684, 0xD759, 0xD833, 0xD911, 
	0xD9EE, 0xDAC9, 0xDB9D, 0xDC67, 0xDD26, 0xDDD5, 0xDE71, 0xDEF8, 0xDF67, 
	0xDFB9, 0xDFED, 0xFFFF, 0x0000, 0x0000, 0xFFFF, 0xFFFF, 0xFFFF, 0xFFFF, 
	0xFFFF, 0x0000, 0x0000, 0xFFFF, 0x0000, 0x0000, 0x0000, 0x0000, 0x0000, 
	0x0000, 0x0000, 0x0000, 0xFFFF, 0xFFFF, 0xFFFF, 0xFFFF, 0xFFFF, 0xFFFF, 
	0xFFFF, 0xFFFF, 0x0000, 0xFFFF, 0xFFFF, 0xFFFF, 0xFFFF, 0x0000, 0x0000, 
	0xFFFF, 0xFFFF, 0xFFFF, 0x0000, 0x0000, 0x0000, 0xFFFF, 0xFFFF, 0xFFFF, 
	0xFFFF, 0x0000, 0x0000, 0xFFFF, 0x0000, 0x0000, 0xFFFF, 0xFFFF, 0x0000, 
	0xFFFF, 0x0000, 0x0000, 0xFFFF, 0xFFFF, 0x0000, 0xFFFF, 0x0000, 0x0000, 
	0xFFFF, 0xFFFF, 0xFFFF, 0xFFFF, 0xFFFF, 0x0000, 0xFFFF, 0x0000, 0xFFFF, 
	0xFFFF, 0xFFFF, 0x0000, 0xFFFF, 0xFFFF, 0xFFFF, 0xFFFF, 0xFFFF, 0xFFFF, 
	0xFFFF, 0x0000, 0xFFFF, 0xFFFF, 0x0000, 0xFFFF, 0xFFFF, 0x0000, 0xFFFF, 
	0xFFFF, 0x0000, 0x0000, 0xFFFF, 0xFFFF, 0xFFFF, 0xFFFF, 0x0000, 0xFFFF, 
	0x0000, 0x0000, 0x0000, 0x0000, 0xFFFF, 0xFFFF, 0x0000, 0x0000, 0x0000, 
	0x0000, 0xFFFF, 0x0000, 0x0000, 0xFFFF, 0x0000, 0x0000, 0x0000, 0x0000, 
	0xFFFF, 0x0000, 0x0000, 0x0000, 0xFFFF, 0x0000, 0x0000, 0x0000, 0x0000, 
	0xFFFF, 0xFFFF, 0xFFFF, 0xFFFF, 0x0000, 0x0000, 0xFFFF, 0x0000, 0xFFFF, 
	0x0000, 0xFFFF, 0xFFFF, 0x0000, 0xFFFF, 0xFFFF, 0xFFFF, 0x0000, 0x0000, 
	0x0000, 0xFFFF, 0xFFFF, 0x0000, 0x0000, 0xFFFF, 0x0000, 0xFFFF, 0x0000, 
	0x0000, 0x0000, 0x0000, 0x0000, 0x0000, 0xFFFF, 0x0000, 0x0000, 0x0000, 
	0x0000, 0x0000, 0xFFFF, 0x0000, 0x0000, 0x0000, 0xFFFF, 0xFFFF, 0x0000, 
	0xC71C, 0xC6FD, 0xC6A9, 0xC629, 0xC586, 0xC4CB, 0xC401, 0xC332, 0xC268, 
	0xC1AC, 0xC109, 0xC089, 0xC035, 0xC016, 0xC067, 0xC141, 0xC27E, 0xC3FA, 
	0xC590, 0xC71C, 0xC880, 0xC9C1, 0xCAEC, 0xCC0D, 0xCD32, 0xCE66, 0xCFB5, 
	0xD117, 0xD286, 0xD3F9, 0xD569, 0xD6CB, 0xD819, 0xD94B, 0xDA57, 0xDB36, 
	0xDBDF, 0xDC4B, 0xDC71, 0xDC61, 0xDC34, 0xDBEB, 0xDB88, 0xDB0D, 0xDA7B, 
	0xD9D5, 0xD91C, 0xD852, 0xD778, 0xD691, 0xD59F, 0xD4A3, 0xD39F, 0xD295, 
	0xD186, 0xD075, 0xCF63, 0xCE52, 0xCD43, 0xCC2F, 0xCB0F, 0xC9DC, 0xC88D, 
	0xC71C, 0xC588, 0xC3ED, 0xC270, 0xC133, 0xC05B, 0xC00B, 0xC017, 0xC039, 
	0xC06F, 0xC0B7, 0xC10E, 0xC172, 0xC1E0, 0xC257, 0xC2D3, 0xC353, 0xC3D4, 
	0xC454, 0xC4D0, 0xC547, 0xC5B5, 0xC619, 0xC670, 0xC6B7, 0xC6EE, 0xC710, 
	0xC792, 0xC710, 0xC5A7, 0xC380, 0xC0C5, 0xBDA1, 0xBA3E, 0xB6C6, 0xB363, 
	0xB040, 0xAD85, 0xAB5E, 0xA9F5, 0xA973, 0xA9BB, 0xAA7A, 0xAB8A, 0xACC6, 
	0xAE07, 0xAF28, 0xB00B, 0xB0B8, 0xB13E, 0xB1AB, 0xB210, 0xB27C, 0xB2FB, 
	0xB38C, 0xB429, 0xB4CE, 0xB576, 0xB61C, 0xB6BC, 0xB750, 0xB7D4, 0xB843, 
	0xB899, 0xB8D0, 0xB8E3, 0xB8DA, 0xB8C2, 0xB89B, 0xB867, 0xB827, 0xB7DC, 
	0xB788, 0xB72C, 0xB6C9, 0xB660, 0xB5F3, 0xB583, 0xB512, 0xB4A0, 0xB42F, 
	0xB3C0, 0xB355, 0xB2EE, 0xB28E, 0xB233, 0xB1D6, 0xB16C, 0xB0EB, 0xB04A, 
	0xAF7F, 0xAE86, 0xAD76, 0xAC6F, 0xAB8D, 0xAAF0, 0xAAB4, 0xAAE5, 0xAB71, 
	0xAC4E, 0xAD73, 0xAED6, 0xB06D, 0xB230, 0xB415, 0xB611, 0xB81C, 0xBA2B, 
	0xBC36, 0xBE32, 0xC016, 0xC1D9, 0xC371, 0xC4D4, 0xC5F9, 0xC6D6, 0xC761, 
	0xD888, 0xD87D, 0xD85F, 0xD831, 0xD7F7, 0xD7B4, 0xD76B, 0xD721, 0xD6D9, 
	0xD696, 0xD65C, 0xD62E, 0xD60F, 0xD605, 0xD651, 0xD721, 0xD853, 0xD9C8, 
	0xDB5D, 0xDCF2, 0xDE6D, 0xDFC9, 0xE10B, 0xE233, 0xE345, 0xE443, 0xE530, 
	0xE60B, 0xE6D4, 0xE78B, 0xE830, 0xE8C2, 0xE942, 0xE9AF, 0xEA09, 0xEA4F, 
	0xEA81, 0xEAA0, 0xEAAA, 0xEAA8, 0xEAA4, 0xEA9A, 0xEA8B, 0xEA76, 0xEA59, 
	0xEA33, 0xEA04, 0xE9CA, 0xE984, 0xE931, 0xE8D1, 0xE862, 0xE7E2, 0xE752, 
	0xE6B1, 0xE5FC, 0xE533, 0xE455, 0xE361, 0xE256, 0xE133, 0xDFF7, 0xDEA1, 
	0xDD30, 0xDBA8, 0xDA24, 0xD8C0, 0xD79C, 0xD6D7, 0xD68E, 0xD691, 0xD69B, 
	0xD6AA, 0xD6BE, 0xD6D6, 0xD6F2, 0xD711, 0xD732, 0xD755, 0xD779, 0xD79D, 
	0xD7C1, 0xD7E4, 0xD805, 0xD824, 0xD840, 0xD858, 0xD86C, 0xD87B, 0xD885, 
	0xE735, 0xE7CF, 0xE97B, 0xEC07, 0xEF42, 0xF2F9, 0xF6FB, 0xFB16, 0xFF18, 
	0x02D1, 0x060B, 0x0898, 0x0A43, 0x0ADD, 0x0A84, 0x0998, 0x0846, 0x06BC, 
	0x0528, 0x03B7, 0x028D, 0x01A1, 0x00E1, 0x003B, 0xFF9A, 0xFEEE, 0xFE28, 
	0xFD4A, 0xFC5B, 0xFB63, 0xFA67, 0xF96F, 0xF881, 0xF7A6, 0xF6E2, 0xF63F, 
	0xF5C1, 0xF571, 0xF554, 0xF560, 0xF584, 0xF5BC, 0xF608, 0xF665, 0xF6D3, 
	0xF74E, 0xF7D6, 0xF868, 0xF903, 0xF9A5, 0xFA4C, 0xFAF6, 0xFBA2, 0xFC4D, 
	0xFCF6, 0xFD9C, 0xFE3B, 0xFED4, 0xFF65, 0xFFF8, 0x009A, 0x0153, 0x0230, 
	0x033C, 0x047B, 0x05D0, 0x0717, 0x082E, 0x08EF, 0x0938, 0x08FE, 0x085A, 
	0x0756, 0x05FD, 0x045A, 0x027A, 0x0067, 0xFE2B, 0xFBD4, 0xF96D, 0xF6FF, 
	0xF498, 0xF241, 0xF006, 0xEDF3, 0xEC13, 0xEA70, 0xE917, 0xE813, 0xE76F, 
	0x0000, 0xFFFF, 0xBFFF, 0x18E3, 0x19A2, 0x1BB8, 0x1EF3, 0x231B, 0x27FC, 
	0x2D61, 0x3315, 0x38E1, 0x3E92, 0x43F1, 0xC8C9, 0xCCE6, 0xD012, 0xD23C, 
	0xD39B, 0xD464, 0xD4CD, 0xD50B, 0xD555, 0xD5D3, 0xD685, 0xD75F, 0xD854, 
	0xD958, 0xDA5D, 0xDB5B, 0xDC4D, 0xDD31, 0xDE07, 0xDECD, 0xDF81, 0xE022, 
	0xE0AE, 0xE125, 0xE183, 0xE1C8, 0xE1F3, 0xE202, 0xE1F9, 0xE1E0, 0xE1B6, 
	0xE17E, 0xE136, 0xE0E2, 0xE080, 0xE011, 0xDF98, 0xDF13, 0xDE85, 0xDDED, 
	0xDD4D, 0xDCA6, 0xDBF7, 0xDB42, 0xDA87, 0xD9C8, 0xD905, 0xD840, 0xD780, 
	0xD6CD, 0xD62F, 0xD5AF, 0xD555, 0xD522, 0xD502, 0xD4D9, 0xD48C, 0xD3FF, 
	0xD316, 0xD1B0, 0xCFC4, 0xCD64, 0xCA9E, 0xC781, 0x441E, 0x4082, 0x3CBF, 
	0x38E3, 0x34FD, 0x311D, 0x2D53, 0x29AD, 0x263B, 0x230E, 0x2033, 0x1DBA, 
	0x1BB3, 0x1A2E, 0x1939, 0x271C, 0x2757, 0x27FB, 0x28F6, 0x2A34, 0x2BA3, 
	0x2D30, 0x2EC8, 0x3059, 0x31CF, 0x3318, 0x4BDF, 0x4B29, 0x4AD9, 0x4AC5, 
	0x4AB8, 0x4AB0, 0x4AAC, 0x4AAB, 0x4AAA, 0x4AAB, 0x4AAD, 0x4AB0, 0x4AB3, 
	0x4AB5, 0x4AB6, 0x4A71, 0x49AF, 0x4889, 0x4713, 0x4566, 0x4397, 0x41BC, 
	0x3FED, 0x3E3F, 0x3CCA, 0x3BA3, 0x3AE2, 0x3A9C, 0x3ABE, 0x3B1C, 0x3BB0, 
	0x3C73, 0x3D5E, 0x3E69, 0x3F8D, 0x40C3, 0x4204, 0x4349, 0x448A, 0x45C0, 
	0x46E5, 0x47F0, 0x48DA, 0x499E, 0x4A32, 0x4A90, 0x4AB1, 0x4AB0, 0x4AAF, 
	0x4AAE, 0x4AAC, 0x4AAB, 0x4AAA, 0x4AAA, 0x4AAB, 0x4AAD, 0x4AB1, 0x4AB8, 
	0x4AC2, 0x4AE5, 0x4B32, 0x4BA5, 0x4C39, 0x4CEB, 0x324B, 0x316E, 0x3082, 
	0x2F8A, 0x2E8D, 0x2D8E, 0x2C91, 0x2B9C, 0x2AB3, 0x29DB, 0x2917, 0x286D, 
	0x27E0, 0x2776, 0x2734, 0x2AAB, 0x2B2D, 0x2C9C, 0x2ED2, 0x31A8, 0x34F9, 
	0x389E, 0x3C72, 0x404F, 0x440F, 0x478C, 0xCA9F, 0xCD24, 0xCEF4, 0xD019, 
	0xD0CD, 0xD130, 0xD164, 0xD18B, 0xD1C6, 0xD22D, 0xD2B4, 0xD343, 0xD3C5, 
	0xD423, 0xD447, 0xD3CE, 0xD27C, 0xD079, 0xCDED, 0xCAFE, 0xC7D4, 0xC496, 
	0xC16C, 0xBE7D, 0xBBF1, 0xB9EE, 0xB89C, 0xB823, 0xB85B, 0xB8FC, 0xB9F9, 
	0xBB46, 0xBCD7, 0xBE9F, 0xC092, 0xC2A4, 0xC4C9, 0xC6F3, 0xC918, 0xCB2A, 
	0xCD1D, 0xCEE5, 0xD076, 0xD1C3, 0xD2C0, 0xD361, 0xD39A, 0xD37F, 0xD33B, 
	0xD2DC, 0xD273, 0xD211, 0xD1C6, 0xD19C, 0xD186, 0xD172, 0xD14C, 0xD103, 
	0xD082, 0xCFAF, 0xCE82, 0xCD04, 0xCB41, 0xC942, 0x4712, 0x44BB, 0x4247, 
	0x3FC1, 0x3D34, 0x3AA9, 0x382A, 0x35C3, 0x337E, 0x3165, 0x2F82, 0x2DDF, 
	0x2C88, 0x2B85, 0x2AE3, 0xFFFF, 0xFFFF, 0x0000, 0xFFFF, 0xFFFF, 0x0000, 
	0x0000, 0x0000, 0x0000, 0xFFFF, 0xFFFF, 0xFFFF, 0x0000, 0x0000, 0xFFFF, 
	0x0000, 0xFFFF, 0xFFFF, 0xFFFF, 0x0000, 0x0000, 0x0000, 0x0000, 0x0000, 
	0x0000, 0x0000, 0x0000, 0x0000, 0x0000, 0xFFFF, 0x0000, 0xFFFF, 0x0000, 
	0x0000, 0x0000, 0x0000, 0x0000, 0x0000, 0xFFFF, 0xFFFF, 0xFFFF, 0xFFFF, 
	0xFFFF, 0xFFFF, 0xFFFF, 0xFFFF, 0xFFFF, 0xFFFF, 0xFFFF, 0xFFFF, 0xFFFF, 
	0xFFFF, 0xFFFF, 0xFFFF, 0xFFFF, 0xFFFF, 0xFFFF, 0x0000, 0x0000, 0x0000, 
	0x0000, 0x0000, 0x0000, 0x0000, 0x0000, 0xFFFF, 0x0000, 0xFFFF, 0x0000, 
	0xFFFF, 0xFFFF, 0x0000, 0x0000, 0xFFFF, 0x0000, 0x0000, 0xFFFF, 0xFFFF, 
	0x0000, 0xFFFF, 0xFFFF, 0x0000, 0x0000, 0xFFFF, 0x0000, 0xFFFF, 0xFFFF, 
	0x0000, 0xFFFF, 0x0000, 0x0000, 0x0000, 0x0000, 0x0000, 0xFFFF, 0xFFFF, 
	0x0000, 0xFFFF, 0x0000, 0xFFFF, 0xFFFF, 0xFFFF, 0xFFFF, 0x0000, 0xFFFF, 
	0xFFFF, 0xFFFF, 0x0000, 0x0000, 0xFFFF, 0x0000, 0xFFFF, 0xFFFF, 0x0000, 
	0xFFFF, 0xFFFF, 0x0000, 0x0000, 0xFFFF, 0x0000, 0xFFFF, 0x0000, 0x0000, 
	0x0000, 0xFFFF, 0xFFFF, 0x0000, 0x0000, 0xFFFF, 0xFFFF, 0xFFFF, 0x0000, 
	0xFFFF, 0x0000, 0xFFFF, 0xFFFF, 0x0000, 0x0000, 0xFFFF, 0x0000, 0x0000, 
	0xFFFF, 0xFFFF, 0x0000, 0x0000, 0xFFFF, 0xFFFF, 0xFFFF, 0xFFFF, 0xFFFF, 
	0xFFFF, 0xFFFF, 0xFFFF, 0xFFFF, 0xFFFF, 0xFFFF, 0xFFFF, 0xFFFF, 0xFFFF, 
	0xFFFF, 0xFFFF, 0xFFFF, 0xFFFF, 0xFFFF, 0xFFFF, 0xFFFF, 0xFFFF, 0xFFFF, 
	0xFFFF, 0xFFFF, 0x0000, 0xFFFF, 0x0000, 0x0000, 0x0000, 0xFFFF, 0x0000, 
	0xDC71, 0xDC4B, 0xDBDF, 0xDB36, 0xDA57, 0xD94B, 0xD819, 0xD6CB, 0xD569, 
	0xD3F9, 0xD286, 0xD117, 0xCFB5, 0xCE66, 0xCD32, 0xCC0D, 0xCAEC, 0xC9C1, 
	0xC880, 0xC71C, 0xC590, 0xC3FA, 0xC27E, 0xC141, 0xC067, 0xC016, 0xC035, 
	0xC089, 0xC109, 0xC1AC, 0xC268, 0xC332, 0xC401, 0xC4CB, 0xC586, 0xC629, 
	0xC6A9, 0xC6FD, 0xC71C, 0xC70D, 0xC6E4, 0xC6A3, 0xC64D, 0xC5E6, 0xC571, 
	0xC4F1, 0xC468, 0xC3DB, 0xC34D, 0xC2C0, 0xC238, 0xC1B7, 0xC142, 0xC0DB, 
	0xC085, 0xC044, 0xC01B, 0xC00C, 0xC05C, 0xC133, 0xC26F, 0xC3EC, 0xC587, 
	0xC71C, 0xC88F, 0xC9DF, 0xCB14, 0xCC35, 0xCD46, 0xCE50, 0xCF58, 0xD05D, 
	0xD15F, 0xD25C, 0xD354, 0xD446, 0xD530, 0xD611, 0xD6E8, 0xD7B4, 0xD875, 
	0xD928, 0xD9CD, 0xDA62, 0xDAE7, 0xDB5B, 0xDBBC, 0xDC0A, 0xDC42, 0xDC65, 
	0x471C, 0x472F, 0x4766, 0x47BC, 0x482B, 0x48AF, 0x4943, 0x49E3, 0x4A89, 
	0x4B31, 0x4BD6, 0x4C73, 0x4D04, 0x4D83, 0x4DEF, 0x4E54, 0x4EC1, 0x4F47, 
	0x4FF4, 0x50D7, 0x51F8, 0x5339, 0x5475, 0x5585, 0x5644, 0x568C, 0x560A, 
	0x54A1, 0x527A, 0x4FBF, 0x4C9C, 0x4939, 0x45C1, 0x425E, 0x3F3A, 0x3C7F, 
	0x3A58, 0x38EF, 0x386D, 0x38AB, 0x395C, 0x3A73, 0x3BE2, 0x3D9C, 0x3F92, 
	0x41B8, 0x4400, 0x465C, 0x48BF, 0x4B1B, 0x4D63, 0x4F88, 0x517F, 0x5338, 
	0x54A7, 0x55BE, 0x5670, 0x56AE, 0x5668, 0x55B1, 0x54AB, 0x537B, 0x5246, 
	0x512F, 0x5052, 0x4FAC, 0x4F2E, 0x4ECE, 0x4E7D, 0x4E2F, 0x4DDB, 0x4D7E, 
	0x4D1A, 0x4CB1, 0x4C44, 0x4BD3, 0x4B61, 0x4AEE, 0x4A7B, 0x4A0B, 0x499D, 
	0x4935, 0x48D1, 0x4875, 0x4821, 0x47D7, 0x4797, 0x4763, 0x473D, 0x4724, 
	0x1555, 0x155F, 0x157E, 0x15B0, 0x15F6, 0x1650, 0x16BD, 0x173D, 0x17CF, 
	0x1874, 0x192B, 0x19F4, 0x1ACF, 0x1BBC, 0x1CBA, 0x1DCC, 0x1EF4, 0x2036, 
	0x2192, 0x230D, 0x24A2, 0x2637, 0x27AC, 0x28DE, 0x29AE, 0x29FA, 0x29F0, 
	0x29D1, 0x29A3, 0x2969, 0x2926, 0x28DE, 0x2894, 0x284B, 0x2808, 0x27CE, 
	0x27A0, 0x2782, 0x2777, 0x277C, 0x278B, 0x27A3, 0x27C2, 0x27E8, 0x2812, 
	0x2841, 0x2873, 0x28A6, 0x28DA, 0x290D, 0x293F, 0x296D, 0x2998, 0x29BD, 
	0x29DC, 0x29F4, 0x2A03, 0x2A08, 0x29BD, 0x28F2, 0x27C7, 0x265C, 0x24D2, 
	0x234A, 0x21DF, 0x2093, 0x1F64, 0x1E4F, 0x1D51, 0x1C68, 0x1B92, 0x1ACC, 
	0x1A17, 0x1972, 0x18DC, 0x1855, 0x17DB, 0x176F, 0x170F, 0x16BA, 0x1671, 
	0x1631, 0x15FC, 0x15CF, 0x15AB, 0x158E, 0x1577, 0x1567, 0x155D, 0x1557, 
	0xF554, 0xF571, 0xF5C1, 0xF63F, 0xF6E2, 0xF7A6, 0xF881, 0xF96F, 0xFA67, 
	0xFB63, 0xFC5B, 0xFD4A, 0xFE28, 0xFEEE, 0xFF9A, 0x003B, 0x00E1, 0x01A1, 
	0x028D, 0x03B7, 0x0528, 0x06BC, 0x0846, 0x0998, 0x0A84, 0x0ADD, 0x0A43, 
	0x0898, 0x060B, 0x02D1, 0xFF18, 0xFB16, 0xF6FB, 0xF2F9, 0xEF42, 0xEC07, 
	0xE97B, 0xE7CF, 0xE735, 0xE77F, 0xE851, 0xE99B, 0xEB4D, 0xED58, 0xEFAB, 
	0xF236, 0xF4EA, 0xF7B5, 0xFA88, 0xFD53, 0x0008, 0x0293, 0x04E6, 0x06F1, 
	0x08A3, 0x09ED, 0x0ABF, 0x0B09, 0x0AB4, 0x09D2, 0x088F, 0x0717, 0x0594, 
	0x0432, 0x0314, 0x0233, 0x0181, 0x00F0, 0x0070, 0xFFF1, 0xFF6A, 0xFED8, 
	0xFE3E, 0xFD9C, 0xFCF5, 0xFC4B, 0xFB9E, 0xFAF2, 0xFA48, 0xF9A1, 0xF8FF, 
	0xF865, 0xF7D3, 0xF74C, 0xF6D1, 0xF664, 0xF607, 0xF5BB, 0xF583, 0xF560, 
	0x0000, 0x0E39, 0xC5E3, 0x00D0, 0x00D0, 0x00D0, 0x00D0, 0x00D0, 0x00D0, 
	0x00D0, 0x00D0, 0x00D0, 0x00D0, 0x00D0, 0x00D0, 0x00D0, 0x00D0, 0x00D0, 
	0x00D0, 0x00D1, 0x00D1, 0x00D1, 0x00D1, 0x00D1, 0x00D1, 0x00D1, 0x00D1, 
	0x00D1, 0x00D1, 0x00D1, 0x00D1, 0x00D1, 0x00D1, 0x00D1, 0x00D1, 0x00D1, 
	0x00D1, 0x00D1, 0x00D1, 0x00D1, 0x00D1, 0x00D1, 0x00D1, 0x00D1, 0x00D1, 
	0x00D0, 0xFFFF, 0xFFFF, 0xFFFF, 0xFFFF, 0xFFFF, 0xFFFF, 0xFFFF, 0xFFFF, 
	0xFFFF, 0xFFFF, 0xFFFF, 0xFFFF, 0xFFFF, 0xFFFE, 0xFFFE, 0xFFFE, 0xFFFE, 
	0xFFFE, 0xFFFE, 0xFFFE, 0xFFFE, 0xFFFE, 0xFFFE, 0xFFFE, 0xFFFE, 0xFFFE, 
	0xFFFE, 0xFFFE, 0xFFFE, 0xFFFE, 0xFFFE, 0xFFFE, 0xFFFE, 0xFFFE, 0xFFFE, 
	0xFFFE, 0xFFFE, 0xFFFE, 0xFFFE, 0xFFFE, 0xFFFE, 0xFFFE, 0xFFFE, 0xFFFE, 
	0xFFFE, 0xFFFE, 0xFFFE, 0xFFFE, 0xFFFE, 0xFFFE, 0xFFFE, 0xFFFE, 0xFFFE, 
	0xFFFE, 0xFFFE, 0xFFFE, 0xFFFE, 0xFFFE, 0xFFFE, 0xFFFE, 0xFFFE, 0xFFFE, 
	0xFFFE, 0xFFFE, 0xFFFE, 0xFFFE, 0xFFFE, 0xFFFE, 0xFFFE, 0xFFFE, 0xFFFE, 
	0xFFFE, 0xFFFF, 0xFFFF, 0xFFFF, 0xFFFF, 0xFFFF, 0xFFFF, 0xFFFF, 0xFFFF, 
	0xFFFF, 0xFFFF, 0x0000, 0xCE22, 0xCDE2, 0xCD29, 0xCC00, 0xCA6F, 0xC880, 
	0xC63B, 0xC3AA, 0xC0D5, 0xBDC6, 0xBA85, 0xB71C, 0xB394, 0xAFF5, 0xAC48, 
	0xA897, 0xA4EB, 0xA14C, 0x9DC3, 0x9A5A, 0x971A, 0x940B, 0x9136, 0x8EA5, 
	0x8C60, 0x8A71, 0x88E0, 0x87B6, 0x86FD, 0x86BE, 0x8701, 0x87C0, 0x88E7, 
	0x8A60, 0x8C1A, 0x8E00, 0x9000, 0x9204, 0x93FA, 0x95D1, 0x978A, 0x9926, 
	0x9AA8, 0x9C13, 0x9D6A, 0x9EAF, 0x9FE6, 0xA112, 0xA234, 0xA34F, 0xA467, 
	0xA57F, 0xA698, 0xA7B6, 0xA8DB, 0xAA0B, 0xAB48, 0xAC94, 0xADF3, 0xAF62, 
	0xB0E0, 0xB26C, 0xB403, 0xB5A4, 0xB74D, 0xB8FD, 0xBAB1, 0xBC68, 0xBE1F, 
	0xBFD6, 0xC18B, 0xC33B, 0xC4E6, 0xC689, 0xC822, 0xC9B0, 0xCB31, 0xCCA3, 
	0xCE05, 0xCF55, 0xD091, 0xD1B7, 0xD2C5, 0xD3BA, 0xD494, 0xD552, 0xD5F1, 
	0xD66F, 0xD6CC, 0xD705, 0x0000, 0x0000, 0x0000, 0x0000, 0x0000, 0xFFFF, 
	0xFFFF, 0xFFFF, 0xFFFF, 0xFFFF, 0x0000, 0xFFFF, 0xFFFF, 0x0000, 0xFFFF, 
	0x0000, 0x0000, 0xFFFF, 0xFFFF, 0x0000, 0x0000, 0xFFFF, 0x0000, 0x0000, 
	0xFFFF, 0xFFFF, 0x0000, 0xFFFF, 0xFFFF, 0x0000, 0x0000, 0xFFFF, 0x0000, 
	0xFFFF, 0xFFFF, 0xFFFF, 0x0000, 0xFFFF, 0xFFFF, 0xFFFF, 0xFFFF, 0xFFFF, 
	0x0000, 0x0000, 0x0000, 0x0000, 0x0000, 0xFFFF, 0xFFFF, 0xFFFF, 0x0000, 
	0xFFFF, 0x0000, 0xFFFF, 0x0000, 0x0000, 0xFFFF, 0x0000, 0xFFFF, 0xFFFF, 
	0xFFFF, 0x0000, 0xFFFF, 0xFFFF, 0x0000, 0x0000, 0xFFFF, 0x0000, 0x0000, 
	0xFFFF, 0xFFFF, 0x0000, 0xFFFF, 0x0000, 0x0000, 0xFFFF, 0x0000, 0xFFFF, 
	0x0000, 0x0000, 0xFFFF, 0xFFFF, 0x0000, 0x0000, 0xFFFF, 0x0000, 0x0000, 
	0xFFFF, 0x0000, 0x0000, 0x0000, 0x0000, 0x0000, 0x0000, 0xFFFF, 0x0000, 
	0xFFFF, 0xFFFF, 0x0000, 0xFFFF, 0x0000, 0x0000, 0x0000, 0x0000, 0x0000, 
	0xFFFF, 0x0000, 0xFFFF, 0xFFFF, 0x0000, 0x0000, 0x0000, 0x0000, 0xFFFF, 
	0x0000, 0x0000, 0xFFFF, 0xFFFF, 0xFFFF, 0xFFFF, 0x0000, 0x0000, 0x0000, 
	0xFFFF, 0x0000, 0xFFFF, 0xFFFF, 0xFFFF, 0xFFFF, 0xFFFF, 0xFFFF, 0xFFFF, 
	0x0000, 0xFFFF, 0xFFFF, 0xFFFF, 0xFFFF, 0xFFFF, 0xFFFF, 0xFFFF, 0x0000, 
	0xFFFF, 0xFFFF, 0xFFFF, 0x0000, 0x0000, 0x0000, 0x0000, 0x0000, 0xFFFF, 
	0xFFFF, 0x0000, 0x0000, 0x0000, 0x0000, 0xFFFF, 0xFFFF, 0x0000, 0x0000, 
	0x0000, 0x0000, 0x0000, 0x0000, 0xFFFF, 0xFFFF, 0x0000, 0xFFFF, 0x0000, 
	0xFFFF, 0x0000, 0x0000, 0x0000, 0x0000, 0xFFFF, 0x0000, 0xFFFF, 0x0000, 
	0xFFFF, 0x0000, 0x3C70, 0x3CE6, 0x3E1E, 0x3FD9, 0x40A1, 0x40EF, 0x41D7, 
	0x43D8, 0x459C, 0x46E4, 0x4770, 0x4793, 0x47C1, 0x47DE, 0x47ED, 0x47FD, 
	0x480B, 0x480F, 0x47EB, 0x4793, 0x46FA, 0x4614, 0x459F, 0x44D4, 0x432D, 
	0x4236, 0x4113, 0x3E79, 0x3A5E, 0x343D, 0x2CC6, 0x28C7, 0x24AC, 0x1C9C, 
	0x1549, 0x1225, 0x0F62, 0x0B97, 0x0CE3, 0x132E, 0x1755, 0x1A8E, 0x1F1A, 
	0x20D2, 0x2255, 0x2318, 0x23A7, 0x24CC, 0x25CA, 0x263F, 0x26A4, 0x275E, 
	0x27FD, 0x2885, 0x28FB, 0x2930, 0x2963, 0x29C2, 0x29F3, 0x2A1A, 0x2A4E, 
	0x2A43, 0x2A06, 0x29A4, 0x292C, 0x28DB, 0x28A9, 0x2878, 0x282A, 0x27BA, 
	0x2769, 0x2742, 0x2752, 0x27A8, 0x2852, 0x289C, 0x28C2, 0x294B, 0x2A82, 
	0x2BE8, 0x2D6C, 0x2EFF, 0x3090, 0x3210, 0x32F3, 0x336E, 0x33E8, 0x349A, 
	0x3585, 0x361D, 0xFFFF, 0xFFFF, 0x0000, 0xFFFF, 0x0000, 0xFFFF, 0xFFFF, 
	0x0000, 0xFFFF, 0xFFFF, 0x0000, 0x0000, 0x0000, 0xFFFF, 0xFFFF, 0x0000, 
	0x0000, 0xFFFF, 0x0000, 0x0000, 0x0000, 0xFFFF, 0xFFFF, 0xFFFF, 0x0000, 
	0x0000, 0x0000, 0x0000, 0xFFFF, 0x0000, 0x0000, 0xFFFF, 0xFFFF, 0xFFFF, 
	0x0000, 0x0000, 0x0000, 0x0000, 0x0000, 0xFFFF, 0x0000, 0xFFFF, 0x0000, 
	0xFFFF, 0xFFFF, 0xFFFF, 0xFFFF, 0xFFFF, 0xFFFF, 0xFFFF, 0x0000, 0x0000, 
	0xFFFF, 0x0000, 0x0000, 0xFFFF, 0x0000, 0xFFFF, 0xFFFF, 0x0000, 0x0000, 
	0xFFFF, 0xFFFF, 0x0000, 0x0000, 0xFFFF, 0x0000, 0xFFFF, 0x0000, 0xFFFF, 
	0x0000, 0xFFFF, 0x0000, 0xFFFF, 0x0000, 0xFFFF, 0x0000, 0xFFFF, 0x0000, 
	0xFFFF, 0x0000, 0xFFFF, 0xFFFF, 0xFFFF, 0xFFFF, 0x0000, 0xFFFF, 0x0000, 
	0x0000, 0xFFFF, 0x0000, 0xFFFF, 0x0000, 0xFFFF, 0xFFFF, 0xFFFF, 0x0000, 
	0xFFFF, 0x0000, 0x0000, 0xFFFF, 0x0000, 0x0000, 0xFFFF, 0xFFFF, 0x0000, 
	0xFFFF, 0xFFFF, 0xFFFF, 0x0000, 0x0000, 0x0000, 0x0000, 0x0000, 0xFFFF, 
	0x0000, 0xFFFF, 0x0000, 0xFFFF, 0x0000, 0xFFFF, 0xFFFF, 0x0000, 0x0000, 
	0xFFFF, 0x0000, 0x0000, 0x0000, 0xFFFF, 0xFFFF, 0x0000, 0x0000, 0xFFFF, 
	0xFFFF, 0x0000, 0x0000, 0x0000, 0x0000, 0x0000, 0x0000, 0xFFFF, 0xFFFF, 
	0xFFFF, 0x0000, 0x0000, 0x0000, 0xFFFF, 0xFFFF, 0x0000, 0x0000, 0xFFFF, 
	0xFFFF, 0x0000, 0x0000, 0x0000, 0xFFFF, 0x0000, 0xFFFF, 0xFFFF, 0xFFFF, 
	0x0000, 0x0000, 0x0000, 0x0000, 0x0000, 0x0000, 0x0000, 0x0000, 0xFFFF, 
	0xFFFF, 0x0000, 0x0000, 0xFFFF, 0x0000, 0xFFFF, 0xFFFF, 0x0000, 0xD749, 
	0xD6C5, 0xD560, 0xD35A, 0xD273, 0xD215, 0xD0F0, 0xCE60, 0xCBE8, 0xC9C5, 
	0xC836, 0xC709, 0xC5E6, 0xC533, 0xC4CF, 0xC46B, 0xC3C6, 0xC2CE, 0xC1E9, 
	0xC119, 0xC060, 0xBFC0, 0xBF76, 0xBF3C, 0xBED7, 0xBEA9, 0xBE91, 0xBE6F, 
	0xBE8E, 0xBF01, 0xBFB7, 0xC020, 0xC09E, 0xC1A5, 0xC2BA, 0xC345, 0xC3CC, 
	0xC4C9, 0xC5A1, 0xC641, 0xC68A, 0xC698, 0xC695, 0xC621, 0xC540, 0xC4BB, 
	0xC40B, 0xC296, 0xC0F9, 0xC026, 0xBF4B, 0xBDA3, 0xBC17, 0xBABE, 0xB9B0, 
	0xB938, 0xB901, 0xB8CB, 0xB8D6, 0xB923, 0xBA29, 0xBBD8, 0xBE13, 0xC0BB, 
	0xC3B1, 0xC5A5, 0xC6D6, 0xC808, 0xCA0C, 0xCD33, 0xD02E, 0xD2DE, 0xD524, 
	0xD6E1, 0xD833, 0xD8C0, 0xD8EB, 0xD951, 0xDA3F, 0xDB01, 0xDB9B, 0xDC12, 
	0xDC6C, 0xDCAB, 0xDCC9, 0xDCD4, 0xDCE0, 0xDCED, 0xDCF9, 0xDCFD, 0xFFFF, 
	0xF1C6, 0xBF5E, 0x0068, 0x0000, 0xFFF4, 0xFFD4, 0xFFA7, 0xFF94, 0xFF8B, 
	0xFF72, 0xFF3B, 0xFF08, 0xFEE0, 0xFEC7, 0xFEBA, 0xFEB1, 0xFEAD, 0xFEAC, 
	0xFEAB, 0xFEAA, 0xFEAA, 0xFEAD, 0xFEB0, 0xFEB5, 0xFEBA, 0xFEBD, 0xFEBF, 
	0xFEC3, 0xFEC5, 0xFEC6, 0xFEC7, 0x8B50, 0x8C33, 0x8E99, 0x921E, 0x93B0, 
	0x9455, 0x9660, 0x9AFB, 0x9F8D, 0xA3B1, 0xA705, 0xA9BE, 0xAC56, 0xADED, 
	0xAED1, 0xAFB7, 0xB136, 0xB387, 0xB5CA, 0xB803, 0xBA37, 0xBC6B, 0xBD78, 
	0xBEA3, 0xC0E4, 0xC215, 0xC333, 0xC593, 0xC830, 0xCB14, 0xCE18, 0xCFA2, 
	0xD113, 0xD3DD, 0xD64D, 0xD752, 0xD83B, 0xD97F, 0xD909, 0xD6A5, 0xD50F, 
	0xD373, 0xD094, 0xCE4A, 0xCC14, 0xCAF6, 0xC9EA, 0xC7C5, 0xC59C, 0xC48A, 
	0xC368, 0xC120, 0xBEBD, 0xBC37, 0xB946, 0xB7BB, 0xB5F5, 0xB2B6, 0xB11A, 
	0xAFFC, 0xADAA, 0xAB5B, 0xA90F, 0xA6C6, 0xA482, 0xA317, 0xA244, 0xA171, 
	0xA00C, 0x9DDD, 0x9BB6, 0x9999, 0x9786, 0x9580, 0x9366, 0x9280, 0x922A, 
	0x9121, 0x8EC1, 0x8C54, 0x89EA, 0x8790, 0x8557, 0x834D, 0x8220, 0x8180, 
	0x80E3, 0x8001, 0x7EDC, 0x7E21, 0xFFFF, 0xFFFF, 0x0000, 0xFFFF, 0x0000, 
	0x0000, 0xFFFF, 0x0000, 0xFFFF, 0x0000, 0x0000, 0xFFFF, 0xFFFF, 0xFFFF, 
	0x0000, 0x0000, 0x0000, 0xFFFF, 0x0000, 0xFFFF, 0x0000, 0x0000, 0x0000, 
	0xFFFF, 0x0000, 0x0000, 0xFFFF, 0xFFFF, 0xFFFF, 0x0000, 0x0000, 0xFFFF, 
	0xFFFF, 0xFFFF, 0xFFFF, 0xFFFF, 0x0000, 0x0000, 0x0000, 0xFFFF, 0x0000, 
	0x0000, 0xFFFF, 0xFFFF, 0xFFFF, 0x0000, 0xFFFF, 0xFFFF, 0x0000, 0x0000, 
	0x0000, 0x0000, 0x0000, 0x0000, 0xFFFF, 0xFFFF, 0x0000, 0xFFFF, 0x0000, 
	0x0000, 0x0000, 0xFFFF, 0x0000, 0x0000, 0x0000, 0xFFFF, 0xFFFF, 0x0000, 
	0x0000, 0xFFFF, 0x0000, 0xFFFF, 0x0000, 0xFFFF, 0x0000, 0xFFFF, 0xFFFF, 
	0xFFFF, 0x0000, 0x0000, 0x0000, 0x0000, 0x0000, 0xFFFF, 0xFFFF, 0x0000, 
	0xFFFF, 0xFFFF, 0x0000, 0xFFFF, 0xFFFF, 0xFFFF, 0x0000, 0xFFFF, 0xFFFF, 
	0x0000, 0x0000, 0x0000, 0xFFFF, 0xFFFF, 0xFFFF, 0xFFFF, 0xFFFF, 0xFFFF, 
	0xFFFF, 0xFFFF, 0x0000, 0xFFFF, 0xFFFF, 0xFFFF, 0x0000, 0x0000, 0x0000, 
	0x0000, 0x0000, 0x0000, 0xFFFF, 0x0000, 0x0000, 0x0000, 0x0000, 0x0000, 
	0x0000, 0x0000, 0x0000, 0xFFFF, 0xFFFF, 0x0000, 0x0000, 0x0000, 0x0000, 
	0xFFFF, 0xFFFF, 0xFFFF, 0x0000, 0x0000, 0x0000, 0x0000, 0x0000, 0x0000, 
	0xFFFF, 0x0000, 0x0000, 0x0000, 0x0000, 0xFFFF, 0x0000, 0x0000, 0x0000, 
	0x0000, 0x0000, 0x0000, 0x0000, 0x0000, 0x0000, 0x0000, 0xFFFF, 0x0000, 
	0x0000, 0x0000, 0x0000, 0x0000, 0x0000, 0xFFFF, 0x0000, 0x0000, 0x0000, 
	0xFFFF, 0xFFFF, 0x0000, 0xFFFF, 0x0000, 0xFFFF, 0xFFFF, 0x0000, 0xFFFF, 
	0xFFFF, 0x0000, 0x1B99, 0x1BF7, 0x1CF1, 0x1E56, 0x1EF7, 0x1F37, 0x1FF5, 
	0x219B, 0x2317, 0x2439, 0x24CE, 0x24E3, 0x24AF, 0x2470, 0x243F, 0x240C, 
	0x23A6, 0x22F1, 0x2230, 0x2173, 0x20CA, 0x2043, 0x2006, 0x1FEF, 0x1FDC, 
	0x1FE4, 0x201B, 0x20BB, 0x220F, 0x2439, 0x2700, 0x2884, 0x2A2A, 0x2D7E, 
	0x30C2, 0x3259, 0x33BE, 0x3638, 0x3816, 0x3981, 0x3A23, 0x3AA1, 0x3B9F, 
	0x3C9D, 0x3D9F, 0x3E22, 0x3EA1, 0x3FA1, 0x409D, 0x4118, 0x4191, 0x427C, 
	0x435B, 0x442A, 0x44E8, 0x4541, 0x4592, 0x4625, 0x466A, 0x469F, 0x471F, 
	0x47BC, 0x4866, 0x490C, 0x499F, 0x49EA, 0x4A0E, 0x4A34, 0x4A49, 0x4A41, 
	0x49E5, 0x4924, 0x47F0, 0x4637, 0x43AC, 0x4293, 0x420D, 0x402F, 0x3BF2, 
	0x3728, 0x3206, 0x2CBE, 0x2784, 0x228B, 0x1F9D, 0x1E07, 0x1C74, 0x1A2A, 
	0x1728, 0x1534, 0x0000, 0xFFFF, 0xFFFF, 0x0000, 0x0000, 0x0000, 0x0000, 
	0x0000, 0xFFFF, 0x0000, 0x0000, 0x0000, 0xFFFF, 0xFFFF, 0x0000, 0xFFFF, 
	0x0000, 0xFFFF, 0xFFFF, 0x0000, 0xFFFF, 0xFFFF, 0x0000, 0xFFFF, 0x0000, 
	0x0000, 0xFFFF, 0x0000, 0x0000, 0x0000, 0xFFFF, 0x0000, 0xFFFF, 0x0000, 
	0xFFFF, 0xFFFF, 0xFFFF, 0xFFFF, 0xFFFF, 0x0000, 0x0000, 0x0000, 0xFFFF, 
	0xFFFF, 0xFFFF, 0xFFFF, 0xFFFF, 0x0000, 0x0000, 0x0000, 0x0000, 0xFFFF, 
	0xFFFF, 0x0000, 0xFFFF, 0xFFFF, 0xFFFF, 0x0000, 0xFFFF, 0xFFFF, 0xFFFF, 
	0xFFFF, 0xFFFF, 0xFFFF, 0xFFFF, 0xFFFF, 0x0000, 0x0000, 0xFFFF, 0xFFFF, 
	0x0000, 0x0000, 0x0000, 0x0000, 0xFFFF, 0xFFFF, 0xFFFF, 0xFFFF, 0xFFFF, 
	0x0000, 0x0000, 0x0000, 0x0000, 0x0000, 0xFFFF, 0xFFFF, 0xFFFF, 0xFFFF, 
	0xFFFF, 0x0000, 0x0000, 0xFFFF, 0x0000, 0xFFFF, 0xFFFF, 0xFFFF, 0xFFFF, 
	0x0000, 0x0000, 0x0000, 0xFFFF, 0xFFFF, 0x0000, 0xFFFF, 0xFFFF, 0x0000, 
	0x0000, 0xFFFF, 0xFFFF, 0xFFFF, 0x0000, 0xFFFF, 0x0000, 0x0000, 0x0000, 
	0xFFFF, 0xFFFF, 0x0000, 0x0000, 0x0000, 0xFFFF, 0x0000, 0x0000, 0xFFFF, 
	0xFFFF, 0x0000, 0xFFFF, 0xFFFF, 0x0000, 0xFFFF, 0x0000, 0xFFFF, 0xFFFF, 
	0xFFFF, 0x0000, 0x0000, 0xFFFF, 0xFFFF, 0xFFFF, 0xFFFF, 0x0000, 0xFFFF, 
	0xFFFF, 0xFFFF, 0xFFFF, 0xFFFF, 0xFFFF, 0xFFFF, 0xFFFF, 0xFFFF, 0xFFFF, 
	0x0000, 0xFFFF, 0x0000, 0xFFFF, 0x0000, 0xFFFF, 0xFFFF, 0x0000, 0xFFFF, 
	0xFFFF, 0xFFFF, 0x0000, 0xFFFF, 0x0000, 0x0000, 0xFFFF, 0xFFFF, 0xFFFF, 
	0xFFFF, 0xFFFF, 0x0000, 0x0000, 0xFFFF, 0x0000, 0x0000, 0xFFFF, 0xFFFF, 
	0x0000, 0xC352, 0xC360, 0xC388, 0xC3CA, 0xC3E6, 0xC3F4, 0xC427, 0xC49D, 
	0xC52C, 0xC5D4, 0xC695, 0xC76D, 0xC859, 0xC8F6, 0xC957, 0xC9B8, 0xCA62, 
	0xCB77, 0xCC94, 0xCDB4, 0xCED4, 0xCFF2, 0xD07B, 0xD109, 0xD216, 0xD2A2, 
	0xD317, 0xD407, 0xD4E3, 0xD5AC, 0xD665, 0xD6BF, 0xD70F, 0xD7AF, 0xD846, 
	0xD894, 0xD8D8, 0xD966, 0xDA6D, 0xDBB6, 0xDC2B, 0xDC3B, 0xDAF4, 0xD825, 
	0xD4D5, 0xD310, 0xD120, 0xCD24, 0xC8FE, 0xC6EA, 0xC4CA, 0xC0A5, 0xBCAC, 
	0xB8FD, 0xB5B3, 0xB429, 0xB2ED, 0xB0C6, 0xAFC5, 0xAF5C, 0xAED0, 0xAF1A, 
	0xB017, 0xB1A3, 0xB39C, 0xB4FC, 0xB5DD, 0xB6C0, 0xB845, 0xBAAF, 0xBCF8, 
	0xBEFE, 0xC09D, 0xC1B1, 0xC25B, 0xC2A0, 0xC2B3, 0xC2D7, 0xC329, 0xC357, 
	0xC369, 0xC362, 0xC349, 0xC325, 0xC30B, 0xC2F9, 0xC2E9, 0xC2CE, 0xC2A7, 
	0xC28C, 
	},{ 
	0x0001, 0x0000, 0x005A, 0x0001, 0x0001, 0x005B, 0x0001, 0x005C, 0x0001, 
	0x005D, 0x0001, 0x005E, 0x0001, 0x005F, 0x0001, 0x0060, 0x0001, 0x0061, 
	0x005A, 0x0062, 0x005A, 0x00BC, 0x005A, 0x0116, 0x005A, 0x0170, 0x005A, 
	0x01CA, 0x005A, 0x0224, 0x0001, 0x027E, 0x0001, 0x027F, 0x0001, 0x0280, 
	0x005A, 0x0281, 0x005A, 0x02DB, 0x005A, 0x0335, 0x0052, 0x038F, 0x0057, 
	0x03E1, 0x005A, 0x0438, 0x005A, 0x0492, 0x005A, 0x04EC, 0x005A, 0x0546, 
	0x0001, 0x05A0, 0x0001, 0x05A1, 0x0001, 0x05A2, 0x005A, 0x05A3, 0x005A, 
	0x05FD, 0x005A, 0x0657, 0x005A, 0x06B1, 0x0057, 0x070B, 0x005A, 0x0762, 
	0x005A, 0x07BC, 0x005A, 0x0816, 0x005A, 0x0870, 0x0001, 0x08CA, 0x0001, 
	0x08CB, 0x0001, 0x08CC, 0x002B, 0x08CD, 0x0053, 0x08F8, 0x005A, 0x094B, 
	0x0059, 0x09A5, 0x005A, 0x09FE, 0x005A, 0x0A58, 0x0057, 0x0AB2, 0x005A, 
	0x0B09, 0x005A, 0x0B63, 0x0001, 0x0BBD, 0x0001, 0x0BBE, 0x0001, 0x0BBF, 
	0x0001, 0x0BC0, 0x001C, 0x0BC1, 0x005A, 0x0BDD, 0x0059, 0x0C37, 0x0059, 
	0x0C90, 0x005A, 0x0CE9, 0x005A, 0x0D43, 0x0059, 0x0D9D, 0x005A, 0x0DF6, 
});
smlua_anim_util_register_animation('JWAR_SINGLE_JUMP',1, 0, 0, 0, 20, { 
	0x0000, 0x009E, 0x009F, 0x00A1, 0x00A5, 0x00A9, 0x00AF, 0x00B5, 0x00BB, 
	0x00C0, 0x00C6, 0x00CB, 0x00CF, 0x00D3, 0x00D5, 0x00D7, 0x00D9, 0x00DA, 
	0x00DA, 0x00DB, 0x0000, 0x0000, 0x3FFF, 0x0000, 0x0000, 0xFFFF, 0x4000, 
	0x0000, 0x0000, 0x0000, 0x0000, 0x0000, 0x0000, 0x0000, 0x0000, 0x0000, 
	0x0000, 0xFFFF, 0x0000, 0x0000, 0x0000, 0x0000, 0x0000, 0x0000, 0x0000, 
	0x0000, 0x0000, 0x0000, 0xFFFF, 0x1658, 0x15E6, 0x14AE, 0x12DE, 0x10A1, 
	0x0E25, 0x0B97, 0x0924, 0x06F9, 0x0543, 0x042F, 0x038D, 0x030B, 0x02A5, 
	0x0259, 0x0222, 0x01FE, 0x01E8, 0x01DC, 0x01D8, 0x01D7, 0x0073, 0x0075, 
	0x0077, 0x007A, 0x007C, 0x007D, 0x007D, 0x007E, 0x007E, 0x007E, 0x007E, 
	0x007E, 0x007E, 0x007D, 0x007D, 0x007D, 0x007D, 0x007C, 0x0033, 0x002E, 
	0x0024, 0x0018, 0x0011, 0x000D, 0x000B, 0x000A, 0x0009, 0x0009, 0x0009, 
	0x0009, 0x000A, 0x000C, 0x000E, 0x000F, 0x0011, 0x0013, 0x0015, 0x0016, 
	0xF5ED, 0xF777, 0xFAFC, 0xFED2, 0x0155, 0x026A, 0x0324, 0x0395, 0x03CF, 
	0x03E4, 0x03E7, 0x03C8, 0x0375, 0x02FA, 0x0264, 0x01C2, 0x011F, 0x008A, 
	0x000F, 0xFFBB, 0xFF9C, 0xFFFE, 0x0001, 0xC170, 0xCB83, 0xCE39, 0xD597, 
	0xE07C, 0xEDC4, 0xFC4B, 0x0AEE, 0x188A, 0x23FC, 0x2C1F, 0x2FD2, 0x30B7, 
	0x3141, 0x3188, 0x31A3, 0x31A6, 0xAA6D, 0xAA9B, 0xAB17, 0xABCE, 0xACAD, 
	0xAD9F, 0xAE92, 0xAF70, 0xB028, 0xB0A4, 0xB0D2, 0xB09E, 0xB022, 0xAF8F, 
	0xAF13, 0xAEE0, 0x1C43, 0x1A04, 0x13EC, 0x0AF1, 0x000A, 0xF42B, 0xE84D, 
	0xDD66, 0xD46B, 0xCE53, 0xCC14, 0xCC15, 0xCC18, 0xCC1C, 0xCC1E, 0xCC20, 
	0x0000, 0x0000, 0xD268, 0xD10B, 0xCE0C, 0xCB0C, 0xC9AF, 0xC9C8, 0xCA10, 
	0xCA7E, 0xCB0E, 0xCBB8, 0xCC75, 0xCD40, 0xCE11, 0xCEE3, 0xCFAD, 0xD06B, 
	0xD115, 0xD1A4, 0xD213, 0xD25A, 0xD274, 0xAB8A, 0xAA28, 0xA71E, 0xA413, 
	0xA2B1, 0xA347, 0xA4C4, 0xA6BE, 0xA8CE, 0xAA8A, 0xAB8A, 0xABFD, 0xAC59, 
	0xACA1, 0xACD7, 0xACFE, 0xAD18, 0xAD27, 0xAD2F, 0xAD32, 0xAD33, 0xD853, 
	0xD792, 0xD5E9, 0xD440, 0xD37F, 0xD3C2, 0xD472, 0xD565, 0xD677, 0xD77E, 
	0xD853, 0xD8F2, 0xD971, 0xD9D5, 0xDA1F, 0xDA54, 0xDA78, 0xDA8E, 0xDA99, 
	0xDA9D, 0xDA9E, 0x0846, 0x077E, 0x05C7, 0x0410, 0x0348, 0x03A7, 0x0494, 
	0x05C7, 0x06FB, 0x07E7, 0x0846, 0x0837, 0x080F, 0x07D5, 0x078E, 0x0740, 
	0x06F3, 0x06AC, 0x0671, 0x0649, 0x063A, 0xFFFE, 0x0001, 0xC170, 0x361E, 
	0x3356, 0x2BC4, 0x2093, 0x12F0, 0x0406, 0xF4FE, 0xE707, 0xDB4A, 0xD2F3, 
	0xCF2D, 0xCE49, 0xCDBE, 0xCD77, 0xCD5C, 0xCD59, 0x562B, 0x55F2, 0x5557, 
	0x5473, 0x535E, 0x5231, 0x5104, 0x4FEF, 0x4F0B, 0x4E70, 0x4E38, 0x4E6C, 
	0x4EE9, 0x4F7E, 0x4FFA, 0x502F, 0x1EA0, 0x1C50, 0x160B, 0x0CCD, 0x0194, 
	0xF55D, 0xE927, 0xDDEE, 0xD4B0, 0xCE6A, 0xCC1B, 0xCC1D, 0xCC20, 0xCC25, 
	0xCC29, 0xCC2B, 0xFFFF, 0xFFFF, 0x0000, 0x0000, 0xFFFF, 0x0000, 0xFFFF, 
	0x0000, 0xFFFF, 0xFFFF, 0xFFFF, 0xFFFF, 0x0000, 0x0000, 0xFFFF, 0x0000, 
	0x0000, 0x0000, 0x0000, 0x0000, 0xFFFF, 0xFFFF, 0x0000, 0xDAD6, 0xD979, 
	0xD679, 0xD37A, 0xD21D, 0xD236, 0xD27E, 0xD2EC, 0xD37C, 0xD426, 0xD4E3, 
	0xD5AE, 0xD67F, 0xD751, 0xD81B, 0xD8D9, 0xD983, 0xDA12, 0xDA81, 0xDAC8, 
	0xDAE1, 0x4EC1, 0x4FB6, 0x51CE, 0x53E7, 0x54DB, 0x5470, 0x5362, 0x51FC, 
	0x508D, 0x4F60, 0x4EC1, 0x4E8A, 0x4E5E, 0x4E3B, 0x4E21, 0x4E0F, 0x4E02, 
	0x4DFB, 0x4DF7, 0x4DF5, 0x1EF4, 0x1FBA, 0x216E, 0x2322, 0x23E8, 0x23A4, 
	0x22F2, 0x21FA, 0x20E2, 0x1FD4, 0x1EF4, 0x1E4C, 0x1DC5, 0x1D5C, 0x1D0E, 
	0x1CD5, 0x1CAF, 0x1C98, 0x1C8D, 0x1C88, 0x00E1, 0xFF98, 0xFCC6, 0xF9F3, 
	0xF8AB, 0xF946, 0xFACC, 0xFCC6, 0xFEC0, 0x0046, 0x00E1, 0x00D9, 0x00C2, 
	0x009F, 0x0076, 0x0048, 0x001B, 0xFFF0, 0xFFCE, 0xFFB7, 0xFFAE, 0xFFFF, 
	0x0E39, 0xBFFF, 0x00CE, 0x00CE, 0x00CE, 0x00CE, 0x00CF, 0x00CF, 0x00CF, 
	0x00D0, 0x0023, 0x0023, 0x0021, 0x001E, 0x001B, 0x0017, 0x0014, 0x0010, 
	0x000D, 0x0009, 0x0006, 0x0003, 0x0000, 0xFFFC, 0xFFFA, 0xFFF8, 0xFFF6, 
	0xFFF5, 0xFFF4, 0xFFF3, 0x9DD3, 0x9DF5, 0x9E54, 0x9EDE, 0x9F85, 0xA03A, 
	0xA0F0, 0xA1A3, 0xA252, 0xA2FB, 0xA39D, 0xA437, 0xA4C6, 0xA54A, 0xA5C1, 
	0xA62A, 0xA682, 0xA6CA, 0xA6FF, 0xA720, 0xA72B, 0x0000, 0x0000, 0xFFFF, 
	0x0000, 0x0000, 0xFFFF, 0xFFFF, 0xFFFF, 0xFFFF, 0xFFFF, 0xFFFF, 0xFFFF, 
	0x0000, 0xFFFF, 0xFFFF, 0x0000, 0x0000, 0xFFFF, 0x2B03, 0x2D16, 0x3208, 
	0x37F0, 0x3CE2, 0x3EF5, 0x3ECD, 0x3E5C, 0x3DAE, 0x3CCD, 0x3BC6, 0x3AA2, 
	0x396D, 0x3833, 0x36FE, 0x35DA, 0x34D2, 0x33F2, 0x3343, 0x32D3, 0x32AA, 
	0xFFFF, 0x0000, 0x0000, 0x0000, 0xFFFF, 0xFFFF, 0xFFFF, 0x0000, 0xFFFF, 
	0x0000, 0x0000, 0x0000, 0xFFFF, 0x0000, 0x0000, 0x0000, 0xFFFF, 0xFFFF, 
	0xFFFF, 0xFFFF, 0x0000, 0xFFFF, 0xC5EE, 0xC60D, 0xC666, 0xC6F2, 0xC7AB, 
	0xC88B, 0xC98B, 0xCAA4, 0xCBD1, 0xCD0A, 0xCE4A, 0xCF8A, 0xD0C4, 0xD1F0, 
	0xD30A, 0xD40A, 0xD4E9, 0xD5A2, 0xD62E, 0xD687, 0xD6A6, 0x0000, 0xF1C6, 
	0xBFFF, 0x00F3, 0x00D9, 0x009C, 0x0051, 0x0010, 0xFFED, 0xFFE3, 0xFFDA, 
	0xFFD3, 0xFFCC, 0xFFC7, 0xFFC3, 0xFFBF, 0xFFBD, 0xFFBB, 0xFFB9, 0xFFB8, 
	0xFFB8, 0xFFB7, 0xFEFA, 0xFEF0, 0xFED8, 0xFEBC, 0xFEA5, 0xFE9B, 0xFE9B, 
	0xFE9B, 0xFE9C, 0xFE9C, 0xFE9D, 0xFE9D, 0xFE9E, 0xFE9F, 0xFE9F, 0xFEA0, 
	0xFEA1, 0xFEA1, 0xFEA1, 0xFEA2, 0x9EC0, 0xA1F3, 0xA9A6, 0xB303, 0xBB34, 
	0xBF62, 0xC088, 0xC188, 0xC263, 0xC31C, 0xC3B6, 0xC435, 0xC49A, 0xC4E9, 
	0xC524, 0xC54F, 0xC56B, 0xC57C, 0xC585, 0xC588, 0xC589, 0x0000, 0x0000, 
	0x0000, 0x0000, 0x0000, 0x0000, 0xFFFF, 0x0000, 0xFFFF, 0xFFFF, 0xFFFF, 
	0x0000, 0xFFFF, 0xFFFF, 0xFFFF, 0xFFFF, 0xFFFF, 0xFFFF, 0xFFFF, 0xFFFF, 
	0x0000, 0xFFFF, 0x0000, 0xFFFF, 0x0000, 0x0000, 0x0000, 0xFFFF, 0xFFFF, 
	0x0000, 0xFFFF, 0x0000, 0xFFFF, 0xFFFF, 0x0000, 0xFFFF, 0xFFFF, 0x0000, 
	0xFFFF, 0x2A89, 0x2904, 0x254A, 0x209B, 0x1C38, 0x1961, 0x17D6, 0x167F, 
	0x155A, 0x1461, 0x1392, 0x12E8, 0x1260, 0x11F6, 0x11A7, 0x116E, 0x1148, 
	0x1130, 0x1125, 0x1120, 0xFFFF, 0xFFFF, 0x0000, 0xFFFF, 0x0000, 0xFFFF, 
	0xFFFF, 0x0000, 0x0000, 0xFFFF, 0xFFFF, 0xFFFF, 0x0000, 0xFFFF, 0xFFFF, 
	0xFFFF, 0xFFFF, 0x0000, 0x0000, 0xFFFF, 0xFFFF, 0xFFFF, 0x0000, 0xFFFF, 
	0xFFFF, 0xFFFF, 0xFFFF, 0xFFFF, 0x0000, 0xFFFF, 0x0000, 0xFFFF, 0xFFFF, 
	0x0000, 0xFFFF, 0xFFFF, 0x0000, 0x0000, 0x0000, 0xFFFF, 0xC633, 0xC6BB, 
	0xC826, 0xCA32, 0xCC9D, 0xCF24, 0xD18F, 0xD3D4, 0xD5F2, 0xD7E7, 0xD9B4, 
	0xDB58, 0xDCD3, 0xDE22, 0xDF47, 0xE041, 0xE10F, 0xE1AF, 0xE223, 0xE269, 
	0xE280, 
	},{ 
	0x0001, 0x0000, 0x0013, 0x0001, 0x0001, 0x0014, 0x0001, 0x0015, 0x0001, 
	0x0016, 0x0001, 0x0017, 0x0001, 0x0018, 0x0001, 0x0019, 0x0001, 0x001A, 
	0x000B, 0x001B, 0x000B, 0x0026, 0x0015, 0x0031, 0x0012, 0x0046, 0x0014, 
	0x0058, 0x0015, 0x006C, 0x0001, 0x0081, 0x0001, 0x0082, 0x0001, 0x0083, 
	0x0010, 0x0084, 0x0010, 0x0094, 0x0010, 0x00A4, 0x0001, 0x00B4, 0x0001, 
	0x00B5, 0x0015, 0x00B6, 0x0015, 0x00CB, 0x0015, 0x00E0, 0x0015, 0x00F5, 
	0x0001, 0x010A, 0x0001, 0x010B, 0x0001, 0x010C, 0x0010, 0x010D, 0x0010, 
	0x011D, 0x0010, 0x012D, 0x0007, 0x013D, 0x0010, 0x0144, 0x0015, 0x0154, 
	0x0014, 0x0169, 0x0014, 0x017D, 0x0015, 0x0191, 0x0001, 0x01A6, 0x0001, 
	0x01A7, 0x0001, 0x01A8, 0x0008, 0x01A9, 0x0014, 0x01B1, 0x0015, 0x01C5, 
	0x000E, 0x01DA, 0x0004, 0x01E8, 0x0015, 0x01EC, 0x0001, 0x0201, 0x0015, 
	0x0202, 0x0015, 0x0217, 0x0001, 0x022C, 0x0001, 0x022D, 0x0001, 0x022E, 
	0x0013, 0x022F, 0x0014, 0x0242, 0x0015, 0x0256, 0x0015, 0x026B, 0x0012, 
	0x0280, 0x0014, 0x0292, 0x0014, 0x02A6, 0x0014, 0x02BA, 0x0015, 0x02CE, 
});
smlua_anim_util_register_animation('JWAR_SINGLE_JUMP_LAND',1, 0, 0, 0, 30, { 
	0x0000, 0x00DB, 0x00DB, 0x00DB, 0x00DB, 0x00DB, 0x00DB, 0x00DB, 0x00DB, 
	0x00DB, 0x00DB, 0x00DB, 0x00DB, 0x00DB, 0x00DB, 0x00DB, 0x00DB, 0x00DB, 
	0x00DB, 0x00DB, 0x00DB, 0x00DB, 0x00D1, 0x00BC, 0x00A8, 0x009E, 0x00A2, 
	0x00A5, 0x00A7, 0x00AA, 0x00AB, 0x00AC, 0x0000, 0x0000, 0x3FFF, 0x0000, 
	0x0000, 0xFFFF, 0x4000, 0x4000, 0x4000, 0x4000, 0x4000, 0x4000, 0x4000, 
	0x4000, 0x4000, 0x4000, 0x4000, 0x4000, 0x4000, 0x4000, 0x4000, 0x4000, 
	0x4000, 0x4000, 0x4000, 0x4000, 0x4000, 0x409F, 0x41FF, 0x435E, 0x43FE, 
	0x431F, 0x4254, 0x41A4, 0x411B, 0x40C1, 0x40A1, 0xFFFF, 0xFFFF, 0xFFFF, 
	0xFFFF, 0xFFFF, 0xFFFF, 0xFFFF, 0xFFFF, 0xFFFF, 0xFFFF, 0xFFFF, 0xFFFF, 
	0xFFFF, 0xFFFF, 0xFFFF, 0xFFFF, 0xFFFF, 0xFFFF, 0xFFFF, 0xFFFF, 0xFFFF, 
	0x000E, 0x002D, 0x004D, 0x005B, 0x0043, 0x002E, 0x001B, 0x000C, 0x0003, 
	0x0000, 0x0000, 0x0000, 0x0000, 0x0000, 0x0000, 0x0000, 0x0000, 0x0000, 
	0x0000, 0x0000, 0x0000, 0x0000, 0x0000, 0x0000, 0x0000, 0x0000, 0x0000, 
	0x0000, 0x0000, 0x0000, 0x0000, 0xFFF9, 0xFFEB, 0xFFDD, 0xFFD7, 0xFFE2, 
	0xFFEC, 0xFFF4, 0xFFFA, 0xFFFE, 0xFFFF, 0x01D7, 0x01D7, 0x01D7, 0x01D7, 
	0x01D7, 0x01D7, 0x01D7, 0x01D7, 0x01D7, 0x01D7, 0x01D7, 0x01D7, 0x01D7, 
	0x01D7, 0x01D7, 0x01D7, 0x01D7, 0x01D7, 0x01D7, 0x01D7, 0x01D7, 0x03E4, 
	0x0865, 0x0CE7, 0x0EF3, 0x0D40, 0x0BB7, 0x0A69, 0x0966, 0x08BF, 0x0884, 
	0x0000, 0x0000, 0x0000, 0x0000, 0x0000, 0x0000, 0x0000, 0x0000, 0x0000, 
	0x0000, 0x0000, 0x0000, 0x0000, 0x0000, 0x0000, 0x0000, 0x0000, 0x0000, 
	0x0000, 0x0000, 0x0000, 0xFFFC, 0xFFF6, 0xFFF0, 0xFFED, 0xFFF1, 0xFFF6, 
	0xFFF9, 0xFFFD, 0x0000, 0x0016, 0x0016, 0x0016, 0x0016, 0x0016, 0x0016, 
	0x0016, 0x0016, 0x0016, 0x0016, 0x0016, 0x0016, 0x0016, 0x0016, 0x0016, 
	0x0016, 0x0016, 0x0016, 0x0016, 0x0016, 0x0016, 0x0027, 0x004D, 0x0073, 
	0x0084, 0x0061, 0x0042, 0x0027, 0x0012, 0x0004, 0x0000, 0x0000, 0x0000, 
	0x0000, 0x0000, 0x0000, 0x0000, 0x0000, 0x0000, 0x0000, 0x0000, 0x0000, 
	0x0000, 0x0000, 0x0000, 0x0000, 0x0000, 0x0000, 0x0000, 0x0000, 0x0000, 
	0x0000, 0x00E3, 0x02D7, 0x04CC, 0x05AF, 0x0352, 0x0121, 0xFF39, 0xFDB8, 
	0xFCBC, 0xFC61, 0xFFFE, 0x0001, 0xC170, 0x31A6, 0x31A6, 0x31A6, 0x31A6, 
	0x31A6, 0x31A6, 0x31A6, 0x31A6, 0x31A6, 0x31A6, 0x31A6, 0x31A6, 0x31A6, 
	0x31A6, 0x31A6, 0x31A6, 0x31A6, 0x31A6, 0x31A6, 0x31A6, 0x31A6, 0xB9F7, 
	0xCD05, 0xE1F5, 0xEFEF, 0xF2DD, 0xF586, 0xF7CB, 0xF98F, 0xFAB4, 0xFB1C, 
	0xAEE0, 0xAEE0, 0xAEE0, 0xAEE0, 0xAEE0, 0xAEE0, 0xAEE0, 0xAEE0, 0xAEE0, 
	0xAEE0, 0xAEE0, 0xAEE0, 0xAEE0, 0xAEE0, 0xAEE0, 0xAEE0, 0xAEE0, 0xAEE0, 
	0xAEE0, 0xAEE0, 0xAEE0, 0xD213, 0xD42D, 0xD646, 0xD73A, 0xD615, 0xD50B, 
	0xD427, 0xD376, 0xD304, 0xD2DB, 0xCC20, 0xCC20, 0xCC20, 0xCC20, 0xCC20, 
	0xCC20, 0xCC20, 0xCC20, 0xCC20, 0xCC20, 0xCC20, 0xCC20, 0xCC20, 0xCC20, 
	0xCC20, 0xCC20, 0xCC20, 0xCC20, 0xCC20, 0xCC20, 0xCC20, 0x3D81, 0x1C4A, 
	0xF874, 0xE1FE, 0xDE82, 0xDB58, 0xD8A5, 0xD68B, 0xD52F, 0xD4B3, 0x0000, 
	0x0000, 0x0000, 0x0000, 0x0000, 0x0000, 0x0000, 0x0000, 0x0000, 0x0000, 
	0x0000, 0x0000, 0x0000, 0x0000, 0x0000, 0x0000, 0x0000, 0x0000, 0x0000, 
	0x0000, 0x0000, 0x0000, 0x0000, 0x0000, 0xFFFF, 0xFFFF, 0xFFFF, 0xFFFF, 
	0x0000, 0xFFFF, 0x0000, 0x0000, 0x0000, 0x0000, 0x0000, 0x0000, 0x0000, 
	0x0000, 0x0000, 0x0000, 0x0000, 0x0000, 0x0000, 0x0000, 0x0000, 0x0000, 
	0x0000, 0x0000, 0x0000, 0x0000, 0x0000, 0x0000, 0x0000, 0x0000, 0xFFFF, 
	0x0000, 0x0000, 0x0000, 0xFFFF, 0x0000, 0xD274, 0xD274, 0xD274, 0xD274, 
	0xD274, 0xD274, 0xD274, 0xD274, 0xD274, 0xD274, 0xD274, 0xD274, 0xD274, 
	0xD274, 0xD274, 0xD274, 0xD274, 0xD274, 0xD274, 0xD274, 0xD274, 0xD1CB, 
	0xD03D, 0xCE6E, 0xCD02, 0xCC4D, 0xCBA8, 0xCB1C, 0xCAAE, 0xCA67, 0xCA4E, 
	0xAD33, 0xAD33, 0xAD33, 0xAD33, 0xAD33, 0xAD33, 0xAD33, 0xAD33, 0xAD33, 
	0xAD33, 0xAD33, 0xAD33, 0xAD33, 0xAD33, 0xAD33, 0xAD33, 0xAD33, 0xAD33, 
	0xAD33, 0xAD33, 0xAD33, 0xA623, 0x169A, 0x0710, 0x0000, 0x0000, 0xFFFF, 
	0xDA9E, 0xDA9E, 0xDA9E, 0xDA9E, 0xDA9E, 0xDA9E, 0xDA9E, 0xDA9E, 0xDA9E, 
	0xDA9E, 0xDA9E, 0xDA9E, 0xDA9E, 0xDA9E, 0xDA9E, 0xDA9E, 0xDA9E, 0xDA9E, 
	0xDA9E, 0xDA9E, 0xDA9E, 0xCD7A, 0xCF6E, 0xEC57, 0xF97B, 0x063A, 0x063A, 
	0x063A, 0x063A, 0x063A, 0x063A, 0x063A, 0x063A, 0x063A, 0x063A, 0x063A, 
	0x063A, 0x063A, 0x063A, 0x063A, 0x063A, 0x063A, 0x063A, 0x063A, 0x063A, 
	0x063A, 0x165F, 0xB9E2, 0xDD66, 0xED8B, 0xFFFE, 0x0001, 0xC170, 0xCD59, 
	0xCD59, 0xCD59, 0xCD59, 0xCD59, 0xCD59, 0xCD59, 0xCD59, 0xCD59, 0xCD59, 
	0xCD59, 0xCD59, 0xCD59, 0xCD59, 0xCD59, 0xCD59, 0xCD59, 0xCD59, 0xCD59, 
	0xCD59, 0xCD59, 0xCD2E, 0x4C01, 0x48D0, 0x4299, 0x3241, 0x2399, 0x1733, 
	0x0DA2, 0x077A, 0x054B, 0x502F, 0x502F, 0x502F, 0x502F, 0x502F, 0x502F, 
	0x502F, 0x502F, 0x502F, 0x502F, 0x502F, 0x502F, 0x502F, 0x502F, 0x502F, 
	0x502F, 0x502F, 0x502F, 0x502F, 0x502F, 0x502F, 0x4E58, 0x35B4, 0x39C0, 
	0x3B97, 0x3776, 0x33B7, 0x3084, 0x2E07, 0x2C69, 0x2BD6, 0xCC2B, 0xCC2B, 
	0xCC2B, 0xCC2B, 0xCC2B, 0xCC2B, 0xCC2B, 0xCC2B, 0xCC2B, 0xCC2B, 0xCC2B, 
	0xCC2B, 0xCC2B, 0xCC2B, 0xCC2B, 0xCC2B, 0xCC2B, 0xCC2B, 0xCC2B, 0xCC2B, 
	0xCC2B, 0xC1C6, 0x2AEA, 0x140D, 0x09A9, 0xF985, 0xEB05, 0xDEBC, 0xD53E, 
	0xCF20, 0xCCF5, 0xFFFF, 0xFFFF, 0xFFFF, 0xFFFF, 0xFFFF, 0xFFFF, 0xFFFF, 
	0xFFFF, 0xFFFF, 0xFFFF, 0xFFFF, 0xFFFF, 0xFFFF, 0xFFFF, 0xFFFF, 0xFFFF, 
	0xFFFF, 0xFFFF, 0xFFFF, 0xFFFF, 0xFFFF, 0xFFFF, 0x0000, 0xFFFF, 0xFFFF, 
	0xFFFF, 0x0000, 0xFFFF, 0xFFFF, 0x0000, 0xFFFF, 0xFFFF, 0xFFFF, 0xFFFF, 
	0xFFFF, 0xFFFF, 0xFFFF, 0xFFFF, 0xFFFF, 0xFFFF, 0xFFFF, 0xFFFF, 0xFFFF, 
	0xFFFF, 0xFFFF, 0xFFFF, 0xFFFF, 0xFFFF, 0xFFFF, 0xFFFF, 0xFFFF, 0xFFFF, 
	0xFFFF, 0x0000, 0xFFFF, 0xFFFF, 0x0000, 0x0000, 0x0000, 0xFFFF, 0x0000, 
	0xDAE1, 0xDAE1, 0xDAE1, 0xDAE1, 0xDAE1, 0xDAE1, 0xDAE1, 0xDAE1, 0xDAE1, 
	0xDAE1, 0xDAE1, 0xDAE1, 0xDAE1, 0xDAE1, 0xDAE1, 0xDAE1, 0xDAE1, 0xDAE1, 
	0xDAE1, 0xDAE1, 0xDAE1, 0xD761, 0xCFAD, 0xC7F9, 0xC478, 0xC541, 0xC608, 
	0xC6BD, 0xC753, 0xC7B7, 0xC7DC, 0x4DF5, 0x4DF5, 0x4DF5, 0x4DF5, 0x4DF5, 
	0x4DF5, 0x4DF5, 0x4DF5, 0x4DF5, 0x4DF5, 0x4DF5, 0x4DF5, 0x4DF5, 0x4DF5, 
	0x4DF5, 0x4DF5, 0x4DF5, 0x4DF5, 0x4DF5, 0x4DF5, 0x4DF5, 0x4346, 0x2B61, 
	0x1283, 0x04E9, 0x039D, 0x0271, 0x0172, 0x00AC, 0x002D, 0xFFFF, 0x1C88, 
	0x1C88, 0x1C88, 0x1C88, 0x1C88, 0x1C88, 0x1C88, 0x1C88, 0x1C88, 0x1C88, 
	0x1C88, 0x1C88, 0x1C88, 0x1C88, 0x1C88, 0x1C88, 0x1C88, 0x1C88, 0x1C88, 
	0x1C88, 0x1C88, 0x1807, 0x0E1E, 0x0435, 0xFFB3, 0xFFC4, 0xFFD6, 0xFFE6, 
	0xFFF3, 0xFFFC, 0xFFFF, 0xFFAE, 0xFFAE, 0xFFAE, 0xFFAE, 0xFFAE, 0xFFAE, 
	0xFFAE, 0xFFAE, 0xFFAE, 0xFFAE, 0xFFAE, 0xFFAE, 0xFFAE, 0xFFAE, 0xFFAE, 
	0xFFAE, 0xFFAE, 0xFFAE, 0xFFAE, 0xFFAE, 0xFFAE, 0xFE32, 0xFAE5, 0xF782, 
	0xF5C4, 0xF5A7, 0xF58B, 0xF571, 0xF55C, 0xF54E, 0xF548, 0x0000, 0x0000, 
	0x0000, 0x0000, 0x0000, 0x0000, 0x0000, 0x0000, 0x0000, 0x0000, 0x0000, 
	0x0000, 0x0000, 0x0000, 0x0000, 0x0000, 0x0000, 0x0000, 0x0000, 0x0000, 
	0x0000, 0x0000, 0xFFFF, 0xFFFF, 0xFFFF, 0x0000, 0xFFFF, 0x0000, 0x0000, 
	0xFFFF, 0x0000, 0x0E39, 0x0E39, 0x0E39, 0x0E39, 0x0E39, 0x0E39, 0x0E39, 
	0x0E39, 0x0E39, 0x0E39, 0x0E39, 0x0E39, 0x0E39, 0x0E39, 0x0E39, 0x0E39, 
	0x0E39, 0x0E39, 0x0E39, 0x0E39, 0x0E39, 0x0C00, 0x071C, 0x0239, 0xFFFF, 
	0xFFFF, 0xFFFF, 0xFFFF, 0xFFFF, 0xFFFF, 0x0000, 0xBFFF, 0xBFFF, 0xBFFF, 
	0xBFFF, 0xBFFF, 0xBFFF, 0xBFFF, 0xBFFF, 0xBFFF, 0xBFFF, 0xBFFF, 0xBFFF, 
	0xBFFF, 0xBFFF, 0xBFFF, 0xBFFF, 0xBFFF, 0xBFFF, 0xBFFF, 0xBFFF, 0xBFFF, 
	0xBFE6, 0xBFAF, 0xBF77, 0xBF5E, 0x00B6, 0x00B6, 0x00B6, 0x00B6, 0x00B6, 
	0x00B6, 0x00B6, 0x00B6, 0x00B6, 0x00B6, 0x00B6, 0x00B6, 0x00B6, 0x00B6, 
	0x00B6, 0x00B6, 0x00B6, 0x00B6, 0x00B6, 0x00B6, 0x00B6, 0xFC5E, 0xF24E, 
	0xE6FB, 0xDED7, 0xDC10, 0xD9B5, 0xD7E2, 0xD6B4, 0xD649, 0x0000, 0x0000, 
	0x0000, 0x0000, 0x0000, 0x0000, 0x0000, 0x0000, 0x0000, 0x0000, 0x0000, 
	0x0000, 0x0000, 0x0000, 0x0000, 0x0000, 0x0000, 0x0000, 0x0000, 0x0000, 
	0x0000, 0xFD0B, 0xF681, 0xEFE0, 0xECA6, 0xEC87, 0xEC6C, 0xEC55, 0xEC45, 
	0xEC40, 0xA72B, 0xA72B, 0xA72B, 0xA72B, 0xA72B, 0xA72B, 0xA72B, 0xA72B, 
	0xA72B, 0xA72B, 0xA72B, 0xA72B, 0xA72B, 0xA72B, 0xA72B, 0xA72B, 0xA72B, 
	0xA72B, 0xA72B, 0xA72B, 0xA72B, 0xA753, 0xA7F6, 0xA958, 0xABB9, 0xAEF4, 
	0xB1AF, 0xB3C9, 0xB523, 0xB59D, 0x0000, 0x0000, 0x0000, 0x0000, 0x0000, 
	0x0000, 0x0000, 0x0000, 0x0000, 0x0000, 0x0000, 0x0000, 0x0000, 0x0000, 
	0x0000, 0x0000, 0x0000, 0x0000, 0x0000, 0x0000, 0x0000, 0xFFFF, 0x0000, 
	0x0000, 0x0000, 0xFFFF, 0xFFFF, 0xFFFF, 0xFFFF, 0x0000, 0xFFFF, 0xFFFF, 
	0xFFFF, 0xFFFF, 0xFFFF, 0xFFFF, 0xFFFF, 0xFFFF, 0xFFFF, 0xFFFF, 0xFFFF, 
	0xFFFF, 0xFFFF, 0xFFFF, 0xFFFF, 0xFFFF, 0xFFFF, 0xFFFF, 0xFFFF, 0xFFFF, 
	0xFFFF, 0x0000, 0xFFFF, 0x0000, 0x32AA, 0x32AA, 0x32AA, 0x32AA, 0x32AA, 
	0x32AA, 0x32AA, 0x32AA, 0x32AA, 0x32AA, 0x32AA, 0x32AA, 0x32AA, 0x32AA, 
	0x32AA, 0x32AA, 0x32AA, 0x32AA, 0x32AA, 0x32AA, 0x32AA, 0x32A5, 0x327C, 
	0x320E, 0x3137, 0x2D60, 0x2A13, 0x277E, 0x25D0, 0x2537, 0xFFFF, 0xFFFF, 
	0xFFFF, 0xFFFF, 0xFFFF, 0xFFFF, 0xFFFF, 0xFFFF, 0xFFFF, 0xFFFF, 0xFFFF, 
	0xFFFF, 0xFFFF, 0xFFFF, 0xFFFF, 0xFFFF, 0xFFFF, 0xFFFF, 0xFFFF, 0xFFFF, 
	0xFFFF, 0x0004, 0x000B, 0x0013, 0x0017, 0x0010, 0x000A, 0x0004, 0x0001, 
	0xFFFF, 0xFFFF, 0xFFFF, 0xFFFF, 0xFFFF, 0xFFFF, 0xFFFF, 0xFFFF, 0xFFFF, 
	0xFFFF, 0xFFFF, 0xFFFF, 0xFFFF, 0xFFFF, 0xFFFF, 0xFFFF, 0xFFFF, 0xFFFF, 
	0xFFFF, 0xFFFF, 0xFFFF, 0xFFFF, 0x0027, 0x007C, 0x00D1, 0x00F8, 0x00AC, 
	0x0068, 0x0032, 0x000D, 0xFFFF, 0xD6A6, 0xD6A6, 0xD6A6, 0xD6A6, 0xD6A6, 
	0xD6A6, 0xD6A6, 0xD6A6, 0xD6A6, 0xD6A6, 0xD6A6, 0xD6A6, 0xD6A6, 0xD6A6, 
	0xD6A6, 0xD6A6, 0xD6A6, 0xD6A6, 0xD6A6, 0xD6A6, 0xD6A6, 0xD1EB, 0xC783, 
	0xBD1B, 0xB860, 0xBA86, 0xBC69, 0xBDE8, 0xBEE4, 0xBF3F, 0x0000, 0x0000, 
	0x0000, 0x0000, 0x0000, 0x0000, 0x0000, 0x0000, 0x0000, 0x0000, 0x0000, 
	0x0000, 0x0000, 0x0000, 0x0000, 0x0000, 0x0000, 0x0000, 0x0000, 0x0000, 
	0x0000, 0xFFFF, 0xFFFF, 0xFFFF, 0xFFFF, 0x0000, 0xFFFF, 0x0000, 0x0000, 
	0xFFFF, 0x0000, 0xF1C6, 0xF1C6, 0xF1C6, 0xF1C6, 0xF1C6, 0xF1C6, 0xF1C6, 
	0xF1C6, 0xF1C6, 0xF1C6, 0xF1C6, 0xF1C6, 0xF1C6, 0xF1C6, 0xF1C6, 0xF1C6, 
	0xF1C6, 0xF1C6, 0xF1C6, 0xF1C6, 0xF1C6, 0xF3FF, 0xF8E3, 0xFDC6, 0xFFFF, 
	0xFFFF, 0xFFFF, 0xFFFF, 0xFFFF, 0xFFFF, 0x0000, 0xBFFF, 0xBFFF, 0xBFFF, 
	0xBFFF, 0xBFFF, 0xBFFF, 0xBFFF, 0xBFFF, 0xBFFF, 0xBFFF, 0xBFFF, 0xBFFF, 
	0xBFFF, 0xBFFF, 0xBFFF, 0xBFFF, 0xBFFF, 0xBFFF, 0xBFFF, 0xBFFF, 0xBFFF, 
	0xBFE6, 0xBFAF, 0xBF77, 0xBF5E, 0xFFB7, 0xFFB7, 0xFFB7, 0xFFB7, 0xFFB7, 
	0xFFB7, 0xFFB7, 0xFFB7, 0xFFB7, 0xFFB7, 0xFFB7, 0xFFB7, 0xFFB7, 0xFFB7, 
	0xFFB7, 0xFFB7, 0xFFB7, 0xFFB7, 0xFFB7, 0xFFB7, 0xFFB7, 0x0247, 0x0838, 
	0x0EF6, 0x13EA, 0x15CF, 0x1783, 0x18F4, 0x1A10, 0x1AC8, 0x1B09, 0xFFFF, 
	0xFFFF, 0xFFFF, 0xFFFF, 0xFFFF, 0xFFFF, 0xFFFF, 0xFFFF, 0xFFFF, 0xFFFF, 
	0xFFFF, 0xFFFF, 0xFFFF, 0xFFFF, 0xFFFF, 0xFFFF, 0xFFFF, 0xFFFF, 0xFFFF, 
	0xFFFF, 0xFFFF, 0x0307, 0x09AF, 0x1057, 0x135E, 0x12CE, 0x124D, 0x11E0, 
	0x118D, 0x1157, 0x1144, 0xC589, 0xC589, 0xC589, 0xC589, 0xC589, 0xC589, 
	0xC589, 0xC589, 0xC589, 0xC589, 0xC589, 0xC589, 0xC589, 0xC589, 0xC589, 
	0xC589, 0xC589, 0xC589, 0xC589, 0xC589, 0xC589, 0xC054, 0xB4DF, 0xA96A, 
	0xA435, 0xA65D, 0xA84A, 0xA9EB, 0xAB2C, 0xABFA, 0xAC43, 0xFFFF, 0xFFFF, 
	0xFFFF, 0xFFFF, 0xFFFF, 0xFFFF, 0xFFFF, 0xFFFF, 0xFFFF, 0xFFFF, 0xFFFF, 
	0xFFFF, 0xFFFF, 0xFFFF, 0xFFFF, 0xFFFF, 0xFFFF, 0xFFFF, 0xFFFF, 0xFFFF, 
	0xFFFF, 0x0000, 0x0000, 0x0000, 0x0000, 0xFFFF, 0xFFFF, 0x0000, 0xFFFF, 
	0xFFFF, 0x0000, 0xFFFF, 0xFFFF, 0xFFFF, 0xFFFF, 0xFFFF, 0xFFFF, 0xFFFF, 
	0xFFFF, 0xFFFF, 0xFFFF, 0xFFFF, 0xFFFF, 0xFFFF, 0xFFFF, 0xFFFF, 0xFFFF, 
	0xFFFF, 0xFFFF, 0xFFFF, 0xFFFF, 0xFFFF, 0xFFFF, 0xFFFF, 0xFFFF, 0x0000, 
	0x0000, 0xFFFF, 0xFFFF, 0xFFFF, 0xFFFF, 0x0000, 0x1120, 0x1120, 0x1120, 
	0x1120, 0x1120, 0x1120, 0x1120, 0x1120, 0x1120, 0x1120, 0x1120, 0x1120, 
	0x1120, 0x1120, 0x1120, 0x1120, 0x1120, 0x1120, 0x1120, 0x1120, 0x1120, 
	0x158A, 0x1F42, 0x28FA, 0x2D65, 0x2959, 0x25BB, 0x22AE, 0x2055, 0x1ED2, 
	0x1E4A, 0xFFFF, 0xFFFF, 0xFFFF, 0xFFFF, 0xFFFF, 0xFFFF, 0xFFFF, 0xFFFF, 
	0xFFFF, 0xFFFF, 0xFFFF, 0xFFFF, 0xFFFF, 0xFFFF, 0xFFFF, 0xFFFF, 0xFFFF, 
	0xFFFF, 0xFFFF, 0xFFFF, 0xFFFF, 0x00A2, 0x0208, 0x036D, 0x0410, 0x0303, 
	0x020C, 0x0138, 0x0092, 0x0026, 0x0000, 0x0000, 0x0000, 0x0000, 0x0000, 
	0x0000, 0x0000, 0x0000, 0x0000, 0x0000, 0x0000, 0x0000, 0x0000, 0x0000, 
	0x0000, 0x0000, 0x0000, 0x0000, 0x0000, 0x0000, 0x0000, 0x0000, 0xFFFA, 
	0xFFEB, 0xFFD3, 0xFFB3, 0xFF8F, 0xFF70, 0xFF55, 0xFF41, 0xFF34, 0xFF2F, 
	0xE280, 0xE280, 0xE280, 0xE280, 0xE280, 0xE280, 0xE280, 0xE280, 0xE280, 
	0xE280, 0xE280, 0xE280, 0xE280, 0xE280, 0xE280, 0xE280, 0xE280, 0xE280, 
	0xE280, 0xE280, 0xE280, 0xDD13, 0xD124, 0xC535, 0xBFC8, 0xC27A, 0xC4E3, 
	0xC6EB, 0xC87B, 0xC97C, 0xC9D7, 
	},{ 
	0x0001, 0x0000, 0x001F, 0x0001, 0x0001, 0x0020, 0x0001, 0x0021, 0x0001, 
	0x0022, 0x0001, 0x0023, 0x0001, 0x0024, 0x0001, 0x0025, 0x001F, 0x0026, 
	0x001F, 0x0045, 0x001F, 0x0064, 0x001F, 0x0083, 0x001E, 0x00A2, 0x001F, 
	0x00C0, 0x001F, 0x00DF, 0x0001, 0x00FE, 0x0001, 0x00FF, 0x0001, 0x0100, 
	0x001F, 0x0101, 0x001F, 0x0120, 0x001F, 0x013F, 0x001E, 0x015E, 0x001E, 
	0x017C, 0x001F, 0x019A, 0x001B, 0x01B9, 0x0019, 0x01D4, 0x0019, 0x01ED, 
	0x0001, 0x0206, 0x0001, 0x0207, 0x0001, 0x0208, 0x001F, 0x0209, 0x001F, 
	0x0228, 0x001F, 0x0247, 0x001F, 0x0266, 0x001E, 0x0285, 0x001F, 0x02A3, 
	0x001F, 0x02C2, 0x001F, 0x02E1, 0x001F, 0x0300, 0x001F, 0x031F, 0x001F, 
	0x033E, 0x0019, 0x035D, 0x001E, 0x0376, 0x001E, 0x0394, 0x001E, 0x03B2, 
	0x001E, 0x03D0, 0x0018, 0x03EE, 0x001E, 0x0406, 0x001E, 0x0424, 0x001E, 
	0x0442, 0x001E, 0x0460, 0x001F, 0x047E, 0x001F, 0x049D, 0x0019, 0x04BC, 
	0x001F, 0x04D5, 0x001F, 0x04F4, 0x001F, 0x0513, 0x001F, 0x0532, 0x001F, 
	0x0551, 0x001F, 0x0570, 0x001F, 0x058F, 0x001F, 0x05AE, 0x001F, 0x05CD, 
});
smlua_anim_util_register_animation('JWAR_START_TWIRL',1, 0, 0, 0, 15, { 
	0x0000, 0x00C0, 0xFF99, 0x0000, 0x3FFF, 0x0000, 0x0000, 0x0000, 0x7F46, 
	0x7F26, 0x7ECA, 0x7E3D, 0x7D88, 0x7CB2, 0x7BC6, 0x7ACD, 0x79CE, 0x78D5, 
	0x77E9, 0x7713, 0x765E, 0x75D1, 0x7575, 0x7555, 0xFFFF, 0x0000, 0xFFFF, 
	0xFFFF, 0x0000, 0x0000, 0x0000, 0xFFFF, 0xFFFF, 0x0000, 0xFFFF, 0x0000, 
	0xFFFF, 0x0000, 0x0000, 0x0000, 0xFFFF, 0x0000, 0xFFFF, 0xFFFF, 0xFFFF, 
	0xFFFF, 0xFFFF, 0xFFFF, 0xFFFF, 0x0000, 0x0000, 0x0000, 0x0000, 0xFFFF, 
	0xFFFF, 0x0000, 0xFFFF, 0x0000, 0xFFFF, 0x0000, 0x0000, 0x0000, 0x0000, 
	0xFFFF, 0xFFFF, 0x0000, 0xFFFF, 0xFFFF, 0xFFFF, 0xFFFF, 0xFFFF, 0xFFFF, 
	0xFFFF, 0xFFFF, 0xFFFF, 0xFFFF, 0xFFFF, 0xFFFF, 0xFFFF, 0xFFFF, 0xFFFF, 
	0x0000, 0xFFFF, 0x1691, 0x1657, 0x14BE, 0x104C, 0x0914, 0x0009, 0xF61E, 
	0xEC4A, 0xE37E, 0xDCAE, 0xD8CF, 0xD71C, 0xD615, 0xD58D, 0xD55C, 0xD555, 
	0x0000, 0xFFFF, 0xBFFF, 0x3FFF, 0x3FE8, 0x3F42, 0xBD75, 0xBA88, 0xB6DF, 
	0xB2DB, 0xAEE0, 0xAB50, 0xA88E, 0xA6FD, 0xA64D, 0xA5E2, 0xA5AB, 0xA597, 
	0xA594, 0xF553, 0xF523, 0xF3D5, 0x8FCB, 0x95B2, 0x9D16, 0xA52F, 0xAD38, 
	0xB469, 0xB9FA, 0xBD24, 0xBE87, 0xBF5E, 0xBFCD, 0xBFF6, 0xBFFB, 0x904B, 
	0x9024, 0x8F15, 0x0C24, 0x075C, 0x015F, 0xFACD, 0xF44A, 0xEE76, 0xE9F3, 
	0xE763, 0xE643, 0xE594, 0xE53B, 0xE51A, 0xE515, 0xFFFF, 0xFFFF, 0xFFFF, 
	0x0000, 0xFFFF, 0xFFFF, 0xFFFF, 0xFFFF, 0x0000, 0xFFFF, 0xFFFF, 0xFFFF, 
	0xFFFF, 0xFFFF, 0xFFFF, 0x0000, 0xFFFF, 0xFFFF, 0xFFFF, 0xFFFF, 0xFFFF, 
	0xFFFF, 0xFFFF, 0xFFFF, 0x0000, 0xFFFF, 0xFFFF, 0xFFFF, 0xFFFF, 0xFFFF, 
	0xFFFF, 0x0000, 0xDC7B, 0xDC9B, 0xDD7A, 0xDFE5, 0xE3D4, 0xE8C0, 0xEE25, 
	0xF37F, 0xF849, 0xFBFF, 0xFE1A, 0xFF07, 0xFF96, 0xFFE0, 0xFFFB, 0xFFFF, 
	0xD297, 0xD2C7, 0xD416, 0xD7B8, 0xDD9F, 0xE503, 0xED1E, 0xF527, 0xFC59, 
	0x01EB, 0x0516, 0x0679, 0x0750, 0x07BF, 0x07E8, 0x07ED, 0xEFFB, 0xECA3, 
	0x0000, 0xFFFF, 0xBFFF, 0xBFFF, 0xC017, 0xC0BF, 0x4292, 0x4587, 0x493C, 
	0x4D4C, 0x5154, 0x54EF, 0x57BA, 0x5950, 0x5A02, 0x5A6E, 0x5AA6, 0x5AB8, 
	0x5ABD, 0x0AA9, 0x0AD9, 0x0C27, 0x7035, 0x6A4E, 0x62E8, 0x5ACD, 0x52C2, 
	0x4B90, 0x45FE, 0x42D3, 0x416F, 0x4098, 0x4029, 0x4000, 0x3FFA, 0x904B, 
	0x9024, 0x8F17, 0x0C2C, 0x076D, 0x017B, 0xFAF6, 0xF47F, 0xEEB7, 0xEA3D, 
	0xE7B1, 0xE693, 0xE5E6, 0xE58D, 0xE56D, 0xE565, 0x0000, 0x0000, 0x0000, 
	0x0000, 0x0000, 0x0000, 0x0000, 0x0000, 0xFFFF, 0x0000, 0x0000, 0x0000, 
	0x0000, 0x0000, 0x0000, 0x0000, 0xFFFF, 0xDC7B, 0xDC9B, 0xDD7A, 0xDFE5, 
	0xE3D4, 0xE8C0, 0xEE25, 0xF37F, 0xF849, 0xFBFF, 0xFE1A, 0xFF07, 0xFF96, 
	0xFFE0, 0xFFFB, 0x0000, 0x340E, 0x33DE, 0x328F, 0x2EED, 0x2906, 0x21A2, 
	0x1987, 0x117D, 0x0A4C, 0x04BB, 0x0190, 0x002D, 0xFF55, 0xFEE6, 0xFEBD, 
	0xFEB7, 0x142F, 0xEDA5, 0xFFFF, 0xFFFF, 0x0000, 0xFFFF, 0x0000, 0x0000, 
	0x0000, 0x0000, 0x0000, 0x0000, 0xFFFF, 0x0000, 0x0000, 0xFFFF, 0xFFFF, 
	0x0000, 0x0000, 0x0000, 0x0000, 0xFFFF, 0x0000, 0xFFFF, 0xFFFF, 0xFFFF, 
	0x0000, 0xBFFF, 0x0000, 0xFFF5, 0xFFB3, 0xFEF8, 0xFDCA, 0xFC50, 0xFAB1, 
	0xF915, 0xF7A5, 0xF688, 0xF5E6, 0xF59F, 0xF574, 0xF55E, 0xF556, 0xF554, 
	0x0000, 0xFFEF, 0xFF80, 0xFE49, 0xFC52, 0xF9DB, 0xF727, 0xF47A, 0xF214, 
	0xF039, 0xEF2B, 0xEEB4, 0xEE6C, 0xEE47, 0xEE3A, 0xEE38, 0x8FB6, 0x8FE1, 
	0x9110, 0x945A, 0x99B2, 0xA063, 0xA7BA, 0xAF01, 0xB584, 0xBA8E, 0xBD6C, 
	0xBEAE, 0xBF71, 0xBFD5, 0xBFFA, 0xBFFF, 0x0000, 0x0000, 0x0000, 0x0000, 
	0x0000, 0xFFFF, 0x0000, 0x0000, 0x0000, 0x0000, 0x0000, 0xFFFF, 0x0000, 
	0x0000, 0x0000, 0xFFFF, 0x0000, 0xFFFF, 0xFFFF, 0xFFFF, 0xFFFF, 0x0000, 
	0x0000, 0xFFFF, 0x0000, 0x0000, 0xFFFF, 0x3FD0, 0x3FAA, 0x3EA0, 0x3BBB, 
	0x3707, 0x3124, 0x2AAF, 0x2449, 0x1E8E, 0x1A1F, 0x1799, 0x167E, 0x15D2, 
	0x157A, 0x155A, 0x1555, 0x0000, 0x0000, 0x0000, 0x0000, 0x0000, 0xFFFF, 
	0x0000, 0x0000, 0x0000, 0xFFFF, 0xFFFF, 0xFFFF, 0xFFFF, 0xFFFF, 0xFFFF, 
	0x0000, 0x0000, 0xFFFF, 0xFFFF, 0xFFFF, 0xFFFF, 0xFFFF, 0x0000, 0xFFFF, 
	0x0000, 0x0000, 0xFFFF, 0xFFFF, 0xFFFF, 0xFFFF, 0x0000, 0xFFFF, 0xA395, 
	0xA3CD, 0xA550, 0xA986, 0xB05C, 0xB8ED, 0xC250, 0xCBA0, 0xD3F5, 0xDA68, 
	0xDE13, 0xDFAF, 0xE0A9, 0xE129, 0xE158, 0xE15F, 0xFFFF, 0xFFFF, 0x0000, 
	0xFFFF, 0x0000, 0x0000, 0x0000, 0x0000, 0x0000, 0x0000, 0xFFFF, 0x0000, 
	0x0000, 0xFFFF, 0xFFFF, 0x0000, 0x0000, 0x0000, 0x0000, 0xFFFF, 0x0000, 
	0xFFFF, 0xFFFF, 0xFFFF, 0x0000, 0xBFFF, 0x0000, 0x000A, 0x004C, 0x0107, 
	0x0235, 0x03AF, 0x054E, 0x06EA, 0x085A, 0x0977, 0x0A19, 0x0A60, 0x0A8B, 
	0x0AA1, 0x0AA9, 0x0AAB, 0x0000, 0x0010, 0x007F, 0x01B6, 0x03AD, 0x0624, 
	0x08D8, 0x0B85, 0x0DEB, 0x0FC6, 0x10D4, 0x114B, 0x1193, 0x11B8, 0x11C5, 
	0x11C7, 0x8FB6, 0x8FE1, 0x9110, 0x945A, 0x99B2, 0xA063, 0xA7BA, 0xAF01, 
	0xB584, 0xBA8E, 0xBD6C, 0xBEAE, 0xBF71, 0xBFD5, 0xBFFA, 0xBFFF, 0x0000, 
	0x0000, 0x0000, 0x0000, 0x0000, 0x0000, 0x0000, 0x0000, 0x0000, 0x0000, 
	0xFFFF, 0xFFFF, 0xFFFF, 0x0000, 0xFFFF, 0x0000, 0x0000, 0x0000, 0x0000, 
	0x0000, 0x0000, 0x0000, 0x0000, 0x0000, 0x0000, 0xFFFF, 0x0000, 0x3FD0, 
	0x3FAA, 0x3EA0, 0x3BBB, 0x3707, 0x3124, 0x2AAF, 0x2449, 0x1E8E, 0x1A1F, 
	0x1799, 0x167E, 0x15D2, 0x157A, 0x155A, 0x1555, 0x0000, 0x0000, 0x0000, 
	0x0000, 0x0000, 0xFFFF, 0x0000, 0xFFFF, 0x0000, 0xFFFF, 0x0000, 0x0000, 
	0xFFFF, 0xFFFF, 0xFFFF, 0x0000, 0x0000, 0x0000, 0x0000, 0xFFFF, 0x0000, 
	0xFFFF, 0x0000, 0xFFFF, 0x0000, 0xFFFF, 0xFFFF, 0x0000, 0xFFFF, 0x0000, 
	0xFFFF, 0x0000, 0xA395, 0xA3CD, 0xA550, 0xA986, 0xB05C, 0xB8ED, 0xC250, 
	0xCBA0, 0xD3F5, 0xDA68, 0xDE13, 0xDFAF, 0xE0A9, 0xE129, 0xE158, 0xE15F, 
	},{ 
	0x0001, 0x0000, 0x0001, 0x0001, 0x0001, 0x0002, 0x0001, 0x0003, 0x0001, 
	0x0004, 0x0001, 0x0005, 0x0001, 0x0006, 0x0001, 0x0007, 0x0010, 0x0008, 
	0x000E, 0x0018, 0x0010, 0x0026, 0x000C, 0x0036, 0x0010, 0x0042, 0x0001, 
	0x0052, 0x0010, 0x0053, 0x0001, 0x0063, 0x0001, 0x0064, 0x0001, 0x0065, 
	0x0010, 0x0066, 0x0010, 0x0076, 0x0010, 0x0086, 0x0010, 0x0096, 0x0010, 
	0x00A6, 0x0010, 0x00B6, 0x0010, 0x00C6, 0x0001, 0x00D6, 0x0001, 0x00D7, 
	0x0001, 0x00D8, 0x0001, 0x00D9, 0x0001, 0x00DA, 0x0010, 0x00DB, 0x0010, 
	0x00EB, 0x0010, 0x00FB, 0x0001, 0x010B, 0x0010, 0x010C, 0x0010, 0x011C, 
	0x0010, 0x012C, 0x0001, 0x013C, 0x0001, 0x013D, 0x000B, 0x013E, 0x000E, 
	0x0149, 0x0001, 0x0157, 0x0010, 0x0158, 0x0010, 0x0168, 0x0010, 0x0178, 
	0x000D, 0x0188, 0x000E, 0x0195, 0x0010, 0x01A3, 0x0010, 0x01B3, 0x0010, 
	0x01C3, 0x0010, 0x01D3, 0x000B, 0x01E3, 0x000E, 0x01EE, 0x0001, 0x01FC, 
	0x0010, 0x01FD, 0x0010, 0x020D, 0x0010, 0x021D, 0x000F, 0x022D, 0x000C, 
	0x023C, 0x0010, 0x0248, 0x0010, 0x0258, 0x0010, 0x0268, 0x0010, 0x0278, 
});
smlua_anim_util_register_animation('JWAR_TWIRL',1, 0, 0, 0, 1, { 
	0x0000, 0x00C0, 0x0000, 0x0000, 0x4000, 0x0000, 0x0000, 0x0000, 0x7555, 
	0xFFFF, 0xFFFF, 0x0000, 0x0000, 0xFFFF, 0xD555, 0x0000, 0xFFFF, 0xBFFF, 
	0xA594, 0xBFFB, 0xE515, 0x0000, 0x0000, 0xFFFF, 0x07ED, 0xEFFB, 0xECA3, 
	0x0000, 0xFFFF, 0xBFFF, 0x5ABF, 0x3FFA, 0xE567, 0x0000, 0xFFFF, 0x0000, 
	0xFEB7, 0x142F, 0xEDA5, 0x0000, 0x2000, 0xBFFF, 0xF554, 0xEE38, 0xBFFF, 
	0x0000, 0x0000, 0x1555, 0xFFFF, 0xFFFF, 0xE15F, 0x0000, 0x2000, 0xBFFF, 
	0x0AAB, 0x11C7, 0xBFFF, 0x0000, 0xFFFF, 0x1555, 0x0000, 0xFFFF, 0xE15F, 
	},{ 
	0x0001, 0x0000, 0x0001, 0x0001, 0x0001, 0x0002, 0x0001, 0x0003, 0x0001, 
	0x0004, 0x0001, 0x0005, 0x0001, 0x0006, 0x0001, 0x0007, 0x0001, 0x0008, 
	0x0001, 0x0009, 0x0001, 0x000A, 0x0001, 0x000B, 0x0001, 0x000C, 0x0001, 
	0x000D, 0x0001, 0x000E, 0x0001, 0x000F, 0x0001, 0x0010, 0x0001, 0x0011, 
	0x0001, 0x0012, 0x0001, 0x0013, 0x0001, 0x0014, 0x0001, 0x0015, 0x0001, 
	0x0016, 0x0001, 0x0017, 0x0001, 0x0018, 0x0001, 0x0019, 0x0001, 0x001A, 
	0x0001, 0x001B, 0x0001, 0x001C, 0x0001, 0x001D, 0x0001, 0x001E, 0x0001, 
	0x001F, 0x0001, 0x0020, 0x0001, 0x0021, 0x0001, 0x0022, 0x0001, 0x0023, 
	0x0001, 0x0024, 0x0001, 0x0025, 0x0001, 0x0026, 0x0001, 0x0027, 0x0001, 
	0x0028, 0x0001, 0x0029, 0x0001, 0x002A, 0x0001, 0x002B, 0x0001, 0x002C, 
	0x0001, 0x002D, 0x0001, 0x002E, 0x0001, 0x002F, 0x0001, 0x0030, 0x0001, 
	0x0031, 0x0001, 0x0032, 0x0001, 0x0033, 0x0001, 0x0034, 0x0001, 0x0035, 
	0x0001, 0x0036, 0x0001, 0x0037, 0x0001, 0x0038, 0x0001, 0x0039, 0x0001, 
	0x003A, 0x0001, 0x003B, 0x0001, 0x003C, 0x0001, 0x003D, 0x0001, 0x003E, 
});
smlua_anim_util_register_animation('JWAR_SH_BASH',0, 0, 0, 0, 39, { 
	0x0000, 0x00C0, 0x00C0, 0x00BF, 0x00BE, 0x00BD, 0x00BB, 0x00BA, 0x00B8, 
	0x00B5, 0x00B3, 0x00B1, 0x00AF, 0x00AD, 0x00AA, 0x00A8, 0x00A7, 0x00A5, 
	0x00A4, 0x00A3, 0x00A2, 0x00A2, 0x00A2, 0x00A3, 0x00A4, 0x00A5, 0x00A7, 
	0x00A8, 0x00AA, 0x00AD, 0x00AF, 0x00B1, 0x00B3, 0x00B5, 0x00B8, 0x00BA, 
	0x00BB, 0x00BD, 0x00BE, 0x00BF, 0x00C0, 0x0000, 0x0000, 0x4000, 0x0000, 
	0xDFFF, 0x0000, 0x4000, 0xFFFF, 0x0000, 0x0000, 0x0000, 0x0000, 0x0000, 
	0x0000, 0x0000, 0x0000, 0x0000, 0xFFFF, 0xFFFF, 0xFFFF, 0xFFFF, 0x0000, 
	0x0000, 0xFFFF, 0x11C7, 0x0A83, 0x0A87, 0x0A8B, 0x0A8E, 0x0A90, 0x0A91, 
	0x0A91, 0x0A90, 0x0A8F, 0x0A8E, 0x0A8C, 0x0A89, 0x0A87, 0x0A84, 0x0A81, 
	0x0A7D, 0x0A79, 0x0A75, 0x0A71, 0x0A6C, 0x0A68, 0x0A63, 0x0A5E, 0x0A5A, 
	0x0A58, 0x0A57, 0x0A57, 0x0A58, 0x0A59, 0x0A5B, 0x0A5D, 0x0A60, 0x0A63, 
	0x0A66, 0x0A6A, 0x0A6E, 0x0A72, 0x0A76, 0x0A7A, 0x0A7F, 0xFE2A, 0xFE44, 
	0xFE5D, 0xFE71, 0xFE7E, 0xFE83, 0xFE82, 0xFE7D, 0xFE76, 0xFE6C, 0xFE60, 
	0xFE52, 0xFE42, 0xFE31, 0xFE1E, 0xFE0A, 0xFDF6, 0xFDE0, 0xFDCB, 0xFDB5, 
	0xFD9F, 0xFD8A, 0xFD77, 0xFD68, 0xFD5D, 0xFD59, 0xFD5B, 0xFD5F, 0xFD65, 
	0xFD6E, 0xFD78, 0xFD85, 0xFD93, 0xFDA3, 0xFDB3, 0xFDC6, 0xFDD9, 0xFDEC, 
	0xFE01, 0xFE15, 0xF518, 0xF4B4, 0xF458, 0xF40C, 0xF3D9, 0xF3C6, 0xF3CC, 
	0xF3DD, 0xF3F8, 0xF41D, 0xF44B, 0xF480, 0xF4BC, 0xF4FE, 0xF545, 0xF590, 
	0xF5DF, 0xF630, 0xF682, 0xF6D6, 0xF728, 0xF779, 0xF7C3, 0xF7FF, 0xF828, 
	0xF837, 0xF832, 0xF822, 0xF80A, 0xF7E9, 0xF7C0, 0xF791, 0xF75A, 0xF71E, 
	0xF6DE, 0xF698, 0xF650, 0xF604, 0xF5B6, 0xF567, 0x0000, 0x0000, 0x0000, 
	0x0000, 0x0000, 0x0000, 0x0000, 0x0000, 0x0000, 0xFFFF, 0xFFFF, 0xFFFF, 
	0xFFFF, 0x0000, 0x0000, 0xFFFF, 0xFFFF, 0xBFFF, 0xDA61, 0x956D, 0xF2C3, 
	0x0000, 0x0000, 0xB1DD, 0xCD45, 0xE1BA, 0xDF51, 0x0000, 0xFFFF, 0xBFFF, 
	0x122D, 0x2424, 0xEDC0, 0xFFFF, 0x0000, 0xC012, 0x10CD, 0x037D, 0xEA0A, 
	0x0000, 0x2000, 0xBFFF, 0x0000, 0x0000, 0x0000, 0x0000, 0x0000, 0x0000, 
	0x0000, 0x0000, 0x0000, 0x0000, 0x0000, 0x0000, 0x0000, 0x0000, 0x0000, 
	0x0000, 0x0000, 0x0000, 0x0000, 0x0000, 0xFFFF, 0xFFFF, 0xFFFF, 0xFFFF, 
	0xFFFF, 0xFFFF, 0x0000, 0x0000, 0xFFFF, 0xFFFF, 0xFFFF, 0xFFFF, 0x0000, 
	0xFFFF, 0x0000, 0x0000, 0x0000, 0x0000, 0x0000, 0x0000, 0x0000, 0x0000, 
	0x0000, 0x0000, 0x0000, 0x0000, 0x0000, 0x0000, 0x0000, 0x0000, 0x0000, 
	0x0000, 0x0000, 0x0000, 0x0000, 0x0000, 0x0000, 0x0000, 0x0000, 0x0000, 
	0xFFFF, 0x0000, 0x0000, 0x0000, 0xFFFF, 0x8000, 0x8666, 0x8CCC, 0x9333, 
	0x9999, 0x9FFF, 0xA666, 0xACCC, 0xB333, 0xB999, 0xBFFF, 0xC666, 0xCCCC, 
	0xD332, 0xD999, 0xDFFF, 0xE666, 0xECCC, 0xF332, 0xF999, 0x0000, 0x0666, 
	0x0CCD, 0x1333, 0x199A, 0x2000, 0x2666, 0x2CCD, 0x3333, 0x3999, 0x4000, 
	0x4666, 0x4CCD, 0x5333, 0x5999, 0x6000, 0x6666, 0x6CCC, 0x7333, 0x7999, 
	0x0000, 0x0000, 0x0000, 0x0000, 0x0000, 0x0000, 0x0000, 0x0000, 0x0000, 
	0x0000, 0xFFFF, 0xFFFF, 0xFFFF, 0xFFFF, 0xFFFF, 0xFFFF, 0xFFFF, 0xFFFF, 
	0xFFFF, 0xFFFF, 0x0000, 0x0000, 0x0000, 0x0000, 0x0000, 0x0000, 0x0000, 
	0x0000, 0x0000, 0x0000, 0x0000, 0x0000, 0x0000, 0x0000, 0x0000, 0x0000, 
	0x0000, 0x0000, 0x0000, 0x0000, 0x0000, 0xFFFF, 0x1555, 0x14BC, 0x131D, 
	0x10BA, 0x0DD3, 0x0AAB, 0x0782, 0x049C, 0x0238, 0x0099, 0xFFFF, 0x02CA, 
	0x0A5B, 0x1581, 0x230B, 0x31C7, 0x4083, 0x4E0D, 0x5933, 0x60C4, 0x638E, 
	0x62FD, 0x615D, 0x5ECD, 0x5B6B, 0x5755, 0x52A9, 0x4D84, 0x4805, 0x424A, 
	0x3C72, 0x3699, 0x30DE, 0x2B5F, 0x263B, 0x218E, 0x1D78, 0x1A16, 0x1786, 
	0x15E6, 0x0000, 0x0000, 0x0000, 0x0000, 0x0000, 0x0000, 0x0000, 0x0000, 
	0x0000, 0x0000, 0x0000, 0x0000, 0x0000, 0x0000, 0x0000, 0xFFFF, 0xFFFF, 
	0xFFFF, 0xFFFF, 0xFFFF, 0x0000, 0xFFFF, 0xFFFF, 0x0000, 0x0000, 0xFFFF, 
	0x0000, 0x0000, 0xFFFF, 0x0000, 0x0000, 0xFFFF, 0x0000, 0xFFFF, 0xFFFF, 
	0xFFFF, 0xFFFF, 0xFFFF, 0xFFFF, 0xFFFF, 0xFFFF, 0x0000, 0x0000, 0xFFFF, 
	0xFFFF, 0xFFFF, 0x0000, 0x0000, 0x0000, 0xFFFF, 0x0000, 0xFFFF, 0xFFFF, 
	0xFFFF, 0xFFFF, 0xFFFF, 0xFFFF, 0xFFFF, 0xFFFF, 0x0000, 0xCE93, 0xCE91, 
	0xCE86, 0xCE67, 0xCE2C, 0xCDC9, 0xCD36, 0xCC68, 0xCB57, 0xC9F7, 0xC841, 
	0xC629, 0xC3A7, 0xC0B0, 0xBD3B, 0xB93E, 0xB456, 0xAE5D, 0xA7A4, 0xA07F, 
	0x993E, 0x922A, 0x8B67, 0x850F, 0x7F3B, 0x7A05, 0x7588, 0x71DD, 0x6F1E, 
	0x6D65, 0x6CCC, 0x6F89, 0x76F8, 0x81EB, 0x8F37, 0x9DB0, 0xAC28, 0xB974, 
	0xC468, 0xCBD6, 0x0000, 0x2000, 0xBFFF, 0xFFFF, 0xFFFF, 0xFFFF, 0xFFFF, 
	0xFFFF, 0xFFFF, 0xFFFF, 0xFFFF, 0xFFFF, 0x0000, 0xFFFF, 0xFFFF, 0x0000, 
	0xFFFF, 0xFFFF, 0xFFFF, 0xFFFF, 0xFFFF, 0xFFFF, 0xFFFF, 0x0000, 0xFFFF, 
	0xFFFF, 0xFFFF, 0xFFFF, 0xFFFF, 0xFFFF, 0xFFFF, 0xFFFF, 0xFFFF, 0xFFFF, 
	0xFFFF, 0xFFFF, 0xFFFF, 0xFFFF, 0xFFFF, 0xFFFF, 0xFFFF, 0xFFFF, 0xFFFF, 
	0xFFFF, 0xFFFF, 0xFFFF, 0xFFFF, 0xFFFF, 0xFFFF, 0xFFFF, 0xFFFF, 0xFFFF, 
	0x0000, 0x0000, 0x0666, 0x0CCD, 0x1333, 0x199A, 0x2000, 0x2666, 0x2CCD, 
	0x3333, 0x3999, 0x4000, 0x4666, 0x4CCD, 0x5333, 0x5999, 0x6000, 0x6666, 
	0x6CCC, 0x7333, 0x7999, 0x8000, 0x8666, 0x8CCC, 0x9333, 0x9999, 0x9FFF, 
	0xA666, 0xACCC, 0xB333, 0xB999, 0xBFFF, 0xC666, 0xCCCC, 0xD332, 0xD999, 
	0xDFFF, 0xE666, 0xECCC, 0xF332, 0xF999, 0x0000, 0x0000, 0x0000, 0x0000, 
	0x0000, 0x0000, 0x0000, 0x0000, 0x0000, 0x0000, 0x0000, 0x0000, 0x0000, 
	0x0000, 0x0000, 0x0000, 0x0000, 0x0000, 0x0000, 0x0000, 0xFFFF, 0xFFFF, 
	0xFFFF, 0xFFFF, 0xFFFF, 0xFFFF, 0xFFFF, 0xFFFF, 0xFFFF, 0xFFFF, 0xFFFF, 
	0xFFFF, 0xFFFF, 0xFFFF, 0xFFFF, 0xFFFF, 0xFFFF, 0xFFFF, 0xFFFF, 0xFFFF, 
	0xFFFF, 0x0000, 0x638E, 0x632E, 0x621A, 0x605E, 0x5E09, 0x5B2A, 0x57CF, 
	0x5407, 0x4FDF, 0x4B66, 0x46AA, 0x41BA, 0x3CA5, 0x3777, 0x3240, 0x2D0E, 
	0x27EF, 0x22F3, 0x1E26, 0x1997, 0x1555, 0x116C, 0x0DE1, 0x0AB7, 0x07F0, 
	0x058E, 0x0395, 0x0208, 0x00E9, 0x003B, 0xFFFF, 0x02CA, 0x0A5B, 0x1581, 
	0x230B, 0x31C7, 0x4083, 0x4E0D, 0x5933, 0x60C4, 0xFFFF, 0x0000, 0xFFFF, 
	0x0000, 0x0000, 0xFFFF, 0xFFFF, 0x0000, 0x0000, 0xFFFF, 0x0000, 0x0000, 
	0xFFFF, 0x0000, 0x0000, 0x0000, 0x0000, 0x0000, 0x0000, 0xFFFF, 0x0000, 
	0x0000, 0x0000, 0x0000, 0x0000, 0x0000, 0x0000, 0x0000, 0x0000, 0x0000, 
	0x0000, 0x0000, 0x0000, 0x0000, 0x0000, 0xFFFF, 0xFFFF, 0x0000, 0xFFFF, 
	0x0000, 0xFFFF, 0x0000, 0xFFFF, 0xFFFF, 0xFFFF, 0xFFFF, 0x0000, 0xFFFF, 
	0x993E, 0x97FF, 0x949F, 0x8FA4, 0x8999, 0x8305, 0x7C71, 0x7666, 0x716C, 
	0x6E0B, 0x6CCC, 0x6F89, 0x76F8, 0x81EB, 0x8F37, 0x9DB0, 0xAC28, 0xB974, 
	0xC468, 0xCBD6, 0xCE93, 0xCE91, 0xCE86, 0xCE67, 0xCE2C, 0xCDC9, 0xCD36, 
	0xCC68, 0xCB57, 0xC9F7, 0xC841, 0xC629, 0xC3A7, 0xC0B0, 0xBD3B, 0xB93E, 
	0xB32F, 0xAAE8, 0xA275, 0x9BE3, 
	},{ 
	0x0001, 0x0000, 0x0028, 0x0001, 0x0001, 0x0029, 0x0001, 0x002A, 0x0001, 
	0x002B, 0x0001, 0x002C, 0x0001, 0x002D, 0x0001, 0x002E, 0x0001, 0x002F, 
	0x0001, 0x0030, 0x0010, 0x0031, 0x0001, 0x0041, 0x0028, 0x0042, 0x0028, 
	0x006A, 0x0028, 0x0092, 0x0010, 0x00BA, 0x0001, 0x00CA, 0x0001, 0x00CB, 
	0x0001, 0x00CC, 0x0001, 0x00CD, 0x0001, 0x00CE, 0x0001, 0x00CF, 0x0001, 
	0x00D0, 0x0001, 0x00D1, 0x0001, 0x00D2, 0x0001, 0x00D3, 0x0001, 0x00D4, 
	0x0001, 0x00D5, 0x0001, 0x00D6, 0x0001, 0x00D7, 0x0001, 0x00D8, 0x0001, 
	0x00D9, 0x0001, 0x00DA, 0x0001, 0x00DB, 0x0001, 0x00DC, 0x0001, 0x00DD, 
	0x0001, 0x00DE, 0x0001, 0x00DF, 0x0001, 0x00E0, 0x0001, 0x00E1, 0x0001, 
	0x00E2, 0x0001, 0x00E3, 0x0022, 0x00E4, 0x001F, 0x0106, 0x0028, 0x0125, 
	0x0015, 0x014D, 0x0015, 0x0162, 0x0028, 0x0177, 0x001D, 0x019F, 0x001F, 
	0x01BC, 0x0028, 0x01DB, 0x0001, 0x0203, 0x0001, 0x0204, 0x0001, 0x0205, 
	0x0015, 0x0206, 0x001D, 0x021B, 0x0028, 0x0238, 0x0015, 0x0260, 0x0015, 
	0x0275, 0x0028, 0x028A, 0x000A, 0x02B2, 0x0026, 0x02BC, 0x0028, 0x02E2, 
});
smlua_anim_util_register_animation('JWAR_SH_BASH_JUMP',1, 0, 0, 0, 0, { 
	0x0000, 0x00C0, 0x0000, 0x0000, 0x4000, 0x0000, 0xDFFF, 0x0000, 0x4000, 
	0xFFFF, 0x0000, 0x11C7, 0x0A9A, 0xFECB, 0xF2B7, 0x0000, 0xFFFF, 0xBFFF, 
	0xDA61, 0x956D, 0xF2C3, 0x0000, 0x0000, 0xB1DD, 0xCD45, 0xE1BA, 0xDF51, 
	0x0000, 0xFFFF, 0xBFFF, 0x122D, 0x2424, 0xEDC0, 0xFFFF, 0x0000, 0xC012, 
	0x10CD, 0x037D, 0xEA0A, 0x0000, 0x2000, 0xBFFF, 0x0000, 0x0000, 0x88C9, 
	0xFFFF, 0x0000, 0x12E1, 0xFFFF, 0x0000, 0xCC1F, 0x0000, 0x2000, 0xBFFF, 
	0x0000, 0xFFFF, 0xD729, 0x0000, 0x0000, 0x251F, 0xFFFF, 0xFFFF, 0xDFC7, 
	},{ 
	0x0001, 0x0000, 0x0001, 0x0001, 0x0001, 0x0002, 0x0001, 0x0003, 0x0001, 
	0x0004, 0x0001, 0x0005, 0x0001, 0x0006, 0x0001, 0x0007, 0x0001, 0x0008, 
	0x0001, 0x0009, 0x0001, 0x000A, 0x0001, 0x000B, 0x0001, 0x000C, 0x0001, 
	0x000D, 0x0001, 0x000E, 0x0001, 0x000F, 0x0001, 0x0010, 0x0001, 0x0011, 
	0x0001, 0x0012, 0x0001, 0x0013, 0x0001, 0x0014, 0x0001, 0x0015, 0x0001, 
	0x0016, 0x0001, 0x0017, 0x0001, 0x0018, 0x0001, 0x0019, 0x0001, 0x001A, 
	0x0001, 0x001B, 0x0001, 0x001C, 0x0001, 0x001D, 0x0001, 0x001E, 0x0001, 
	0x001F, 0x0001, 0x0020, 0x0001, 0x0021, 0x0001, 0x0022, 0x0001, 0x0023, 
	0x0001, 0x0024, 0x0001, 0x0025, 0x0001, 0x0026, 0x0001, 0x0027, 0x0001, 
	0x0028, 0x0001, 0x0029, 0x0001, 0x002A, 0x0001, 0x002B, 0x0001, 0x002C, 
	0x0001, 0x002D, 0x0001, 0x002E, 0x0001, 0x002F, 0x0001, 0x0030, 0x0001, 
	0x0031, 0x0001, 0x0032, 0x0001, 0x0033, 0x0001, 0x0034, 0x0001, 0x0035, 
	0x0001, 0x0036, 0x0001, 0x0037, 0x0001, 0x0038, 0x0001, 0x0039, 0x0001, 
	0x003A, 0x0001, 0x003B, 0x0001, 0x003C, 0x0001, 0x003D, 0x0001, 0x003E, 
});
smlua_anim_util_register_animation('JWAR_HEAD_BASH',0, 0, 0, 0, 40, { 
	0x0000, 0x00A2, 0x00A2, 0x00A3, 0x00A4, 0x00A5, 0x00A7, 0x00A8, 0x00AA, 
	0x00AD, 0x00AF, 0x00B1, 0x00B3, 0x00B5, 0x00B8, 0x00BA, 0x00BB, 0x00BD, 
	0x00BE, 0x00BF, 0x00C0, 0x00C0, 0x00C0, 0x00BF, 0x00BE, 0x00BD, 0x00BB, 
	0x00BA, 0x00B8, 0x00B5, 0x00B3, 0x00B1, 0x00AF, 0x00AD, 0x00AA, 0x00A8, 
	0x00A7, 0x00A5, 0x00A4, 0x00A3, 0x00A2, 0x0000, 0x0000, 0x4000, 0x0000, 
	0xFFFF, 0xFFFF, 0x4000, 0xFFFF, 0x0000, 0x1FDB, 0xFFFF, 0xFFFF, 0x0CC0, 
	0x0D6F, 0x0E1A, 0x0EBE, 0x0F57, 0x0FE2, 0x105C, 0x10C1, 0x110E, 0x113E, 
	0x114F, 0x1140, 0x1114, 0x10CE, 0x1070, 0x0FFC, 0x0F74, 0x0EDB, 0x0E33, 
	0x0D7F, 0x0CC0, 0x0BFA, 0x0B31, 0x0A6B, 0x09AE, 0x08FE, 0x0863, 0x07E0, 
	0x077C, 0x073B, 0x0725, 0x073A, 0x0775, 0x07D3, 0x084F, 0x08E5, 0x0991, 
	0x0A4E, 0x0B17, 0x0BE9, 0x0CC0, 0x0000, 0xFFFF, 0xBFFF, 0xB4F7, 0xB6C5, 
	0xBB24, 0xC086, 0xC55B, 0xC813, 0xC91C, 0xC9F0, 0xCA95, 0xCB11, 0xCB6A, 
	0xCBA5, 0xCBC9, 0xCBDC, 0xCBE3, 0xCBE4, 0xCBE3, 0xCBE0, 0xCBD7, 0xCBC6, 
	0xCBAA, 0xCB7F, 0xCB45, 0xCAF6, 0xCA92, 0xCA14, 0xC956, 0xC83C, 0xC6D7, 
	0xC535, 0xC366, 0xC179, 0xBF7E, 0xBD85, 0xBB9D, 0xB9D5, 0xB83E, 0xB6E6, 
	0xB5DD, 0xB533, 0xB4F7, 0xF335, 0xF2DD, 0xF1E3, 0xF060, 0xEE6F, 0xEC26, 
	0xE9A0, 0xE6F4, 0xE43C, 0xE190, 0xDF0A, 0xDCC1, 0xDACF, 0xD94D, 0xD853, 
	0xD7FA, 0xD81B, 0xD879, 0xD90F, 0xD9D8, 0xDACF, 0xDBED, 0xDD2F, 0xDE8E, 
	0xE005, 0xE18F, 0xE326, 0xE4C5, 0xE667, 0xE807, 0xE99E, 0xEB28, 0xECA0, 
	0xEDFF, 0xEF41, 0xF060, 0xF157, 0xF220, 0xF2B7, 0xF315, 0xF335, 0x15E2, 
	0x1579, 0x145C, 0x12B5, 0x10B1, 0x0E7A, 0x0C36, 0x09F0, 0x07AB, 0x056C, 
	0x0337, 0x010F, 0xFEF9, 0xFCFA, 0xFB16, 0xF950, 0xF7AC, 0xF62D, 0xF4D4, 
	0xF3A3, 0xF29D, 0xF1C1, 0xF114, 0xF096, 0xF049, 0xF02E, 0xF0A9, 0xF203, 
	0xF41A, 0xF6CB, 0xF9F4, 0xFD73, 0x0127, 0x04EB, 0x089D, 0x0C1C, 0x0F45, 
	0x11F6, 0x140D, 0x1567, 0x15E2, 0x0000, 0x0000, 0x0000, 0x0000, 0x0000, 
	0xFFFF, 0x0000, 0xFFFF, 0xFFFF, 0xFFFF, 0xFFFF, 0xFFFF, 0xFFFF, 0xFFFF, 
	0xFFFF, 0xFFFF, 0xFFFF, 0xFFFF, 0xFFFF, 0xFFFF, 0xFFFF, 0xFFFF, 0xFFFF, 
	0xFFFF, 0xFFFF, 0xFFFF, 0xFFFF, 0xFFFF, 0xFFFF, 0xFFFF, 0xFFFF, 0xFFFF, 
	0xFFFF, 0xFFFF, 0x0000, 0xFFFF, 0xE987, 0xEB85, 0xF045, 0xF5F0, 0xFAB0, 
	0xFCAE, 0xFB66, 0xF7E0, 0xF29C, 0xEC17, 0xE4D0, 0xDD46, 0xD5F6, 0xCF5F, 
	0xCA00, 0xC656, 0xC3F3, 0xC20A, 0xC08D, 0xBF6E, 0xBEA1, 0xBE18, 0xBDC4, 
	0xBD99, 0xBD89, 0xBD87, 0xBE17, 0xBFAB, 0xC21B, 0xC53F, 0xC8F0, 0xCD04, 
	0xD155, 0xD5BA, 0xDA0A, 0xDE1F, 0xE1CF, 0xE4F4, 0xE764, 0xE8F8, 0xE987, 
	0xD42A, 0xF737, 0xF67A, 0x0000, 0xFFFF, 0xBFFF, 0x4B92, 0x49C1, 0x455F, 
	0x4005, 0x3B4D, 0x38D0, 0x380D, 0x3771, 0x36F8, 0x369D, 0x365C, 0x3630, 
	0x3615, 0x3608, 0x3603, 0x3602, 0x3602, 0x3605, 0x360B, 0x3618, 0x362D, 
	0x364C, 0x3677, 0x36B1, 0x36FB, 0x3757, 0x37F2, 0x38EC, 0x3A36, 0x3BC0, 
	0x3D79, 0x3F53, 0x413E, 0x4329, 0x4506, 0x46C5, 0x4855, 0x49A8, 0x4AAE, 
	0x4B56, 0x4B92, 0x0979, 0x09D3, 0x0ACE, 0x0C51, 0x0E45, 0x1090, 0x131A, 
	0x15C8, 0x1883, 0x1B32, 0x1DBB, 0x2006, 0x21FA, 0x237E, 0x2479, 0x24D2, 
	0x24B1, 0x2452, 0x23BB, 0x22F1, 0x21F9, 0x20D8, 0x1F95, 0x1E34, 0x1CBB, 
	0x1B30, 0x1996, 0x17F5, 0x1652, 0x14B1, 0x1318, 0x118C, 0x1014, 0x0EB3, 
	0x0D71, 0x0C51, 0x0B59, 0x0A8F, 0x09F8, 0x099A, 0x0979, 0x199C, 0x1937, 
	0x1826, 0x1691, 0x14A4, 0x1288, 0x1062, 0x0E3A, 0x0C15, 0x09F5, 0x07DD, 
	0x05D1, 0x03D3, 0x01E6, 0x000F, 0xFE4E, 0xFCA9, 0xFB22, 0xF9BD, 0xF87D, 
	0xF765, 0xF678, 0xF5BA, 0xF52E, 0xF4D8, 0xF4BB, 0xF533, 0xF685, 0xF890, 
	0xFB32, 0xFE4A, 0x01B7, 0x0555, 0x0903, 0x0CA1, 0x100D, 0x1324, 0x15C6, 
	0x17D1, 0x1924, 0x199C, 0x0000, 0x0000, 0x0000, 0x0000, 0x0000, 0x0000, 
	0x0000, 0x0000, 0x0000, 0x0000, 0x0000, 0x0000, 0x0000, 0xFFFF, 0xFFFF, 
	0xFFFF, 0xFFFF, 0xFFFF, 0xFFFF, 0xFFFF, 0xFFFF, 0xFFFF, 0xFFFF, 0xFFFF, 
	0xFFFF, 0xFFFF, 0xFFFF, 0xFFFF, 0xFFFF, 0xFFFF, 0xFFFF, 0xFFFF, 0xFFFF, 
	0xFFFF, 0x0000, 0x0000, 0xE8C0, 0xEABE, 0xEF7D, 0xF529, 0xF9E9, 0xFBE7, 
	0xFA9E, 0xF718, 0xF1D4, 0xEB4F, 0xE408, 0xDC7E, 0xD52E, 0xCE97, 0xC938, 
	0xC58F, 0xC32B, 0xC142, 0xBFC5, 0xBEA7, 0xBDD9, 0xBD50, 0xBCFC, 0xBCD2, 
	0xBCC2, 0xBCC0, 0xBD4F, 0xBEE3, 0xC153, 0xC477, 0xC828, 0xCC3C, 0xD08D, 
	0xD4F2, 0xD943, 0xDD57, 0xE108, 0xE42C, 0xE69C, 0xE830, 0xE8C0, 0x2E36, 
	0x08C1, 0xF893, 0x0000, 0x0000, 0xBFFF, 0x0000, 0x0000, 0x0000, 0x0000, 
	0x0000, 0x0000, 0x0000, 0x0000, 0x0000, 0x0000, 0x0000, 0x0000, 0x0000, 
	0x0000, 0x0000, 0x0000, 0x0000, 0x0000, 0x0000, 0x0000, 0xFFFF, 0xFFFF, 
	0xFFFF, 0xFFFF, 0xFFFF, 0xFFFF, 0xFFFF, 0xFFFF, 0xFFFF, 0xFFFF, 0xFFFF, 
	0xFFFF, 0xFFFF, 0xFFFF, 0xFFFF, 0xFFFF, 0xFFFF, 0xFFFF, 0xFFFF, 0xFFFF, 
	0x0000, 0x0000, 0x0000, 0x0000, 0x0000, 0x0000, 0x0000, 0x0000, 0x0000, 
	0x0000, 0x0000, 0x0000, 0x0000, 0x0000, 0x0000, 0x0000, 0x0000, 0x0000, 
	0x0000, 0x0000, 0x0000, 0x0000, 0xFFFF, 0x0000, 0x0000, 0x0000, 0xFFFF, 
	0xFFFF, 0xFFFF, 0x0000, 0x0000, 0xFFFF, 0x0000, 0xFFFF, 0x0000, 0x0000, 
	0x0000, 0xFFFF, 0x0000, 0x0000, 0xFFFF, 0x0000, 0x8000, 0x8666, 0x8CCC, 
	0x9333, 0x9999, 0x9FFF, 0xA666, 0xACCC, 0xB333, 0xB999, 0xBFFF, 0xC666, 
	0xCCCC, 0xD332, 0xD999, 0xDFFF, 0xE666, 0xECCC, 0xF332, 0xF999, 0x0000, 
	0x0666, 0x0CCD, 0x1333, 0x199A, 0x2000, 0x2666, 0x2CCD, 0x3333, 0x3999, 
	0x4000, 0x4666, 0x4CCD, 0x5333, 0x5999, 0x6000, 0x6666, 0x6CCC, 0x7333, 
	0x7999, 0x8000, 0x0000, 0x0000, 0x0000, 0x0000, 0x0000, 0x0000, 0x0000, 
	0x0000, 0x0000, 0x0000, 0xFFFF, 0xFFFF, 0xFFFF, 0xFFFF, 0xFFFF, 0xFFFF, 
	0xFFFF, 0xFFFF, 0xFFFF, 0xFFFF, 0x0000, 0x0000, 0x0000, 0x0000, 0x0000, 
	0x0000, 0x0000, 0x0000, 0x0000, 0x0000, 0x0000, 0x0000, 0x0000, 0x0000, 
	0x0000, 0x0000, 0x0000, 0x0000, 0x0000, 0x0000, 0xFFFF, 0x0000, 0x0000, 
	0x0000, 0x0000, 0x0000, 0x0000, 0x0000, 0x0000, 0x0000, 0x0000, 0x0000, 
	0x0000, 0x0000, 0x0000, 0x0000, 0x0000, 0x0000, 0x0000, 0x0000, 0x0000, 
	0xFFFF, 0xFFFF, 0xFFFF, 0xFFFF, 0xFFFF, 0xFFFF, 0xFFFF, 0xFFFF, 0xFFFF, 
	0xFFFF, 0xFFFF, 0xFFFF, 0xFFFF, 0xFFFF, 0xFFFF, 0xFFFF, 0xFFFF, 0xFFFF, 
	0xFFFF, 0xFFFF, 0x0000, 0x1555, 0x14BC, 0x131D, 0x10BA, 0x0DD3, 0x0AAB, 
	0x0782, 0x049C, 0x0238, 0x0099, 0xFFFF, 0x02CA, 0x0A5B, 0x1581, 0x230B, 
	0x31C7, 0x4083, 0x4E0D, 0x5933, 0x60C4, 0x638E, 0x62FD, 0x615D, 0x5ECD, 
	0x5B6B, 0x5755, 0x52A9, 0x4D84, 0x4805, 0x424A, 0x3C72, 0x3699, 0x30DE, 
	0x2B5F, 0x263B, 0x218E, 0x1D78, 0x1A16, 0x1786, 0x15E6, 0x1555, 0x0000, 
	0x0000, 0x0000, 0x0000, 0x0000, 0x0000, 0x0000, 0x0000, 0x0000, 0x0000, 
	0x0000, 0x0000, 0x0000, 0x0000, 0x0000, 0xFFFF, 0xFFFF, 0xFFFF, 0xFFFF, 
	0xFFFF, 0x0000, 0x0000, 0x0000, 0x0000, 0xFFFF, 0xFFFF, 0xFFFF, 0x0000, 
	0x0000, 0xFFFF, 0x0000, 0x0000, 0x0000, 0x0000, 0x0000, 0xFFFF, 0x0000, 
	0x0000, 0xFFFF, 0x0000, 0x0000, 0xFFFF, 0xFFFF, 0xFFFF, 0x0000, 0xFFFF, 
	0x0000, 0xFFFF, 0xFFFF, 0xFFFF, 0xFFFF, 0xFFFF, 0x0000, 0xFFFF, 0xFFFF, 
	0xFFFF, 0xFFFF, 0xFFFF, 0xFFFF, 0xFFFF, 0x0000, 0x0000, 0x0000, 0x0000, 
	0x0000, 0x0000, 0x0000, 0x0000, 0x0000, 0x0000, 0xFFFF, 0xCE93, 0xCE91, 
	0xCE86, 0xCE67, 0xCE2C, 0xCDC9, 0xCD36, 0xCC68, 0xCB57, 0xC9F7, 0xC841, 
	0xC629, 0xC3A7, 0xC0B0, 0xBD3B, 0xB93E, 0xB456, 0xAE5D, 0xA7A4, 0xA07F, 
	0x993E, 0x922A, 0x8B67, 0x850F, 0x7F3B, 0x7A05, 0x7588, 0x71DD, 0x6F1E, 
	0x6D65, 0x6CCC, 0x6F89, 0x76F8, 0x81EB, 0x8F37, 0x9DB0, 0xAC28, 0xB974, 
	0xC468, 0xCBD6, 0xCE93, 0x0000, 0x0000, 0xBFFF, 0xFFFF, 0xFFFF, 0xFFFF, 
	0xFFFF, 0xFFFF, 0xFFFF, 0xFFFF, 0xFFFF, 0xFFFF, 0xFFFF, 0xFFFF, 0xFFFF, 
	0xFFFF, 0xFFFF, 0xFFFF, 0xFFFF, 0xFFFF, 0xFFFF, 0xFFFF, 0xFFFF, 0x0000, 
	0x0000, 0x0000, 0x0000, 0x0000, 0x0000, 0x0000, 0x0000, 0x0000, 0x0000, 
	0x0000, 0x0000, 0x0000, 0x0000, 0x0000, 0x0000, 0x0000, 0x0000, 0x0000, 
	0x0000, 0xFFFF, 0xFFFF, 0xFFFF, 0xFFFF, 0xFFFF, 0xFFFF, 0xFFFF, 0xFFFF, 
	0xFFFF, 0xFFFF, 0xFFFF, 0xFFFF, 0xFFFF, 0xFFFF, 0xFFFF, 0xFFFF, 0xFFFF, 
	0xFFFF, 0xFFFF, 0xFFFF, 0xFFFF, 0x0000, 0x0000, 0xFFFF, 0x0000, 0x0000, 
	0xFFFF, 0x0000, 0xFFFF, 0xFFFF, 0xFFFF, 0x0000, 0xFFFF, 0xFFFF, 0x0000, 
	0x0000, 0xFFFF, 0x0000, 0x0000, 0x0000, 0xFFFF, 0x0000, 0x0000, 0x0666, 
	0x0CCD, 0x1333, 0x199A, 0x2000, 0x2666, 0x2CCD, 0x3333, 0x3999, 0x4000, 
	0x4666, 0x4CCD, 0x5333, 0x5999, 0x6000, 0x6666, 0x6CCC, 0x7333, 0x7999, 
	0x8000, 0x8666, 0x8CCC, 0x9333, 0x9999, 0x9FFF, 0xA666, 0xACCC, 0xB333, 
	0xB999, 0xBFFF, 0xC666, 0xCCCC, 0xD332, 0xD999, 0xDFFF, 0xE666, 0xECCC, 
	0xF332, 0xF999, 0x0000, 0x0000, 0x0000, 0x0000, 0x0000, 0x0000, 0x0000, 
	0x0000, 0x0000, 0x0000, 0x0000, 0x0000, 0x0000, 0x0000, 0x0000, 0x0000, 
	0x0000, 0x0000, 0x0000, 0x0000, 0x0000, 0xFFFF, 0xFFFF, 0xFFFF, 0xFFFF, 
	0xFFFF, 0xFFFF, 0xFFFF, 0xFFFF, 0xFFFF, 0xFFFF, 0xFFFF, 0xFFFF, 0xFFFF, 
	0xFFFF, 0xFFFF, 0xFFFF, 0xFFFF, 0xFFFF, 0xFFFF, 0xFFFF, 0x0000, 0xFFFF, 
	0xFFFF, 0xFFFF, 0xFFFF, 0xFFFF, 0xFFFF, 0xFFFF, 0xFFFF, 0xFFFF, 0xFFFF, 
	0xFFFF, 0xFFFF, 0xFFFF, 0xFFFF, 0xFFFF, 0xFFFF, 0xFFFF, 0xFFFF, 0xFFFF, 
	0xFFFF, 0x0000, 0x0000, 0x0000, 0x0000, 0x0000, 0x0000, 0x0000, 0x0000, 
	0x0000, 0x0000, 0x0000, 0x0000, 0x0000, 0x0000, 0x0000, 0x0000, 0x0000, 
	0x0000, 0x0000, 0x0000, 0xFFFF, 0x638E, 0x632E, 0x621A, 0x605E, 0x5E09, 
	0x5B2A, 0x57CF, 0x5407, 0x4FDF, 0x4B66, 0x46AA, 0x41BA, 0x3CA5, 0x3777, 
	0x3240, 0x2D0E, 0x27EF, 0x22F3, 0x1E26, 0x1997, 0x1555, 0x116C, 0x0DE1, 
	0x0AB7, 0x07F0, 0x058E, 0x0395, 0x0208, 0x00E9, 0x003B, 0xFFFF, 0x02CA, 
	0x0A5B, 0x1581, 0x230B, 0x31C7, 0x4083, 0x4E0D, 0x5933, 0x60C4, 0x638E, 
	0x0000, 0x0000, 0x0000, 0xFFFF, 0xFFFF, 0xFFFF, 0xFFFF, 0x0000, 0x0000, 
	0xFFFF, 0x0000, 0xFFFF, 0x0000, 0xFFFF, 0x0000, 0x0000, 0x0000, 0x0000, 
	0x0000, 0x0000, 0x0000, 0x0000, 0x0000, 0x0000, 0x0000, 0x0000, 0x0000, 
	0x0000, 0x0000, 0x0000, 0xFFFF, 0x0000, 0xFFFF, 0x0000, 0xFFFF, 0x0000, 
	0x0000, 0x0000, 0x0000, 0x0000, 0x0000, 0x0000, 0x0000, 0xFFFF, 0x0000, 
	0x0000, 0xFFFF, 0xFFFF, 0x0000, 0x0000, 0xFFFF, 0x993E, 0x97FF, 0x949F, 
	0x8FA4, 0x8999, 0x8305, 0x7C71, 0x7666, 0x716C, 0x6E0B, 0x6CCC, 0x6F89, 
	0x76F8, 0x81EB, 0x8F37, 0x9DB0, 0xAC28, 0xB974, 0xC468, 0xCBD6, 0xCE93, 
	0xCE91, 0xCE86, 0xCE67, 0xCE2C, 0xCDC9, 0xCD36, 0xCC68, 0xCB57, 0xC9F7, 
	0xC841, 0xC629, 0xC3A7, 0xC0B0, 0xBD3B, 0xB93E, 0xB32F, 0xAAE8, 0xA275, 
	0x9BE3, 0x993E, 

},{ 
	0x0001, 0x0000, 0x0028, 0x0001, 0x0001, 0x0029, 0x0001, 0x002A, 0x0001, 
	0x002B, 0x0001, 0x002C, 0x0001, 0x002D, 0x0001, 0x002E, 0x0001, 0x002F, 
	0x0001, 0x0030, 0x0001, 0x0031, 0x0001, 0x0032, 0x0001, 0x0033, 0x0001, 
	0x0034, 0x0029, 0x0035, 0x0001, 0x005E, 0x0001, 0x005F, 0x0001, 0x0060, 
	0x0029, 0x0061, 0x0029, 0x008A, 0x0029, 0x00B3, 0x0007, 0x00DC, 0x001D, 
	0x00E3, 0x0029, 0x0100, 0x0001, 0x0129, 0x0001, 0x012A, 0x0001, 0x012B, 
	0x0001, 0x012C, 0x0001, 0x012D, 0x0001, 0x012E, 0x0029, 0x012F, 0x0029, 
	0x0158, 0x0029, 0x0181, 0x0023, 0x01AA, 0x0001, 0x01CD, 0x0029, 0x01CE, 
	0x0001, 0x01F7, 0x0001, 0x01F8, 0x0001, 0x01F9, 0x0001, 0x01FA, 0x0001, 
	0x01FB, 0x0001, 0x01FC, 0x0029, 0x01FD, 0x0029, 0x0226, 0x0029, 0x024F, 
	0x0029, 0x0278, 0x0029, 0x02A1, 0x0029, 0x02CA, 0x001E, 0x02F3, 0x0029, 
	0x0311, 0x0029, 0x033A, 0x0001, 0x0363, 0x0001, 0x0364, 0x0001, 0x0365, 
	0x0029, 0x0366, 0x0029, 0x038F, 0x0029, 0x03B8, 0x0029, 0x03E1, 0x0029, 
	0x040A, 0x0029, 0x0433, 0x000A, 0x045C, 0x0029, 0x0466, 0x0029, 0x048F, 
	

});
smlua_anim_util_register_animation('JWAR_HEAD_BASH_JUMP',1, 0, 0, 0, 20, { 
	0x0000, 0x00C0, 0x0000, 0x0000, 0x4000, 0x0000, 0xFFFF, 0xFFFF, 0x4000, 
	0xFFFF, 0x0000, 0x1FDB, 0x2019, 0x20BE, 0x21A7, 0x22B1, 0x23B9, 0x249D, 
	0x253E, 0x257A, 0x255E, 0x250F, 0x2499, 0x2405, 0x235D, 0x22AA, 0x21F8, 
	0x2150, 0x20BC, 0x2045, 0x1FF7, 0x1FDB, 0xFFFF, 0xFFFF, 0xFFFF, 0xFFFF, 
	0xFFFF, 0x0000, 0x0000, 0x0000, 0x0000, 0x0000, 0x0000, 0x0000, 0x0000, 
	0x0000, 0x0000, 0x0000, 0x0000, 0x0000, 0x0000, 0x0000, 0xFFFF, 0xFFFF, 
	0x0CC0, 0x0AFA, 0x06BF, 0x01B2, 0xFD75, 0xFBAF, 0xFC00, 0xFCE4, 0xFE45, 
	0x000D, 0x0223, 0x0471, 0x06E2, 0x095D, 0x0BCE, 0x0E1C, 0x1032, 0x11F9, 
	0x135A, 0x143E, 0x148F, 0x0000, 0xFFFF, 0xBFFF, 0xCA14, 0xC9CC, 0xC904, 
	0xC7CD, 0xC63D, 0xC466, 0xC25C, 0xC033, 0xBDFE, 0xBBD2, 0xB9C2, 0xB7E0, 
	0xB643, 0xB4FB, 0xB41F, 0xB3C0, 0xB3AC, 0xB39F, 0xB399, 0xB397, 0xB396, 
	0xE190, 0xE1A9, 0xE1ED, 0xE258, 0xE2E1, 0xE382, 0xE435, 0xE4F3, 0xE5B4, 
	0xE673, 0xE728, 0xE7CD, 0xE85A, 0xE8CB, 0xE916, 0xE937, 0xE93E, 0xE942, 
	0xE944, 0xE945, 0x0521, 0x055E, 0x060B, 0x0717, 0x0871, 0x0A09, 0x0BCE, 
	0x0DAE, 0x0F9A, 0x1181, 0x1352, 0x14FC, 0x166E, 0x1799, 0x186A, 0x18D2, 
	0x18F7, 0x190E, 0x1919, 0x191E, 0x0000, 0xFFFF, 0xBD87, 0xBDF2, 0xBF1E, 
	0xC0EE, 0xC346, 0xC606, 0xC913, 0xCC4E, 0xCF9A, 0xD2DA, 0xD5F1, 0xD8C1, 
	0xDB2C, 0xDD15, 0xDE5F, 0xDEED, 0xDF0B, 0xDF1E, 0xDF27, 0xDF2B, 0xD42A, 
	0xF737, 0xF67A, 0x0000, 0xFFFF, 0xBFFF, 0x3757, 0x379B, 0x3859, 0x3980, 
	0x3AFD, 0x3CBC, 0x3EAC, 0x40B9, 0x42D1, 0x44E1, 0x46D7, 0x48A0, 0x4A29, 
	0x4B60, 0x4C32, 0x4C8B, 0x4C9F, 0x4CAB, 0x4CB1, 0x4CB3, 0x1B32, 0x1B19, 
	0x1AD3, 0x1A68, 0x19DC, 0x1939, 0x1883, 0x17C3, 0x16FF, 0x163E, 0x1586, 
	0x14DF, 0x1450, 0x13DE, 0x1391, 0x1370, 0x1369, 0x1365, 0x1363, 0x1362, 
	0x09AD, 0x09E7, 0x0A8D, 0x0B8E, 0x0CD9, 0x0E60, 0x1011, 0x11DE, 0x13B5, 
	0x1588, 0x1745, 0x18DE, 0x1A41, 0x1B5F, 0x1C29, 0x1C8D, 0x1CB2, 0x1CC8, 
	0x1CD3, 0x1CD7, 0x1CD8, 0xFFFF, 0xFFFF, 0xFFFF, 0xFFFF, 0xFFFF, 0xFFFF, 
	0xFFFF, 0xFFFF, 0xFFFF, 0xFFFF, 0xFFFF, 0xFFFF, 0x0000, 0x0000, 0xBCC0, 
	0xBD2A, 0xBE56, 0xC027, 0xC27E, 0xC53E, 0xC84B, 0xCB86, 0xCED3, 0xD213, 
	0xD529, 0xD7F9, 0xDA64, 0xDC4D, 0xDD98, 0xDE25, 0xDE44, 0xDE56, 0xDE60, 
	0xDE63, 0xDE64, 0x2E36, 0x08C1, 0xF893, 0x0000, 0x0000, 0xBFFF, 0x0000, 
	0xFFFF, 0xFFFF, 0xFFFF, 0xFFFF, 0xFFFF, 0xFFFF, 0xFFFF, 0xFFFF, 0xFFFF, 
	0xFFFF, 0x0000, 0xAEC8, 0xAE31, 0xAC93, 0xAA28, 0xA72C, 0xA3DA, 0xA06C, 
	0x9D1F, 0x9A2D, 0x97D1, 0x9645, 0x9551, 0x948D, 0x93F4, 0x9381, 0x932F, 
	0x92F8, 0x92D7, 0x92C6, 0x92BF, 0x92BE, 0x0000, 0x0000, 0x0000, 0x0000, 
	0x0000, 0x0000, 0x0000, 0x0000, 0x0000, 0x0000, 0xFFFF, 0x0000, 0x2F5E, 
	0x2EA5, 0x2CA6, 0x29A6, 0x25E7, 0x21AE, 0x1D3E, 0x18DB, 0x14C8, 0x1149, 
	0x0EA2, 0x0CB2, 0x0B24, 0x09EF, 0x0907, 0x0860, 0x07F1, 0x07AD, 0x078A, 
	0x077D, 0x077C, 0x0000, 0xFFFF, 0xFFFF, 0xFFFF, 0xFFFF, 0x0000, 0xFFFF, 
	0x0000, 0x0000, 0xFFFF, 0x0000, 0x0000, 0xC435, 0xC436, 0xC438, 0xC43F, 
	0xC44D, 0xC463, 0xC484, 0xC4B2, 0xC4F0, 0xC53F, 0xC5A2, 0xC668, 0xC7C7, 
	0xC995, 0xCBA9, 0xCDDB, 0xD002, 0xD1F6, 0xD38D, 0xD49F, 0xD503, 0x0000, 
	0x0000, 0xBFFF, 0x0000, 0xFFFF, 0xFFFF, 0xFFFF, 0x0000, 0x0000, 0xFFFF, 
	0xD161, 0xD1EC, 0xD36A, 0xD5A5, 0xD867, 0xDB79, 0xDEA8, 0xE1BB, 0xE47F, 
	0xE6BC, 0xE83E, 0xE935, 0xE9FB, 0xEA95, 0xEB09, 0xEB5C, 0xEB93, 0xEBB5, 
	0xEBC6, 0xEBCD, 0xEBCE, 0x0000, 0x0000, 0x234B, 0x2328, 0x22C8, 0x2231, 
	0x216D, 0x2083, 0x1F7E, 0x1E65, 0x1D41, 0x1C1A, 0x1AF9, 0x19E6, 0x18E4, 
	0x17F6, 0x171F, 0x1662, 0x15C1, 0x153E, 0x14DE, 0x14A2, 0x148E, 0xFFFF, 
	0xFFFF, 0xFFFF, 0xFFFF, 0x0000, 0xFFFF, 0xFFFF, 0xFFFF, 0xFFFF, 0xFFFF, 
	0xFFFF, 0xFFFF, 0xFFFF, 0xFFFF, 0xFFFF, 0xFFFF, 0x0000, 0xBD3E, 0xBE03, 
	0xC021, 0xC349, 0xC730, 0xCB89, 0xD008, 0xD460, 0xD845, 0xDB69, 0xDD81, 
	0xDED5, 0xDFE5, 0xE0B9, 0xE158, 0xE1CB, 0xE217, 0xE245, 0xE25D, 0xE266, 
	0xE267, 

},{ 
	0x0001, 0x0000, 0x0001, 0x0001, 0x0001, 0x0002, 0x0001, 0x0003, 0x0001, 
	0x0004, 0x0001, 0x0005, 0x0001, 0x0006, 0x0001, 0x0007, 0x0001, 0x0008, 
	0x0001, 0x0009, 0x0001, 0x000A, 0x0015, 0x000B, 0x0015, 0x0020, 0x0001, 
	0x0035, 0x0015, 0x0036, 0x0001, 0x004B, 0x0001, 0x004C, 0x0001, 0x004D, 
	0x0015, 0x004E, 0x0014, 0x0063, 0x0014, 0x0077, 0x0001, 0x008B, 0x0001, 
	0x008C, 0x0014, 0x008D, 0x0001, 0x00A1, 0x0001, 0x00A2, 0x0001, 0x00A3, 
	0x0001, 0x00A4, 0x0001, 0x00A5, 0x0001, 0x00A6, 0x0014, 0x00A7, 0x0014, 
	0x00BB, 0x0015, 0x00CF, 0x000D, 0x00E4, 0x0001, 0x00F1, 0x0015, 0x00F2, 
	0x0001, 0x0107, 0x0001, 0x0108, 0x0001, 0x0109, 0x0001, 0x010A, 0x0001, 
	0x010B, 0x0001, 0x010C, 0x0001, 0x010D, 0x000B, 0x010E, 0x0015, 0x0119, 
	0x000B, 0x012E, 0x0001, 0x0139, 0x0015, 0x013A, 0x000B, 0x014F, 0x0001, 
	0x015A, 0x0015, 0x015B, 0x0001, 0x0170, 0x0001, 0x0171, 0x0001, 0x0172, 
	0x0001, 0x0173, 0x0006, 0x0174, 0x0015, 0x017A, 0x0001, 0x018F, 0x0001, 
	0x0190, 0x0015, 0x0191, 0x0006, 0x01A6, 0x000B, 0x01AC, 0x0015, 0x01B7, 
	

});
smlua_anim_util_register_animation('JWAR_CORKSCREW',1, 0, 0, 0, 55, { 
	0x0000, 0x00C0, 0x0000, 0x0000, 0x4000, 0x0000, 0xFFFF, 0xFFFF, 0xFFFF, 
	0xFFFF, 0xFFFF, 0xFFFF, 0xFFFF, 0xFFFF, 0xFFFF, 0xFFFF, 0xFFFF, 0xFFFF, 
	0xFFFF, 0xFFFF, 0xFFFF, 0xFFFF, 0xFFFF, 0xFFFF, 0xFFFF, 0xFFFF, 0xFFFF, 
	0xFFFF, 0xFFFF, 0xFFFF, 0xFFFF, 0xFFFF, 0xFFFF, 0xFFFF, 0xFFFF, 0xFFFF, 
	0xFFFF, 0xFFFF, 0xFFFF, 0xFFFF, 0xFFFF, 0xFFFF, 0x0000, 0x0000, 0x0000, 
	0x0000, 0x0000, 0x0000, 0x0000, 0x0000, 0x0000, 0x0000, 0x0000, 0x0000, 
	0x0000, 0xFFFF, 0xFFFF, 0x0000, 0xFFFF, 0xFFFF, 0xFFFF, 0xFFFF, 0xFFFF, 
	0xFFFF, 0xFFFF, 0xFFFF, 0xFFFF, 0xFFFF, 0xFFFF, 0xFFFF, 0xFFFF, 0xFFFF, 
	0xFFFF, 0xFFFF, 0xFFFF, 0xFFFF, 0xFFFF, 0xFFFF, 0xFFFF, 0xFFFF, 0xFFFF, 
	0xFFFF, 0xFFFF, 0xFFFF, 0xFFFF, 0xFFFF, 0xFFFF, 0xFFFF, 0xFFFF, 0xFFFF, 
	0xFFFF, 0xFFFF, 0xFFFF, 0xFFFF, 0xFFFF, 0xFFFF, 0xFFFF, 0xFFFF, 0xFFFF, 
	0xFFFF, 0xFFFF, 0xFFFF, 0xFFFF, 0xFFFF, 0xFFFF, 0xFFFF, 0xFFFF, 0x0000, 
	0x0000, 0x0000, 0xFFFF, 0x4000, 0x4000, 0x4000, 0x4000, 0x4000, 0x4000, 
	0x4000, 0x4000, 0x4000, 0x4000, 0x4000, 0x4000, 0x4000, 0x4000, 0x4000, 
	0x4000, 0x4000, 0x4000, 0x4000, 0x4000, 0x4000, 0x4000, 0x4000, 0x4000, 
	0x4000, 0x4000, 0x4000, 0x4000, 0x4000, 0x4000, 0x4000, 0x4000, 0x4000, 
	0x4000, 0x4000, 0x4000, 0x3FC7, 0x3F25, 0x3E25, 0x3CD3, 0x3B3B, 0x3968, 
	0x3766, 0x3541, 0x3304, 0x30BC, 0x2E74, 0x2C37, 0x2A12, 0x2810, 0x263D, 
	0x24A5, 0x2353, 0x2253, 0x21B1, 0x2178, 0x0000, 0x0000, 0x0000, 0x0000, 
	0x0000, 0x0000, 0x0000, 0x0000, 0x0000, 0x0000, 0x0000, 0x0000, 0x0000, 
	0x0000, 0x0000, 0x0000, 0x0000, 0x0000, 0x0000, 0x0000, 0x0000, 0x0000, 
	0x0000, 0x0000, 0x0000, 0x0000, 0x0000, 0x0000, 0x0000, 0x0000, 0x0000, 
	0x0000, 0x0000, 0x0000, 0x0000, 0x0000, 0x0000, 0x0000, 0x0000, 0xFFFF, 
	0x0000, 0x0000, 0xFFFF, 0xFFFF, 0xFFFF, 0xFFFF, 0xFFFF, 0xFFFF, 0xFFFF, 
	0x0000, 0xFFFF, 0xFFFF, 0xFFFF, 0xFFFF, 0xFFFF, 0xFFFF, 0xFFFF, 0xFFFF, 
	0xFFFF, 0xFFFF, 0xFFFF, 0xFFFF, 0xFFFF, 0xFFFF, 0xFFFF, 0xFFFF, 0xFFFF, 
	0x0000, 0xFFFF, 0xFFFF, 0x0000, 0x0000, 0xFFFF, 0x0000, 0x0000, 0x0000, 
	0x0000, 0xFFFF, 0xFFFF, 0x0000, 0xFFFF, 0x0000, 0x0000, 0x0000, 0x0000, 
	0x0000, 0xFFFF, 0x0000, 0xFFFF, 0x0000, 0xFFFF, 0x0000, 0x0000, 0x0000, 
	0xFFFF, 0xFFFF, 0xFFFF, 0x0000, 0xFFFF, 0xFFFF, 0xFFFF, 0xFFFF, 0xFFFF, 
	0xFFFF, 0x0000, 0x0000, 0xFFFF, 0x0000, 0x0000, 0x0000, 0x0000, 0x0000, 
	0x0000, 0x0000, 0x0000, 0x0000, 0x0000, 0x0000, 0x0000, 0x0000, 0x0000, 
	0x0000, 0x0000, 0xFFE8, 0xFFA7, 0xFF42, 0xFEC0, 0xFE27, 0xFD7E, 0xFCCC, 
	0xFC16, 0xFB63, 0xFABB, 0xFA22, 0xF9A0, 0xF93B, 0xF8FA, 0xF8E3, 0xF8E3, 
	0xF8E8, 0xF8F6, 0xF910, 0xF93B, 0xF997, 0xFA3D, 0xFB23, 0xFC41, 0xFD8E, 
	0xFF04, 0x0099, 0x0243, 0x03FC, 0x05BB, 0x0777, 0x0927, 0x0AC5, 0x0C46, 
	0x0DA4, 0x0ED4, 0x0FD0, 0x108E, 0x1106, 0x1130, 0xFFFF, 0xFFFF, 0xFFFF, 
	0xFFFF, 0xFFFF, 0xFFFF, 0xFFFF, 0xFFFF, 0xFFFF, 0xFFFF, 0xFFFF, 0xFFFF, 
	0xFFFF, 0xFFFF, 0xFFFF, 0xFFFF, 0xFFFF, 0xFFFF, 0xFFFF, 0xFFFF, 0xFFFF, 
	0xFFFF, 0xFFFF, 0xFFFF, 0x0000, 0x0000, 0x0000, 0x0000, 0xFFFF, 0xFFFF, 
	0x0000, 0x0000, 0x0000, 0x0000, 0xFFFF, 0x0000, 0x0000, 0x0000, 0x0000, 
	0x0000, 0x0000, 0x0000, 0x0000, 0x0000, 0x0000, 0x0000, 0x0000, 0x0000, 
	0x0000, 0x0000, 0x0000, 0x0000, 0xFFFF, 0x0000, 0x0000, 0x0000, 0xFFFF, 
	0xFFFF, 0x0000, 0x0000, 0x0000, 0x0000, 0x0000, 0x0000, 0x0000, 0x0000, 
	0x0000, 0x0000, 0x0000, 0xFFFF, 0xFFFF, 0xFFFF, 0xFFFF, 0xFFFF, 0xFFFF, 
	0x0000, 0x0000, 0xFFFF, 0xFFFF, 0x0000, 0xFFFF, 0x0000, 0x0000, 0xFFFF, 
	0x0000, 0xFFFF, 0xFFFF, 0x0000, 0xFFFF, 0xFFFF, 0x0000, 0xDC71, 0xDC71, 
	0xDC71, 0xDC71, 0xDC71, 0xDC71, 0xDC71, 0xDC71, 0xDC71, 0xDC71, 0xDC71, 
	0xDC71, 0xDC71, 0xDC71, 0xDC71, 0xDC71, 0xDCC2, 0xDDA7, 0xDF08, 0xE0CF, 
	0xE2E5, 0xE534, 0xE7A5, 0xEA21, 0xEC92, 0xEEE1, 0xF0F7, 0xF2BE, 0xF41F, 
	0xF503, 0xF554, 0xF4E6, 0xF3DF, 0xF2A4, 0xF19D, 0xF12F, 0xF16A, 0xF214, 
	0xF321, 0xF483, 0xF62F, 0xF819, 0xFA33, 0xFC73, 0xFECB, 0x0131, 0x0395, 
	0x05ED, 0x082D, 0x0A48, 0x0C31, 0x0DDE, 0x0F40, 0x104C, 0x10F6, 0x1132, 
	0x0000, 0xFFFF, 0xBFFF, 0xFFFF, 0xFFFF, 0xFFFF, 0xFFFF, 0xFFFF, 0xFFFF, 
	0xFFFF, 0xFFFF, 0xFFFF, 0xFFFF, 0xFFFF, 0xFFFF, 0xFFFF, 0xFFFF, 0xFFFF, 
	0xFFFF, 0x0050, 0x0133, 0x0290, 0x0453, 0x0664, 0x08AD, 0x0B18, 0x0D8E, 
	0x0FF9, 0x1243, 0x1454, 0x1616, 0x1774, 0x1856, 0x18A7, 0x1887, 0x183B, 
	0x17E0, 0x1794, 0x1774, 0x17DE, 0x190C, 0x1AE9, 0x1D5F, 0x2058, 0x23BF, 
	0x277D, 0xAB7C, 0xAFA7, 0xB3E8, 0xB829, 0xBC54, 0xC053, 0xC411, 0xC778, 
	0xCA71, 0xCCE7, 0xCEC4, 0xCFF2, 0xD05C, 0xF554, 0xF554, 0xF554, 0xF554, 
	0xF554, 0xF554, 0xF554, 0xF554, 0xF554, 0xF554, 0xF554, 0xF554, 0xF554, 
	0xF554, 0xF554, 0xF554, 0xF4E5, 0xF3AA, 0xF1C4, 0xEF51, 0xEC72, 0xE944, 
	0xE5E8, 0xE27C, 0xDF1F, 0xDBF1, 0xD912, 0xD69F, 0xD4B9, 0xD37F, 0xD30F, 
	0xD33B, 0xD3A5, 0xD423, 0xD48D, 0xD4B9, 0xD46B, 0xD38C, 0xD22D, 0xD05D, 
	0xCE2C, 0xCBAA, 0xC8E9, 0xBA08, 0xBD1A, 0xC03D, 0xC35F, 0xC672, 0xC964, 
	0xCC26, 0xCEA7, 0xD0D8, 0xD2A8, 0xD408, 0xD4E6, 0xD534, 0x4000, 0x4000, 
	0x4000, 0x4000, 0x4000, 0x4000, 0x4000, 0x4000, 0x4000, 0x4000, 0x4000, 
	0x4000, 0x4000, 0x4000, 0x4000, 0x4000, 0x4025, 0x408E, 0x4130, 0x4202, 
	0x42F7, 0x4407, 0x4526, 0x464B, 0x476A, 0x487A, 0x496F, 0x4A41, 0x4AE3, 
	0x4B4C, 0x4B71, 0x4B63, 0x4B3F, 0x4B15, 0x4AF2, 0x4AE3, 0x4B77, 0x4D1F, 
	0x4FBC, 0x5330, 0x575B, 0x5C20, 0x615F, 0xE6FA, 0xECD2, 0xF2C9, 0xF8C0, 
	0xFE99, 0x0435, 0x0974, 0x0E39, 0x1264, 0x15D8, 0x1875, 0x1A1D, 0x1AB1, 
	0x0000, 0x0000, 0x0000, 0x0000, 0x0000, 0x0000, 0x0000, 0x0000, 0x0000, 
	0x0000, 0x0000, 0x0000, 0x0000, 0x0000, 0x0000, 0x0000, 0xFFFF, 0xFFFF, 
	0xFFFF, 0x0000, 0xFFFF, 0xFFFF, 0xFFFF, 0x0000, 0xFFFF, 0x0000, 0x0000, 
	0xFFFF, 0xFFFF, 0x0000, 0x0000, 0x0000, 0xFFFF, 0xFFFF, 0xFFFF, 0xFFFF, 
	0xFFFF, 0x0000, 0xFFFF, 0x0000, 0x0000, 0xFFFF, 0x0000, 0x0000, 0x0000, 
	0xFFFF, 0x0000, 0x0000, 0x0000, 0x0000, 0xFFFF, 0xFFFF, 0x0000, 0x0000, 
	0xFFFF, 0x0000, 0x0000, 0x0000, 0x0000, 0x0000, 0x0000, 0x0000, 0x0000, 
	0x0000, 0x0000, 0x0000, 0x0000, 0x0000, 0x0000, 0x0000, 0x0000, 0x0000, 
	0xFFFF, 0x0000, 0x0000, 0xFFFF, 0xFFFF, 0x0000, 0x0000, 0x0000, 0xFFFF, 
	0x0000, 0x0000, 0x0000, 0xFFFF, 0xFFFF, 0xFFFF, 0x0000, 0xFFFF, 0x0000, 
	0xFFFF, 0xFFFF, 0xFFFF, 0x0000, 0x0000, 0xFFFF, 0xFFFF, 0x0000, 0xFFFF, 
	0xFFFF, 0xFFFF, 0xFFFF, 0x0000, 0x0000, 0x0000, 0x0000, 0xFFFF, 0x0000, 
	0x0000, 0x0000, 0x0000, 0xFFFF, 0x0000, 0x0000, 0x0000, 0x0000, 0x0000, 
	0x0000, 0x0000, 0x0000, 0x0000, 0x0000, 0x0000, 0x0000, 0x0000, 0x0000, 
	0x0000, 0x0000, 0xFFFF, 0xFFFF, 0x0000, 0xFFFF, 0x0000, 0xFFFF, 0x0000, 
	0xFFFF, 0xFFFF, 0x0000, 0x0000, 0x0000, 0xFFFF, 0x0000, 0x0000, 0x0000, 
	0x0000, 0x0000, 0x0000, 0x0000, 0xFFD3, 0xFF54, 0xFE8C, 0xFD85, 0xFC46, 
	0xFAD9, 0xF948, 0xF79C, 0xF5DD, 0xF415, 0xF24D, 0xF08E, 0xEEE1, 0xED50, 
	0xEBE4, 0xEAA5, 0xE99D, 0xE8D6, 0xE857, 0xE82B, 0xFCF7, 0xFCF7, 0xFCF7, 
	0xFCF7, 0xFCF7, 0xFCF7, 0xFCF7, 0xFCF7, 0xFCF7, 0xFCF7, 0xFCF7, 0xFCF7, 
	0xFCF7, 0xFCF7, 0xFCF7, 0xFCF7, 0xFCF4, 0xFCEC, 0xFCDF, 0xFCCE, 0xFCBA, 
	0xFCA4, 0xFC8D, 0xFC75, 0xFC5E, 0xFC48, 0xFC34, 0xFC23, 0xFC16, 0xFC0D, 
	0xFC0A, 0xFC0B, 0xFC0C, 0xFC0E, 0xFC11, 0xFC16, 0xFC1D, 0xFC26, 0xFC30, 
	0xFC3C, 0xFC49, 0xFC56, 0xFC65, 0xFC73, 0xFC82, 0xFC91, 0xFCA0, 0xFCAE, 
	0xFCBB, 0xFCC7, 0xFCD2, 0xFCDC, 0xFCE3, 0xFCE9, 0xFCED, 0xFCEE, 0x0670, 
	0x0670, 0x0670, 0x0670, 0x0670, 0x0670, 0x0670, 0x0670, 0x0670, 0x0670, 
	0x0670, 0x0670, 0x0670, 0x0670, 0x0670, 0x0670, 0x05FD, 0x04B7, 0x02C1, 
	0x0039, 0xFD3F, 0xF9F6, 0xF67C, 0xF2F2, 0xEF78, 0xEC2E, 0xE936, 0xE6AE, 
	0xE4B7, 0xE372, 0xE2FE, 0xE30A, 0xE332, 0xE381, 0xE400, 0xE4B7, 0xE5AD, 
	0xE6DE, 0xE841, 0xE9CF, 0xEB81, 0xED4E, 0xEF2F, 0xF11C, 0xF30E, 0xF4FC, 
	0xF6E0, 0xF8B2, 0xFA6A, 0xFBFF, 0xFD6C, 0xFEA7, 0xFFAA, 0x006D, 0x00E7, 
	0x0111, 0xEDFA, 0xEDFA, 0xEDFA, 0xEDFA, 0xEDFA, 0xEDFA, 0xEDFA, 0xEDFA, 
	0xEDFA, 0xEDFA, 0xEDFA, 0xEDFA, 0xEDFA, 0xEDFA, 0xEDFA, 0xEDFA, 0xEE05, 
	0xEE21, 0xEE4C, 0xEE84, 0xEEC6, 0xEF0F, 0xEF5C, 0xEFAA, 0xEFF7, 0xF040, 
	0xF082, 0xF0BA, 0xF0E5, 0xF101, 0xF10B, 0xF10A, 0xF107, 0xF100, 0xF0F5, 
	0xF0E5, 0xF0D0, 0xF0B5, 0xF095, 0xF072, 0xF04C, 0xF023, 0xEFF9, 0xEFCD, 
	0xEFA1, 0xEF75, 0xEF4A, 0xEF20, 0xEEF9, 0xEED5, 0xEEB5, 0xEE99, 0xEE82, 
	0xEE71, 0xEE66, 0xEE62, 0x0000, 0xFFFF, 0xBFFF, 0x0000, 0x0000, 0x0000, 
	0x0000, 0x0000, 0x0000, 0x0000, 0x0000, 0x0000, 0x0000, 0x0000, 0x0000, 
	0x0000, 0x0000, 0x0000, 0x0000, 0xFFAF, 0xFECC, 0xFD6F, 0xFBAC, 0xF99B, 
	0xF752, 0xF4E7, 0xF271, 0xF006, 0xEDBC, 0xEBAB, 0xE9E9, 0xE88B, 0xE7A9, 
	0xE758, 0xE778, 0xE7C4, 0xE81F, 0xE86B, 0xE88B, 0xE740, 0xE38C, 0xDDB3, 
	0xD5FC, 0xCCA8, 0xC1FF, 0xB643, 0xA9B9, 0x9CA7, 0x0F50, 0x01F9, 0x74E6, 
	0x685C, 0x5CA0, 0x51F7, 0x48A4, 0x40EC, 0x3B13, 0x375F, 0x3614, 0x0AAB, 
	0x0AAB, 0x0AAB, 0x0AAB, 0x0AAB, 0x0AAB, 0x0AAB, 0x0AAB, 0x0AAB, 0x0AAB, 
	0x0AAB, 0x0AAB, 0x0AAB, 0x0AAB, 0x0AAB, 0x0AAB, 0x0B1A, 0x0C55, 0x0E3B, 
	0x10AE, 0x138D, 0x16BB, 0x1A17, 0x1D83, 0x20E0, 0x240E, 0x26ED, 0x2960, 
	0x2B46, 0x2C80, 0x2CF0, 0x2CDB, 0x2CA0, 0x2C44, 0x2BCF, 0x2B46, 0x2AAF, 
	0x2A0C, 0x295F, 0x28AB, 0x27F2, 0x2736, 0x2679, 0x25BC, 0x2503, 0x5BB1, 
	0x5C5E, 0x22FE, 0x2266, 0x21DC, 0x2161, 0x20F7, 0x20A2, 0x2062, 0x203A, 
	0x202C, 0x4000, 0x4000, 0x4000, 0x4000, 0x4000, 0x4000, 0x4000, 0x4000, 
	0x4000, 0x4000, 0x4000, 0x4000, 0x4000, 0x4000, 0x4000, 0x4000, 0x4025, 
	0x408E, 0x4130, 0x4202, 0x42F7, 0x4407, 0x4526, 0x464B, 0x476A, 0x487A, 
	0x496F, 0x4A41, 0x4AE3, 0x4B4C, 0x4B71, 0x4B70, 0x4B68, 0x4B53, 0x4B28, 
	0x4AE3, 0x4A2A, 0x48B8, 0x46A1, 0x43FB, 0x40DB, 0x3D56, 0x3981, 0x3571, 
	0x313C, 0xACF5, 0xA8B2, 0x248A, 0x208F, 0x1CD8, 0x197A, 0x1689, 0x141B, 
	0x1244, 0x111A, 0x10B2, 0xFFFF, 0xFFFF, 0xFFFF, 0xFFFF, 0xFFFF, 0xFFFF, 
	0xFFFF, 0xFFFF, 0xFFFF, 0xFFFF, 0xFFFF, 0xFFFF, 0xFFFF, 0xFFFF, 0xFFFF, 
	0xFFFF, 0xFFFF, 0xFFFF, 0xFFFF, 0x0000, 0xFFFF, 0xFFFF, 0x0000, 0x0000, 
	0xFFFF, 0xFFFF, 0xFFFF, 0xFFFF, 0x0000, 0xFFFF, 0xFFFF, 0xFFFF, 0x0000, 
	0x0000, 0xFFFF, 0xFFFF, 0xFFFF, 0x0000, 0xFFFF, 0xFFFF, 0xFFFF, 0xFFFF, 
	0xFFFF, 0xFFFF, 0xFFFF, 0xFFFF, 0xFFFF, 0xFFFF, 0xFFFF, 0x0000, 0xFFFF, 
	0xFFFF, 0xFFFF, 0xFFFF, 0xFFFF, 0x0000, 0xFFFF, 0xFFFF, 0xFFFF, 0xFFFF, 
	0xFFFF, 0xFFFF, 0xFFFF, 0xFFFF, 0xFFFF, 0xFFFF, 0xFFFF, 0xFFFF, 0xFFFF, 
	0xFFFF, 0xFFFF, 0xFFFF, 0xFFFF, 0x0000, 0xFFFF, 0xFFFF, 0xFFFF, 0xFFFF, 
	0x0000, 0xFFFF, 0xFFFF, 0xFFFF, 0x0000, 0xFFFF, 0xFFFF, 0xFFFF, 0xFFFF, 
	0x0000, 0x0000, 0xFFFF, 0x0000, 0x0000, 0x0000, 0x0000, 0x0000, 0x0000, 
	0x0000, 0x0000, 0x0000, 0x0000, 0x0000, 0x0000, 0x0000, 0x0000, 0x0000, 
	0x0000, 0xFFFF, 0xFFFF, 0xFFFF, 0x0000, 0xFFFF, 0xFFFF, 0x0000, 0xFFFF, 
	0x0000, 0xFFFF, 0xFFFF, 0xFFFF, 0xFFFF, 0x0000, 0xFFFF, 0xFFFF, 0x0000, 
	0xFFFF, 0xFFFF, 0x0000, 0xFFE6, 0xFF9F, 0xFF2E, 0xFE9A, 0xFDE6, 0xFD19, 
	0xFC37, 0xFB46, 0xFA4B, 0xF94A, 0xF849, 0xF74E, 0xF65C, 0xF57A, 0xF4AD, 
	0xF3FA, 0xF365, 0xF2F5, 0xF2AE, 0xF295, 0x0308, 0x0308, 0x0308, 0x0308, 
	0x0308, 0x0308, 0x0308, 0x0308, 0x0308, 0x0308, 0x0308, 0x0308, 0x0308, 
	0x0308, 0x0308, 0x0308, 0x030B, 0x0313, 0x0320, 0x0331, 0x0345, 0x035B, 
	0x0372, 0x038A, 0x03A1, 0x03B7, 0x03CB, 0x03DC, 0x03E9, 0x03F2, 0x03F5, 
	0x03F4, 0x03F3, 0x03F1, 0x03EE, 0x03E9, 0x03E3, 0x03DA, 0x03D1, 0x03C6, 
	0x03BB, 0x03AE, 0x03A1, 0x0394, 0x0387, 0x037A, 0x036D, 0x0360, 0x0354, 
	0x0349, 0x0340, 0x0337, 0x0330, 0x032B, 0x0328, 0x0327, 0xF98F, 0xF98F, 
	0xF98F, 0xF98F, 0xF98F, 0xF98F, 0xF98F, 0xF98F, 0xF98F, 0xF98F, 0xF98F, 
	0xF98F, 0xF98F, 0xF98F, 0xF98F, 0xF98F, 0xFA02, 0xFB48, 0xFD3E, 0xFFC6, 
	0x02C0, 0x0609, 0x0983, 0x0D0D, 0x1087, 0x13D1, 0x16C9, 0x1951, 0x1B48, 
	0x1C8D, 0x1D01, 0x1CEF, 0x1CB9, 0x1C60, 0x1BE5, 0x1B48, 0x1A8A, 0x19AF, 
	0x18BC, 0x17B3, 0x169B, 0x1575, 0x1448, 0x1317, 0x11E6, 0x10BA, 0x0F96, 
	0x0E80, 0x0D7A, 0x0C8A, 0x0BB3, 0x0AFA, 0x0A62, 0x09F1, 0x09AA, 0x0991, 
	0xEDFB, 0xEDFB, 0xEDFB, 0xEDFB, 0xEDFB, 0xEDFB, 0xEDFB, 0xEDFB, 0xEDFB, 
	0xEDFB, 0xEDFB, 0xEDFB, 0xEDFB, 0xEDFB, 0xEDFB, 0xEDFB, 0xEE05, 0xEE21, 
	0xEE4C, 0xEE84, 0xEEC6, 0xEF0F, 0xEF5C, 0xEFAA, 0xEFF7, 0xF040, 0xF082, 
	0xF0BA, 0xF0E5, 0xF101, 0xF10B, 0xF10A, 0xF106, 0xF0FE, 0xF0F3, 0xF0E5, 
	0xF0D4, 0xF0C0, 0xF0A9, 0xF090, 0xF075, 0xF059, 0xF03D, 0xF01F, 0xF002, 
	0xEFE5, 0xEFC9, 0xEFAE, 0xEF94, 0xEF7D, 0xEF68, 0xEF56, 0xEF47, 0xEF3C, 
	0xEF35, 0xEF33, 0x0000, 0x0000, 0x0000, 0x0000, 0x0000, 0x0000, 0x0000, 
	0x0000, 0x0000, 0x0000, 0x0000, 0x0000, 0x0000, 0x0000, 0x0000, 0x0000, 
	0x0000, 0x0000, 0x0000, 0x0000, 0x0000, 0x0000, 0x0000, 0x0000, 0x0000, 
	0x0000, 0x0000, 0x0000, 0x0000, 0x0000, 0x0000, 0x0000, 0x0000, 0x0000, 
	0x0000, 0x0000, 0xFFFF, 0xFFFF, 0xFFFF, 0x0000, 0x0000, 0xFFFF, 0x0000, 
	0xFFFF, 0xFFFF, 0x0000, 0xFFFF, 0xFFFF, 0xFFFF, 0x0000, 0x0000, 0x0000, 
	0xFFFF, 0xFFFF, 0xFFFF, 0x0000, 0xFFFF, 0xFFFF, 0xFFFF, 0xFFFF, 0xFFFF, 
	0xFFFF, 0xFFFF, 0xFFFF, 0xFFFF, 0xFFFF, 0xFFFF, 0xFFFF, 0xFFFF, 0xFFFF, 
	0xFFFF, 0xFFFF, 0xFFFF, 0xFFFF, 0xFFFF, 0xFFFF, 0xFFFF, 0xFFFF, 0xFFFF, 
	0xFFFF, 0xFFFF, 0xFFFF, 0xFFFF, 0xFFFF, 0xFFFF, 0xFFFF, 0xFFFF, 0xFFFF, 
	0xFFFF, 0xFFFF, 0xFFFF, 0xFFFF, 0x0000, 0xFFFF, 0xFFFF, 0xFFFF, 0xFFFF, 
	0xFFFF, 0xFFFF, 0xFFFF, 0xFFFF, 0xFFFF, 0x0000, 0xFFFF, 0xFFFF, 0xFFFF, 
	0xFFFF, 0xFFFF, 0xFFFF, 0x0000, 0xFFFF, 0xBFFF, 0xEAAA, 0xEAAA, 0xEAAA, 
	0xEAAA, 0xEAAA, 0xEAAA, 0xEAAA, 0xEAAA, 0xEAAA, 0xEAAA, 0xEAAA, 0xEAAA, 
	0xEAAA, 0xEAAA, 0xEAAA, 0xEAAA, 0xEAB2, 0xEAC8, 0xEAE6, 0xEB09, 0xEB2C, 
	0xEB4C, 0xEB67, 0xEB7D, 0xEB90, 0xEBA0, 0xEBAC, 0xEBB5, 0xEBBB, 0xEBBE, 
	0xEBC0, 0xEBBF, 0xEBBE, 0xEBBD, 0xEBBB, 0xEBBB, 0xEBC8, 0xEBEE, 0xEC2A, 
	0xEC79, 0xECD8, 0xED45, 0xEDBE, 0xEE3E, 0xEEC4, 0xEF4C, 0xEFD5, 0xF05A, 
	0xF0DB, 0xF153, 0xF1C0, 0xF21F, 0xF26E, 0xF2AA, 0xF2D0, 0xF2DD, 0xFFFF, 
	0xFFFF, 0xFFFF, 0xFFFF, 0xFFFF, 0xFFFF, 0xFFFF, 0xFFFF, 0xFFFF, 0xFFFF, 
	0xFFFF, 0xFFFF, 0xFFFF, 0xFFFF, 0xFFFF, 0xFFFF, 0xFFE7, 0xFFA5, 0xFF3F, 
	0xFEBC, 0xFE24, 0xFD7C, 0xFCCC, 0xFC1A, 0xFB6B, 0xFAC6, 0xFA31, 0xF9B2, 
	0xF950, 0xF911, 0xF8FA, 0xF903, 0xF919, 0xF932, 0xF947, 0xF950, 0xF93D, 
	0xF906, 0xF8B0, 0xF83D, 0xF7B3, 0xF715, 0xF667, 0xF5AE, 0xF4EC, 0xF426, 
	0xF361, 0xF29F, 0xF1E5, 0xF137, 0xF099, 0xF00F, 0xEF9D, 0xEF46, 0xEF0F, 
	0xEEFC, 0xBFFF, 0xBFFF, 0xBFFF, 0xBFFF, 0xBFFF, 0xBFFF, 0xBFFF, 0xBFFF, 
	0xBFFF, 0xBFFF, 0xBFFF, 0xBFFF, 0xBFFF, 0xBFFF, 0xBFFF, 0xBFFF, 0xBFD6, 
	0xBF61, 0xBEAD, 0xBDC5, 0xBCB7, 0xBB8E, 0xBA55, 0xB917, 0xB7E0, 0xB6BA, 
	0xB5B1, 0xB4CF, 0xB420, 0xB3AF, 0xB387, 0xB397, 0xB3BD, 0xB3EA, 0xB410, 
	0xB420, 0xB3F3, 0xB374, 0xB2AA, 0xB1A0, 0xB05F, 0xAEEF, 0xAD5B, 0xABAB, 
	0xA9E8, 0xA81D, 0xA651, 0xA48E, 0xA2DE, 0xA14A, 0x9FDA, 0x9E99, 0x9D8F, 
	0x9CC5, 0x9C46, 0x9C19, 0x0000, 0x0000, 0x0000, 0x0000, 0x0000, 0x0000, 
	0x0000, 0x0000, 0x0000, 0x0000, 0x0000, 0x0000, 0x0000, 0x0000, 0x0000, 
	0x0000, 0xFFFF, 0x0000, 0x0000, 0xFFFF, 0xFFFF, 0xFFFF, 0x0000, 0xFFFF, 
	0x0000, 0xFFFF, 0xFFFF, 0x0000, 0xFFFF, 0xFFFF, 0x0000, 0xFFFF, 0x0000, 
	0xFFFF, 0xFFFF, 0x0000, 0xFFFF, 0xFFFF, 0xFFFF, 0xFFFF, 0xFFFF, 0xFFFF, 
	0xFFFF, 0xFFFF, 0xFFFF, 0xFFFF, 0xFFFF, 0xFFFF, 0xFFFF, 0xFFFF, 0xFFFF, 
	0xFFFF, 0x0000, 0x0000, 0xFFFF, 0xFFFF, 0x0000, 0x0000, 0x0000, 0x0000, 
	0xFFFF, 0xFFFF, 0x0000, 0xFFFF, 0xFFFF, 0xFFFF, 0xFFFF, 0xFFFF, 0xFFFF, 
	0xFFFF, 0xFFFF, 0xFFFF, 0x0000, 0xFFFF, 0xFFFF, 0xFFFF, 0xFFFF, 0x0000, 
	0xFFFF, 0x0000, 0xFFFF, 0xFFFF, 0xFFFF, 0x0000, 0x0000, 0xFFFF, 0xFFFF, 
	0x0000, 0xFFFF, 0x11C7, 0x11C7, 0x11C7, 0x11C7, 0x11C7, 0x11C7, 0x11C7, 
	0x11C7, 0x11C7, 0x11C7, 0x11C7, 0x11C7, 0x11C7, 0x11C7, 0x11C7, 0x11C7, 
	0x1599, 0x1EB5, 0x2994, 0x32B0, 0x3682, 0x34FB, 0x30D7, 0x2ABC, 0x2352, 
	0x1B41, 0x1330, 0x0BC6, 0x05AB, 0x0187, 0x0000, 0x0097, 0x01FF, 0x03AC, 
	0x0514, 0x05AB, 0xFFFF, 0xFFFF, 0xFFFF, 0xFFFF, 0xFFFF, 0xFFFF, 0xFFFF, 
	0xFFFF, 0xFFFF, 0xFFFF, 0xFFFF, 0xFFFF, 0xFFFF, 0xFFFF, 0xFFFF, 0xFFFF, 
	0xFFFF, 0x0000, 0xFFFF, 0x0000, 0x0000, 0xFFFF, 0x0000, 0x0000, 0x0000, 
	0x0000, 0x0000, 0x0000, 0x0000, 0xFFFF, 0x0000, 0xFFFF, 0x0000, 0x0000, 
	0x0000, 0x0000, 0x0000, 0x0000, 0x0000, 0xFFFF, 0x0000, 0x0000, 0x0000, 
	0x0000, 0xFFFF, 0x0000, 0x0000, 0xFFFF, 0xFFFF, 0xFFFF, 0xFFFF, 0x0000, 
	0xFFFF, 0x0000, 0x0000, 0x0000, 0x0000, 0x0000, 0x0000, 0x0000, 0x0000, 
	0x0000, 0x0000, 0x0000, 0x0000, 0x0000, 0x0000, 0x0000, 0x0000, 0x0000, 
	0x0000, 0xFFFF, 0xFFFF, 0xFFFF, 0x0000, 0x0000, 0xFFFF, 0x0000, 0x0000, 
	0xFFFF, 0x0000, 0x0000, 0xFFFF, 0x0000, 0xFFFF, 0xFFFF, 0xFFFF, 0xFFFF, 
	0xFFFF, 0xFFFF, 0x0000, 0xFFFF, 0xFFFF, 0xFFFF, 0x0000, 0xFFFF, 0x0000, 
	0xFFFF, 0xFFFF, 0xFFFF, 0xFFFF, 0x0000, 0xFFFF, 0xFFFF, 0xFFFF, 0x0000, 
	0x0000, 0xFFFF, 0xFFFF, 0x0000, 0xE05A, 0xE05A, 0xE05A, 0xE05A, 0xE05A, 
	0xE05A, 0xE05A, 0xE05A, 0xE05A, 0xE05A, 0xE05A, 0xE05A, 0xE05A, 0xE05A, 
	0xE05A, 0xE05A, 0xE023, 0xDF87, 0xDE96, 0xDD60, 0xDBF3, 0xDA60, 0xD8B6, 
	0xD703, 0xD559, 0xD3C6, 0xD259, 0xD123, 0xD032, 0xCF96, 0xCF5F, 0xCF75, 
	0xCFA9, 0xCFE8, 0xD01C, 0xD032, 0x0000, 0x0000, 0x0000, 0x0000, 0x0000, 
	0x0000, 0x0000, 0x0000, 0x0000, 0x0000, 0x0000, 0x0000, 0x0000, 0x0000, 
	0x0000, 0x0000, 0x0000, 0x0000, 0x0000, 0x0000, 0x0000, 0x0000, 0x0000, 
	0x0000, 0x0000, 0x0000, 0x0000, 0x0000, 0x0000, 0x0000, 0x0000, 0x0000, 
	0x0000, 0x0000, 0x0000, 0x0000, 0xFFFF, 0xFFFF, 0xFFFF, 0x0000, 0x0000, 
	0xFFFF, 0x0000, 0xFFFF, 0xFFFF, 0x0000, 0xFFFF, 0xFFFF, 0xFFFF, 0x0000, 
	0x0000, 0x0000, 0xFFFF, 0xFFFF, 0xFFFF, 0x0000, 0xFFFF, 0xFFFF, 0xFFFF, 
	0xFFFF, 0xFFFF, 0xFFFF, 0xFFFF, 0xFFFF, 0xFFFF, 0xFFFF, 0xFFFF, 0xFFFF, 
	0xFFFF, 0xFFFF, 0xFFFF, 0xFFFF, 0xFFFF, 0xFFFF, 0xFFFF, 0xFFFF, 0xFFFF, 
	0xFFFF, 0xFFFF, 0xFFFF, 0xFFFF, 0xFFFF, 0xFFFF, 0xFFFF, 0xFFFF, 0xFFFF, 
	0xFFFF, 0xFFFF, 0xFFFF, 0xFFFF, 0xFFFF, 0xFFFF, 0x0000, 0xFFFF, 0xFFFF, 
	0xFFFF, 0xFFFF, 0xFFFF, 0xFFFF, 0xFFFF, 0xFFFF, 0xFFFF, 0x0000, 0xFFFF, 
	0xFFFF, 0xFFFF, 0xFFFF, 0xFFFF, 0xFFFF, 0x0000, 0xFFFF, 0xBFFF, 0x1555, 
	0x1555, 0x1555, 0x1555, 0x1555, 0x1555, 0x1555, 0x1555, 0x1555, 0x1555, 
	0x1555, 0x1555, 0x1555, 0x1555, 0x1555, 0x1555, 0x154D, 0x1537, 0x1519, 
	0x14F6, 0x14D3, 0x14B3, 0x1498, 0x1482, 0x146F, 0x145F, 0x1453, 0x144A, 
	0x1444, 0x1441, 0x143F, 0x1440, 0x1441, 0x1442, 0x1444, 0x1444, 0x1437, 
	0x1411, 0x13D5, 0x1386, 0x1327, 0x12BA, 0x1241, 0x11C1, 0x113B, 0x10B3, 
	0x102A, 0x0FA5, 0x0F24, 0x0EAC, 0x0E3F, 0x0DE0, 0x0D91, 0x0D55, 0x0D2F, 
	0x0D22, 0x0000, 0x0000, 0x0000, 0x0000, 0x0000, 0x0000, 0x0000, 0x0000, 
	0x0000, 0x0000, 0x0000, 0x0000, 0x0000, 0x0000, 0x0000, 0x0000, 0x0018, 
	0x005A, 0x00C0, 0x0143, 0x01DB, 0x0283, 0x0333, 0x03E5, 0x0494, 0x0539, 
	0x05CE, 0x064D, 0x06AF, 0x06EE, 0x0705, 0x06FC, 0x06E6, 0x06CD, 0x06B8, 
	0x06AF, 0x06C2, 0x06F9, 0x074F, 0x07C2, 0x084C, 0x08EA, 0x0998, 0x0A51, 
	0x0B13, 0x0BD9, 0x0C9E, 0x0D60, 0x0E1A, 0x0EC8, 0x0F66, 0x0FF0, 0x1062, 
	0x10B9, 0x10F0, 0x1103, 0xBFFF, 0xBFFF, 0xBFFF, 0xBFFF, 0xBFFF, 0xBFFF, 
	0xBFFF, 0xBFFF, 0xBFFF, 0xBFFF, 0xBFFF, 0xBFFF, 0xBFFF, 0xBFFF, 0xBFFF, 
	0xBFFF, 0xBFD6, 0xBF61, 0xBEAD, 0xBDC5, 0xBCB7, 0xBB8E, 0xBA55, 0xB917, 
	0xB7E0, 0xB6BA, 0xB5B1, 0xB4CF, 0xB420, 0xB3AF, 0xB387, 0xB397, 0xB3BD, 
	0xB3EA, 0xB410, 0xB420, 0xB3F3, 0xB374, 0xB2AA, 0xB1A0, 0xB05F, 0xAEEF, 
	0xAD5B, 0xABAB, 0xA9E8, 0xA81D, 0xA651, 0xA48E, 0xA2DE, 0xA14A, 0x9FDA, 
	0x9E99, 0x9D8F, 0x9CC5, 0x9C46, 0x9C19, 0xFFFF, 0xFFFF, 0xFFFF, 0xFFFF, 
	0xFFFF, 0xFFFF, 0xFFFF, 0xFFFF, 0xFFFF, 0xFFFF, 0xFFFF, 0xFFFF, 0xFFFF, 
	0xFFFF, 0xFFFF, 0xFFFF, 0x0000, 0xFFFF, 0xFFFF, 0x0000, 0x0000, 0x0000, 
	0x0000, 0x0000, 0x0000, 0x0000, 0x0000, 0x0000, 0x0000, 0x0000, 0xFFFF, 
	0x0000, 0xFFFF, 0x0000, 0xFFFF, 0x0000, 0x0000, 0x0000, 0x0000, 0x0000, 
	0x0000, 0x0000, 0x0000, 0x0000, 0x0000, 0x0000, 0x0000, 0x0000, 0x0000, 
	0x0000, 0x0000, 0x0000, 0xFFFF, 0x0000, 0x0000, 0x0000, 0x0000, 0x0000, 
	0xFFFF, 0xFFFF, 0x0000, 0x0000, 0x0000, 0x0000, 0x0000, 0x0000, 0xFFFF, 
	0xFFFF, 0x0000, 0xFFFF, 0xFFFF, 0x0000, 0x0000, 0x0000, 0x0000, 0x0000, 
	0x0000, 0x0000, 0x0000, 0xFFFF, 0x0000, 0x11C7, 0x11C7, 0x11C7, 0x11C7, 
	0x11C7, 0x11C7, 0x11C7, 0x11C7, 0x11C7, 0x11C7, 0x11C7, 0x11C7, 0x11C7, 
	0x11C7, 0x11C7, 0x11C7, 0x1599, 0x1EB5, 0x2994, 0x32B0, 0x3682, 0x34FB, 
	0x30D7, 0x2ABC, 0x2352, 0x1B41, 0x1330, 0x0BC6, 0x05AB, 0x0187, 0xFFFF, 
	0x0097, 0x01FF, 0x03AC, 0x0514, 0x05AB, 0x0000, 0x0000, 0x0000, 0x0000, 
	0x0000, 0x0000, 0x0000, 0x0000, 0x0000, 0x0000, 0x0000, 0x0000, 0x0000, 
	0x0000, 0x0000, 0x0000, 0x0000, 0x0000, 0x0000, 0xFFFF, 0xFFFF, 0x0000, 
	0x0000, 0x0000, 0xFFFF, 0xFFFF, 0x0000, 0xFFFF, 0xFFFF, 0xFFFF, 0xFFFF, 
	0xFFFF, 0xFFFF, 0xFFFF, 0x0000, 0x0000, 0x0000, 0x0000, 0x0000, 0x0000, 
	0x0000, 0x0000, 0x0000, 0x0000, 0x0000, 0xFFFF, 0xFFFF, 0xFFFF, 0x0000, 
	0x0000, 0x0000, 0x0000, 0x0000, 0xFFFF, 0xFFFF, 0x0000, 0x0000, 0x0000, 
	0x0000, 0x0000, 0x0000, 0x0000, 0x0000, 0x0000, 0x0000, 0x0000, 0x0000, 
	0x0000, 0x0000, 0x0000, 0x0000, 0x0000, 0xFFFF, 0xFFFF, 0x0000, 0xFFFF, 
	0x0000, 0x0000, 0xFFFF, 0xFFFF, 0xFFFF, 0xFFFF, 0x0000, 0xFFFF, 0xFFFF, 
	0xFFFF, 0x0000, 0x0000, 0x0000, 0x0000, 0x0000, 0x0000, 0x0000, 0x0000, 
	0xFFFF, 0x0000, 0xFFFF, 0xFFFF, 0x0000, 0xFFFF, 0x0000, 0x0000, 0xFFFF, 
	0x0000, 0xFFFF, 0xFFFF, 0xFFFF, 0xFFFF, 0x0000, 0x0000, 0xFFFF, 0x0000, 
	0xE05A, 0xE05A, 0xE05A, 0xE05A, 0xE05A, 0xE05A, 0xE05A, 0xE05A, 0xE05A, 
	0xE05A, 0xE05A, 0xE05A, 0xE05A, 0xE05A, 0xE05A, 0xE05A, 0xE023, 0xDF87, 
	0xDE96, 0xDD60, 0xDBF3, 0xDA60, 0xD8B6, 0xD703, 0xD559, 0xD3C6, 0xD259, 
	0xD123, 0xD032, 0xCF96, 0xCF5F, 0xCF75, 0xCFA9, 0xCFE8, 0xD01C, 0xD032, 
	},{ 
	0x0001, 0x0000, 0x0001, 0x0001, 0x0001, 0x0002, 0x0001, 0x0003, 0x0001, 
	0x0004, 0x0001, 0x0005, 0x0034, 0x0006, 0x0035, 0x003A, 0x0038, 0x006F, 
	0x0033, 0x00A7, 0x0038, 0x00DA, 0x0038, 0x0112, 0x0023, 0x014A, 0x0038, 
	0x016D, 0x0038, 0x01A5, 0x0001, 0x01DD, 0x0001, 0x01DE, 0x0001, 0x01DF, 
	0x0038, 0x01E0, 0x0038, 0x0218, 0x0038, 0x0250, 0x0038, 0x0288, 0x0038, 
	0x02C0, 0x0038, 0x02F8, 0x0038, 0x0330, 0x0038, 0x0368, 0x0038, 0x03A0, 
	0x0001, 0x03D8, 0x0001, 0x03D9, 0x0001, 0x03DA, 0x0038, 0x03DB, 0x0038, 
	0x0413, 0x0038, 0x044B, 0x0038, 0x0483, 0x0022, 0x04BB, 0x0038, 0x04DD, 
	0x0038, 0x0515, 0x0038, 0x054D, 0x0038, 0x0585, 0x0038, 0x05BD, 0x0037, 
	0x05F5, 0x0001, 0x062C, 0x0038, 0x062D, 0x0038, 0x0665, 0x0038, 0x069D, 
	0x0024, 0x06D5, 0x0035, 0x06F9, 0x0024, 0x072E, 0x0036, 0x0752, 0x0038, 
	0x0788, 0x0024, 0x07C0, 0x0038, 0x07E4, 0x0037, 0x081C, 0x0001, 0x0853, 
	0x0038, 0x0854, 0x0038, 0x088C, 0x0038, 0x08C4, 0x0024, 0x08FC, 0x002D, 
	0x0920, 0x0024, 0x094D, 0x0038, 0x0971, 0x0038, 0x09A9, 0x0024, 0x09E1, 
});
smlua_anim_util_register_animation('JWAR_SUPER_GP',1, 0, 0, 0, 1, { 
	0x0000, 0x003B, 0x0037, 0x0000, 0x3FFF, 0x0000, 0x0000, 0xFFFF, 0x1B25, 
	0xFF9D, 0xFCCD, 0x18D7, 0xFF18, 0x0321, 0x0CAA, 0x0001, 0xFFFE, 0xC170, 
	0x01A7, 0xFD1D, 0x51D0, 0xFFFF, 0x0000, 0xF8C3, 0xFF89, 0xF97F, 0xF06E, 
	0x0001, 0xFFFE, 0xC170, 0x02F1, 0x0C6A, 0x500B, 0x0000, 0xFFFF, 0xFE53, 
	0xFFD6, 0xFCBE, 0xEF7C, 0x0000, 0xFFFF, 0xBF5E, 0xFFCA, 0xF3C9, 0x8660, 
	0x0000, 0xFFFF, 0x3426, 0x0095, 0xFF08, 0xCC41, 0x0000, 0xFFFF, 0xBF5E, 
	0xF7EE, 0x07D6, 0x7ACB, 0x0000, 0xFFFF, 0x385D, 0x001B, 0x025B, 0xCB24, 
	

},{ 
	0x0001, 0x0000, 0x0001, 0x0001, 0x0001, 0x0002, 0x0001, 0x0003, 0x0001, 
	0x0004, 0x0001, 0x0005, 0x0001, 0x0006, 0x0001, 0x0007, 0x0001, 0x0008, 
	0x0001, 0x0009, 0x0001, 0x000A, 0x0001, 0x000B, 0x0001, 0x000C, 0x0001, 
	0x000D, 0x0001, 0x000E, 0x0001, 0x000F, 0x0001, 0x0010, 0x0001, 0x0011, 
	0x0001, 0x0012, 0x0001, 0x0013, 0x0001, 0x0014, 0x0001, 0x0015, 0x0001, 
	0x0016, 0x0001, 0x0017, 0x0001, 0x0018, 0x0001, 0x0019, 0x0001, 0x001A, 
	0x0001, 0x001B, 0x0001, 0x001C, 0x0001, 0x001D, 0x0001, 0x001E, 0x0001, 
	0x001F, 0x0001, 0x0020, 0x0001, 0x0021, 0x0001, 0x0022, 0x0001, 0x0023, 
	0x0001, 0x0024, 0x0001, 0x0025, 0x0001, 0x0026, 0x0001, 0x0027, 0x0001, 
	0x0028, 0x0001, 0x0029, 0x0001, 0x002A, 0x0001, 0x002B, 0x0001, 0x002C, 
	0x0001, 0x002D, 0x0001, 0x002E, 0x0001, 0x002F, 0x0001, 0x0030, 0x0001, 
	0x0031, 0x0001, 0x0032, 0x0001, 0x0033, 0x0001, 0x0034, 0x0001, 0x0035, 
	0x0001, 0x0036, 0x0001, 0x0037, 0x0001, 0x0038, 0x0001, 0x0039, 0x0001, 
	0x003A, 0x0001, 0x003B, 0x0001, 0x003C, 0x0001, 0x003D, 0x0001, 0x003E, 
	

});
smlua_anim_util_register_animation('JWAR_HOLD_RUN',0, 0, 0, 0, 89, { 
	0x0000, 0x00C3, 0x00C2, 0x00BF, 0x00BB, 0x00B7, 0x00B3, 0x00AF, 0x00AC, 
	0x00AB, 0x00AC, 0x00AE, 0x00B1, 0x00B4, 0x00B9, 0x00BF, 0x00C5, 0x00CB, 
	0x00D2, 0x00D8, 0x00DF, 0x00E6, 0x00EC, 0x00F2, 0x00F8, 0x00FD, 0x0100, 
	0x0103, 0x0105, 0x0106, 0x0106, 0x0104, 0x0102, 0x00FF, 0x00FC, 0x00F8, 
	0x00F3, 0x00EE, 0x00E9, 0x00E4, 0x00DE, 0x00D8, 0x00D3, 0x00CD, 0x00C8, 
	0x00C3, 0x00BE, 0x00B9, 0x00B5, 0x00B2, 0x00AF, 0x00AD, 0x00AB, 0x00AB, 
	0x00AB, 0x00AC, 0x00AE, 0x00B0, 0x00B2, 0x00B5, 0x00B8, 0x00BC, 0x00C0, 
	0x00C4, 0x00C8, 0x00CD, 0x00D1, 0x00D6, 0x00DB, 0x00E0, 0x00E4, 0x00E9, 
	0x00ED, 0x00F1, 0x00F5, 0x00F9, 0x00FC, 0x00FF, 0x0101, 0x0103, 0x0105, 
	0x0106, 0x0106, 0x0104, 0x0100, 0x00FA, 0x00F2, 0x00EB, 0x00E3, 0x00DD, 
	0x00D9, 0x0000, 0x0000, 0x3FFF, 0x0000, 0xFFFF, 0xFFFF, 0x38E3, 0xEE5C, 
	0xEE78, 0xEECB, 0xEF4F, 0xF001, 0xF0DB, 0xF1DB, 0xF2FA, 0xF436, 0xF58A, 
	0xF6F0, 0xF866, 0xF9E7, 0xFB6E, 0xFCF8, 0xFE7F, 0x0000, 0x0176, 0x02E1, 
	0x043F, 0x0590, 0x06D4, 0x080A, 0x0930, 0x0A47, 0x0B4D, 0x0C42, 0x0D26, 
	0x0DF7, 0x0EB5, 0x0F5F, 0x0FF5, 0x1076, 0x10E0, 0x1135, 0x1172, 0x1197, 
	0x11A3, 0x1195, 0x116D, 0x112B, 0x10D1, 0x1061, 0x0FDC, 0x0F43, 0x0E99, 
	0x0DDD, 0x0D13, 0x0C3B, 0x0B57, 0x0A68, 0x0970, 0x086F, 0x0769, 0x065D, 
	0x054E, 0x043D, 0x032B, 0x021A, 0x010B, 0x0000, 0xFEF9, 0xFDF8, 0xFCFD, 
	0xFC08, 0xFB1A, 0xFA31, 0xF94F, 0xF874, 0xF7A1, 0xF6D4, 0xF60F, 0xF552, 
	0xF49E, 0xF3F1, 0xF34D, 0xF2B2, 0xF220, 0xF197, 0xF118, 0xF0A2, 0xF037, 
	0xEFD6, 0xEF7F, 0xEF33, 0xEEF3, 0xEEBD, 0xEE93, 0xEE75, 0xEE62, 0xFF01, 
	0xFF03, 0xFF07, 0xFF0F, 0xFF19, 0xFF25, 0xFF34, 0xFF44, 0xFF55, 0xFF69, 
	0xFF7D, 0xFF92, 0xFFA7, 0xFFBD, 0xFFD3, 0xFFE9, 0xFFFF, 0x0015, 0x0029, 
	0x003D, 0x0050, 0x0062, 0x0073, 0x0084, 0x0094, 0x00A2, 0x00B0, 0x00BD, 
	0x00C8, 0x00D3, 0x00DD, 0x00E5, 0x00EC, 0x00F2, 0x00F7, 0x00FA, 0x00FC, 
	0x00FD, 0x00FC, 0x00FA, 0x00F6, 0x00F1, 0x00EB, 0x00E4, 0x00DB, 0x00D2, 
	0x00C7, 0x00BC, 0x00B0, 0x00A3, 0x0095, 0x0087, 0x0079, 0x006A, 0x005B, 
	0x004C, 0x003D, 0x002D, 0x001E, 0x000F, 0xFFFF, 0xFFF0, 0xFFE2, 0xFFD4, 
	0xFFC6, 0xFFB9, 0xFFAC, 0xFF9F, 0xFF93, 0xFF87, 0xFF7B, 0xFF70, 0xFF66, 
	0xFF5B, 0xFF52, 0xFF48, 0xFF40, 0xFF37, 0xFF30, 0xFF29, 0xFF22, 0xFF1C, 
	0xFF16, 0xFF12, 0xFF0D, 0xFF0A, 0xFF07, 0xFF04, 0xFF03, 0xFF02, 0x09DD, 
	0x09CD, 0x099E, 0x0957, 0x08FA, 0x088C, 0x0811, 0x078E, 0x0706, 0x067F, 
	0x05FB, 0x0580, 0x0512, 0x04B5, 0x046E, 0x0440, 0x042F, 0x0439, 0x0454, 
	0x0480, 0x04B9, 0x04FF, 0x054F, 0x05A8, 0x0607, 0x066B, 0x06D2, 0x073A, 
	0x07A1, 0x0805, 0x0864, 0x08BD, 0x090D, 0x0953, 0x098C, 0x09B8, 0x09D3, 
	0x09DD, 0x09D5, 0x09BE, 0x0999, 0x0968, 0x092D, 0x08E8, 0x089B, 0x0848, 
	0x07EF, 0x0794, 0x0735, 0x06D7, 0x0679, 0x061D, 0x05C5, 0x0571, 0x0524, 
	0x04DF, 0x04A4, 0x0473, 0x044E, 0x0437, 0x042F, 0x0434, 0x0442, 0x0458, 
	0x0476, 0x049B, 0x04C6, 0x04F8, 0x052E, 0x0569, 0x05A8, 0x05EA, 0x062F, 
	0x0676, 0x06BE, 0x0706, 0x074F, 0x0797, 0x07DD, 0x0822, 0x0864, 0x08A3, 
	0x08DE, 0x0914, 0x0946, 0x0971, 0x0996, 0x09B4, 0x09CA, 0x09D8, 0x10EF, 
	0x10D0, 0x1077, 0x0FED, 0x0F39, 0x0E62, 0x0D70, 0x0C6A, 0x0B59, 0x0A43, 
	0x092F, 0x081C, 0x0708, 0x05F0, 0x04D4, 0x03AF, 0x0281, 0x0148, 0x0000, 
	0xFEA8, 0xFD46, 0xFBDD, 0xFA72, 0xF90A, 0xF7A8, 0xF652, 0xF50D, 0xF3DC, 
	0xF2C5, 0xF1CD, 0xF0F7, 0xF049, 0xEFC7, 0xEF66, 0xEF19, 0xEEDD, 0xEEB0, 
	0xEE90, 0xEE7A, 0xEE6D, 0xEE67, 0xEE64, 0xEE64, 0xEE7D, 0xEEC8, 0xEF40, 
	0xEFE1, 0xF0A8, 0xF190, 0xF296, 0xF3B7, 0xF4EE, 0xF637, 0xF78F, 0xF8F2, 
	0xFA5C, 0xFBC9, 0xFD36, 0xFE9F, 0xFFFF, 0x0155, 0x029D, 0x03D7, 0x0502, 
	0x061C, 0x0724, 0x081A, 0x08FD, 0x09CA, 0x0A82, 0x0B26, 0x0BB7, 0x0C39, 
	0x0CAD, 0x0D14, 0x0D71, 0x0DC6, 0x0E15, 0x0E5F, 0x0EA8, 0x0EF0, 0x0F39, 
	0x0F82, 0x0FC9, 0x100C, 0x104A, 0x1081, 0x10AE, 0x10D1, 0x10E7, 0x011D, 
	0x0118, 0x010A, 0x00F5, 0x00DA, 0x00BC, 0x009C, 0x007C, 0x005F, 0x0046, 
	0x0033, 0x0025, 0x001B, 0x0014, 0x000F, 0x000C, 0x0009, 0x0005, 0x0000, 
	0xFFF7, 0xFFEE, 0xFFE2, 0xFFD4, 0xFFC5, 0xFFB4, 0xFFA2, 0xFF90, 0xFF7D, 
	0xFF69, 0xFF56, 0xFF43, 0xFF30, 0xFF1D, 0xFF0C, 0xFEFB, 0xFEEC, 0xFEDE, 
	0xFED2, 0xFEC8, 0xFEC0, 0xFEB9, 0xFEB6, 0xFEB4, 0xFEB8, 0xFEC1, 0xFECF, 
	0xFEE2, 0xFEF9, 0xFF12, 0xFF2D, 0xFF4A, 0xFF67, 0xFF83, 0xFF9F, 0xFFB8, 
	0xFFCF, 0xFFE2, 0xFFF1, 0xFFFB, 0x0000, 0x0001, 0x0001, 0x0001, 0x0001, 
	0x0001, 0x0001, 0x0001, 0x0001, 0x0002, 0x0004, 0x000A, 0x0013, 0x001E, 
	0x002B, 0x003A, 0x004B, 0x005D, 0x0070, 0x0083, 0x0096, 0x00A9, 0x00BC, 
	0x00CD, 0x00DE, 0x00ED, 0x00FB, 0x0107, 0x0110, 0x0117, 0x011C, 0xFBA2, 
	0xFBB6, 0xFBF0, 0xFC4A, 0xFCBF, 0xFD4B, 0xFDE9, 0xFE94, 0xFF47, 0xFFFE, 
	0x00B3, 0x0163, 0x0208, 0x029F, 0x0324, 0x0393, 0x03E7, 0x041C, 0x042F, 
	0x0429, 0x0418, 0x03FB, 0x03D3, 0x03A0, 0x0363, 0x031A, 0x02C7, 0x026A, 
	0x0203, 0x0193, 0x0118, 0x0094, 0x0007, 0xFF71, 0xFED7, 0xFE3E, 0xFDAA, 
	0xFD1F, 0xFCA3, 0xFC3B, 0xFBEA, 0xFBB7, 0xFBA4, 0xFBA7, 0xFBB0, 0xFBBF, 
	0xFBD4, 0xFBF1, 0xFC15, 0xFC40, 0xFC74, 0xFCB1, 0xFCF7, 0xFD46, 0xFD9F, 
	0xFE03, 0xFE71, 0xFEEA, 0xFF6F, 0xFFFF, 0x009C, 0x013D, 0x01DE, 0x0278, 
	0x0304, 0x037C, 0x03DA, 0x0417, 0x042D, 0x0424, 0x0409, 0x03DC, 0x03A0, 
	0x0355, 0x02FC, 0x0297, 0x0226, 0x01AA, 0x0125, 0x0098, 0x0003, 0xFF67, 
	0xFECB, 0xFE30, 0xFD9C, 0xFD14, 0xFC9A, 0xFC34, 0xFBE6, 0xFBB4, 0x0000, 
	0xFFFF, 0xBFFF, 0x1DFD, 0x1E0C, 0x1E37, 0x1E7C, 0x1EDA, 0x1F51, 0x1FDD, 
	0x207E, 0x2132, 0x21F8, 0x22CE, 0x23B2, 0x24A4, 0x25A2, 0x26A7, 0x27AB, 
	0x28A0, 0x297A, 0x2A2C, 0x2AAA, 0x2AF4, 0x2B32, 0x2B9B, 0x2C64, 0x2DC3, 
	0x2FED, 0x3319, 0x3736, 0xBC0E, 0xC16D, 0xC71E, 0xCCEA, 0xD29E, 0xD803, 
	0xDCE4, 0xE10C, 0xE447, 0xE65D, 0xE71C, 0xE6BE, 0xE5B2, 0xE40A, 0xE1D6, 
	0xDF28, 0xDC13, 0xD8A7, 0xD4F7, 0xD115, 0xCD11, 0xC8FE, 0xC4ED, 0xC0F1, 
	0xBD1A, 0x397B, 0x3625, 0x332A, 0x309B, 0x2E8B, 0x2D03, 0x2BF5, 0x2B49, 
	0x2AE8, 0x2ABB, 0x2AAB, 0x2AA2, 0x2A8F, 0x2A64, 0x2A0E, 0x2980, 0x28A9, 
	0x276A, 0x25B7, 0x239C, 0x2128, 0x1E69, 0x1B6B, 0x183D, 0x14EB, 0x1184, 
	0x0E15, 0x0AAB, 0x0754, 0x041D, 0x0115, 0xFE47, 0xFBC4, 0xF997, 0xF7CE, 
	0xF677, 0xF59F, 0xC563, 0xC51D, 0xC45C, 0xC335, 0xC1C0, 0xC012, 0xBE43, 
	0xBC68, 0xBA99, 0xB8EC, 0xB776, 0xB650, 0xB58E, 0xB549, 0xB54A, 0xB54C, 
	0xB54F, 0xB552, 0xB554, 0xB555, 0xB554, 0xB553, 0xB54F, 0xB547, 0xB53A, 
	0xB526, 0xB4D6, 0xB420, 0xCCE7, 0xCE30, 0xCFA6, 0xD137, 0xD2CF, 0xD45C, 
	0xD5CB, 0xD709, 0xD804, 0xD8A8, 0xD8E3, 0xD8C6, 0xD875, 0xD7F6, 0xD74E, 
	0xD684, 0xD59E, 0xD4A2, 0xD396, 0xD280, 0xD166, 0xD04E, 0xCF3F, 0xCE3F, 
	0xCD53, 0xB37C, 0xB42C, 0xB4B5, 0xB511, 0xB53A, 0xB545, 0xB54D, 0xB551, 
	0xB554, 0xB555, 0xB555, 0xB555, 0xB554, 0xB554, 0xB553, 0xB551, 0xB54F, 
	0xB546, 0xB533, 0xB516, 0xB4F1, 0xB4C5, 0xB492, 0xB45B, 0xB420, 0xB3E2, 
	0xB3A3, 0xB363, 0xB324, 0xB2E6, 0xB2AC, 0xB276, 0xB245, 0xB21A, 0xB1F7, 
	0xB1DD, 0xB1CC, 0xB823, 0xB89C, 0xB9EE, 0xBBF1, 0xBE7D, 0xC16C, 0xC496, 
	0xC7D4, 0xCAFE, 0xCDED, 0xD079, 0xD27C, 0xD3CE, 0xD447, 0xD423, 0xD3C5, 
	0xD343, 0xD2B4, 0xD22D, 0xD1C6, 0xD18B, 0xD164, 0xD130, 0xD0CD, 0xD019, 
	0xCEF4, 0xCD24, 0xCA9F, 0x478C, 0x440F, 0x404F, 0x3C72, 0x389E, 0x34F9, 
	0x31A8, 0x2ED2, 0x2C9C, 0x2B2D, 0x2AAB, 0x2AE9, 0x2B9D, 0x2CBA, 0x2E34, 
	0x2FFF, 0x320F, 0x3457, 0x36CC, 0x3960, 0x3C09, 0x3EBA, 0x4167, 0x4404, 
	0x4684, 0xC8DB, 0xCAFE, 0xCCDF, 0xCE74, 0xCFB0, 0xD090, 0xD126, 0xD180, 
	0xD1AE, 0xD1C0, 0xD1C6, 0xD1CE, 0xD1DD, 0xD1F8, 0xD222, 0xD25F, 0xD2B5, 
	0xD324, 0xD3AC, 0xD44A, 0xD4FA, 0xD5B9, 0xD684, 0xD759, 0xD833, 0xD911, 
	0xD9EE, 0xDAC9, 0xDB9D, 0xDC67, 0xDD26, 0xDDD5, 0xDE71, 0xDEF8, 0xDF67, 
	0xDFB9, 0xDFED, 0x0000, 0xFFFF, 0xFFFF, 0x0000, 0x0000, 0x0000, 0x0000, 
	0x0000, 0x0000, 0x0000, 0x0000, 0xFFFF, 0xFFFF, 0xFFFF, 0x0000, 0xFFFF, 
	0x0000, 0xFFFF, 0x0000, 0xFFFF, 0xFFFF, 0xFFFF, 0xFFFF, 0xFFFF, 0xFFFF, 
	0xFFFF, 0xFFFF, 0x0000, 0x0000, 0xFFFF, 0xFFFF, 0xFFFF, 0xFFFF, 0x0000, 
	0xFFFF, 0xFFFF, 0xFFFF, 0xFFFF, 0x0000, 0xFFFF, 0x0000, 0x0000, 0x0000, 
	0xFFFF, 0xFFFF, 0xFFFF, 0xFFFF, 0x0000, 0xFFFF, 0xFFFF, 0xFFFF, 0x0000, 
	0x0000, 0xFFFF, 0x0000, 0xFFFF, 0x0000, 0xFFFF, 0xFFFF, 0x0000, 0x0000, 
	0xFFFF, 0x0000, 0xFFFF, 0xFFFF, 0xFFFF, 0x0000, 0xFFFF, 0x0000, 0xFFFF, 
	0xFFFF, 0xFFFF, 0xFFFF, 0xFFFF, 0xFFFF, 0xFFFF, 0xFFFF, 0xFFFF, 0x0000, 
	0xFFFF, 0xFFFF, 0xFFFF, 0xFFFF, 0xFFFF, 0x0000, 0x0000, 0xFFFF, 0xFFFF, 
	0x0000, 0xFFFF, 0xFFFF, 0xFFFF, 0xFFFF, 0xFFFF, 0x0000, 0x0000, 0x0000, 
	0xFFFF, 0xFFFF, 0x0000, 0x0000, 0x0000, 0x0000, 0x0000, 0x0000, 0xFFFF, 
	0x0000, 0xFFFF, 0x0000, 0x0000, 0xFFFF, 0x0000, 0x0000, 0xFFFF, 0x0000, 
	0x0000, 0x0000, 0x0000, 0x0000, 0x0000, 0xFFFF, 0x0000, 0xFFFF, 0x0000, 
	0xFFFF, 0x0000, 0x0000, 0x0000, 0x0000, 0x0000, 0xFFFF, 0x0000, 0xFFFF, 
	0xFFFF, 0xFFFF, 0x0000, 0x0000, 0x0000, 0x0000, 0x0000, 0x0000, 0xFFFF, 
	0x0000, 0xFFFF, 0xFFFF, 0x0000, 0xFFFF, 0xFFFF, 0x0000, 0x0000, 0x0000, 
	0x0000, 0x0000, 0x0000, 0x0000, 0x0000, 0x0000, 0x0000, 0xFFFF, 0x0000, 
	0x0000, 0xFFFF, 0x0000, 0x0000, 0x0000, 0x0000, 0xFFFF, 0xC71C, 0xC6FD, 
	0xC6A9, 0xC629, 0xC586, 0xC4CB, 0xC401, 0xC332, 0xC268, 0xC1AC, 0xC109, 
	0xC089, 0xC035, 0xC016, 0xC067, 0xC141, 0xC27E, 0xC3FA, 0xC590, 0xC71C, 
	0xC880, 0xC9C1, 0xCAEC, 0xCC0D, 0xCD32, 0xCE66, 0xCFB5, 0xD117, 0xD286, 
	0xD3F9, 0xD569, 0xD6CB, 0xD819, 0xD94B, 0xDA57, 0xDB36, 0xDBDF, 0xDC4B, 
	0xDC71, 0xDC61, 0xDC34, 0xDBEB, 0xDB88, 0xDB0D, 0xDA7B, 0xD9D5, 0xD91C, 
	0xD852, 0xD778, 0xD691, 0xD59F, 0xD4A3, 0xD39F, 0xD295, 0xD186, 0xD075, 
	0xCF63, 0xCE52, 0xCD43, 0xCC2F, 0xCB0F, 0xC9DC, 0xC88D, 0xC71C, 0xC588, 
	0xC3ED, 0xC270, 0xC133, 0xC05B, 0xC00B, 0xC017, 0xC039, 0xC06F, 0xC0B7, 
	0xC10E, 0xC172, 0xC1E0, 0xC257, 0xC2D3, 0xC353, 0xC3D4, 0xC454, 0xC4D0, 
	0xC547, 0xC5B5, 0xC619, 0xC670, 0xC6B7, 0xC6EE, 0xC710, 0xC792, 0xC710, 
	0xC5A7, 0xC380, 0xC0C5, 0xBDA1, 0xBA3E, 0xB6C6, 0xB363, 0xB040, 0xAD85, 
	0xAB5E, 0xA9F5, 0xA973, 0xA9BB, 0xAA7A, 0xAB8A, 0xACC6, 0xAE07, 0xAF28, 
	0xB00B, 0xB0B8, 0xB13E, 0xB1AB, 0xB210, 0xB27C, 0xB2FB, 0xB38C, 0xB429, 
	0xB4CE, 0xB576, 0xB61C, 0xB6BC, 0xB750, 0xB7D4, 0xB843, 0xB899, 0xB8D0, 
	0xB8E3, 0xB8DA, 0xB8C2, 0xB89B, 0xB867, 0xB827, 0xB7DC, 0xB788, 0xB72C, 
	0xB6C9, 0xB660, 0xB5F3, 0xB583, 0xB512, 0xB4A0, 0xB42F, 0xB3C0, 0xB355, 
	0xB2EE, 0xB28E, 0xB233, 0xB1D6, 0xB16C, 0xB0EB, 0xB04A, 0xAF7F, 0xAE86, 
	0xAD76, 0xAC6F, 0xAB8D, 0xAAF0, 0xAAB4, 0xAAE5, 0xAB71, 0xAC4E, 0xAD73, 
	0xAED6, 0xB06D, 0xB230, 0xB415, 0xB611, 0xB81C, 0xBA2B, 0xBC36, 0xBE32, 
	0xC016, 0xC1D9, 0xC371, 0xC4D4, 0xC5F9, 0xC6D6, 0xC761, 0xD888, 0xD87D, 
	0xD85F, 0xD831, 0xD7F7, 0xD7B4, 0xD76B, 0xD721, 0xD6D9, 0xD696, 0xD65C, 
	0xD62E, 0xD60F, 0xD605, 0xD651, 0xD721, 0xD853, 0xD9C8, 0xDB5D, 0xDCF2, 
	0xDE6D, 0xDFC9, 0xE10B, 0xE233, 0xE345, 0xE443, 0xE530, 0xE60B, 0xE6D4, 
	0xE78B, 0xE830, 0xE8C2, 0xE942, 0xE9AF, 0xEA09, 0xEA4F, 0xEA81, 0xEAA0, 
	0xEAAA, 0xEAA8, 0xEAA4, 0xEA9A, 0xEA8B, 0xEA76, 0xEA59, 0xEA33, 0xEA04, 
	0xE9CA, 0xE984, 0xE931, 0xE8D1, 0xE862, 0xE7E2, 0xE752, 0xE6B1, 0xE5FC, 
	0xE533, 0xE455, 0xE361, 0xE256, 0xE133, 0xDFF7, 0xDEA1, 0xDD30, 0xDBA8, 
	0xDA24, 0xD8C0, 0xD79C, 0xD6D7, 0xD68E, 0xD691, 0xD69B, 0xD6AA, 0xD6BE, 
	0xD6D6, 0xD6F2, 0xD711, 0xD732, 0xD755, 0xD779, 0xD79D, 0xD7C1, 0xD7E4, 
	0xD805, 0xD824, 0xD840, 0xD858, 0xD86C, 0xD87B, 0xD885, 0xE735, 0xE7CF, 
	0xE97B, 0xEC07, 0xEF42, 0xF2F9, 0xF6FB, 0xFB16, 0xFF18, 0x02D1, 0x060B, 
	0x0898, 0x0A43, 0x0ADD, 0x0A84, 0x0998, 0x0846, 0x06BC, 0x0528, 0x03B7, 
	0x028D, 0x01A1, 0x00E1, 0x003B, 0xFF9A, 0xFEEE, 0xFE28, 0xFD4A, 0xFC5B, 
	0xFB63, 0xFA67, 0xF96F, 0xF881, 0xF7A6, 0xF6E2, 0xF63F, 0xF5C1, 0xF571, 
	0xF554, 0xF560, 0xF584, 0xF5BC, 0xF608, 0xF665, 0xF6D3, 0xF74E, 0xF7D6, 
	0xF868, 0xF903, 0xF9A5, 0xFA4C, 0xFAF6, 0xFBA2, 0xFC4D, 0xFCF6, 0xFD9C, 
	0xFE3C, 0xFED4, 0xFF65, 0xFFF8, 0x009A, 0x0153, 0x0230, 0x033C, 0x047B, 
	0x05D0, 0x0717, 0x082E, 0x08EF, 0x0938, 0x08FE, 0x085A, 0x0756, 0x05FD, 
	0x045A, 0x027A, 0x0067, 0xFE2B, 0xFBD4, 0xF96D, 0xF6FF, 0xF498, 0xF241, 
	0xF006, 0xEDF3, 0xEC13, 0xEA70, 0xE917, 0xE813, 0xE76F, 0x0000, 0xFFFF, 
	0xBFFF, 0xFD74, 0x2B35, 0x7D2F, 0xFFFF, 0xFFFF, 0xFFFF, 0x0000, 0xFFFF, 
	0xFFFF, 0x0000, 0xFFFF, 0xFFFF, 0xFFFF, 0x0000, 0xFFFF, 0xFFFF, 0x0000, 
	0xFFFF, 0x0000, 0xFFFF, 0x0000, 0xFFFF, 0xFFFF, 0x0000, 0xFFFF, 0xFFFF, 
	0x0000, 0xFFFF, 0x0000, 0xFFFF, 0xFFFF, 0xFFFF, 0x0000, 0xFFFF, 0xFFFF, 
	0x0000, 0x0000, 0x0000, 0x0000, 0xFFFF, 0xFFFF, 0x0000, 0xFFFF, 0x0000, 
	0x0000, 0xFFFF, 0x0000, 0xFFFF, 0x0000, 0xFFFF, 0xFFFF, 0x0000, 0x0000, 
	0x0000, 0xFFFF, 0x0000, 0xFFFF, 0x0000, 0x0000, 0xFFFF, 0xFFFF, 0xFFFF, 
	0xFFFF, 0xFFFF, 0xFFFF, 0x0000, 0x0000, 0x0000, 0xFFFF, 0xFFFF, 0xFFFF, 
	0xFFFF, 0xFFFF, 0xFFFF, 0xFFFF, 0xFFFF, 0xFFFF, 0x0000, 0xFFFF, 0x0000, 
	0x0000, 0xFFFF, 0x0000, 0xFFFF, 0xFFFF, 0xFFFF, 0x0000, 0x0000, 0xFFFF, 
	0xFFFF, 0xFFFF, 0x0000, 0xFFFF, 0xFFFF, 0xFFFF, 0xFFFF, 0xFFFF, 0xFFFF, 
	0xFFFF, 0x0000, 0xFFFF, 0xFFFF, 0xFFFF, 0x0000, 0xFFFF, 0xFFFF, 0xFFFF, 
	0x0000, 0x0000, 0xFFFF, 0xFFFF, 0xFFFF, 0xFFFF, 0x0000, 0x0000, 0xFFFF, 
	0xFFFF, 0xFFFF, 0xFFFF, 0x0000, 0xFFFF, 0x0000, 0xFFFF, 0xFFFF, 0x0000, 
	0x0000, 0xFFFF, 0x0000, 0xFFFF, 0x0000, 0xFFFF, 0xFFFF, 0x0000, 0xFFFF, 
	0xFFFF, 0xFFFF, 0xFFFF, 0xFFFF, 0xFFFF, 0x0000, 0xFFFF, 0x0000, 0x0000, 
	0xFFFF, 0xFFFF, 0xFFFF, 0xFFFF, 0xFFFF, 0xFFFF, 0xFFFF, 0x0000, 0xFFFF, 
	0xFFFF, 0xFFFF, 0xFFFF, 0x0000, 0x0000, 0xFFFF, 0xFFFF, 0xFFFF, 0xFFFF, 
	0xFFFF, 0xFFFF, 0xFFFF, 0xFFFF, 0xFFFF, 0x0000, 0xFFFF, 0xFFFF, 0x0000, 
	0xFFFF, 0xFFFF, 0xFFFF, 0xFFFF, 0xFFFF, 0xFFFF, 0xFFFF, 0xFFFF, 0xFFFF, 
	0x0000, 0xFFFF, 0xFFFF, 0x0000, 0xCC30, 0x2EDF, 0x1BBF, 0x1CF0, 0x0000, 
	0x0E39, 0xC5E3, 0x00D0, 0x00D0, 0x00D0, 0x00D0, 0x00D0, 0x00D0, 0x00D0, 
	0x00D0, 0x00D0, 0x00D0, 0x00D0, 0x00D0, 0x00D0, 0x00D0, 0x00D0, 0x00D0, 
	0x00D1, 0x00D1, 0x00D1, 0x00D1, 0x00D1, 0x00D1, 0x00D1, 0x00D1, 0x00D1, 
	0x00D1, 0x00D1, 0x00D1, 0x00D1, 0x00D1, 0x00D1, 0x00D1, 0x00D1, 0x00D1, 
	0x00D1, 0x00D1, 0x00D1, 0x00D1, 0x00D1, 0x00D1, 0x00D1, 0x00D1, 0x00D0, 
	0xFFFF, 0xFFFF, 0xFFFF, 0xFFFF, 0xFFFF, 0xFFFF, 0xFFFF, 0xFFFF, 0xFFFF, 
	0xFFFF, 0xFFFF, 0xFFFF, 0xFFFF, 0xFFFE, 0xFFFE, 0xFFFE, 0xFFFE, 0xFFFE, 
	0xFFFE, 0xFFFE, 0xFFFE, 0xFFFE, 0xFFFE, 0xFFFE, 0xFFFE, 0xFFFE, 0xFFFE, 
	0xFFFE, 0xFFFE, 0xFFFE, 0xFFFE, 0xFFFE, 0xFFFE, 0xFFFE, 0xFFFE, 0xFFFE, 
	0xFFFE, 0xFFFE, 0xFFFE, 0xFFFE, 0xFFFE, 0xFFFE, 0xFFFE, 0xFFFE, 0xFFFE, 
	0xFFFE, 0xFFFE, 0xFFFE, 0xFFFE, 0xFFFE, 0xFFFE, 0xFFFE, 0xFFFE, 0xFFFE, 
	0xFFFE, 0xFFFE, 0xFFFE, 0xFFFE, 0xFFFE, 0xFFFE, 0xFFFE, 0xFFFE, 0xFFFE, 
	0xFFFE, 0xFFFE, 0xFFFE, 0xFFFE, 0xFFFE, 0xFFFE, 0xFFFE, 0xFFFE, 0xFFFE, 
	0xFFFF, 0xFFFF, 0xFFFF, 0xFFFF, 0xFFFF, 0xFFFF, 0xFFFF, 0xFFFF, 0xFFFF, 
	0xFFFF, 0x0000, 0xCE22, 0xCDE2, 0xCD29, 0xCC00, 0xCA6F, 0xC880, 0xC63B, 
	0xC3AA, 0xC0D5, 0xBDC6, 0xBA85, 0xB71C, 0xB394, 0xAFF5, 0xAC48, 0xA897, 
	0xA4EB, 0xA14C, 0x9DC3, 0x9A5A, 0x971A, 0x940B, 0x9136, 0x8EA5, 0x8C60, 
	0x8A71, 0x88E0, 0x87B6, 0x86FD, 0x86BE, 0x8701, 0x87C0, 0x88E7, 0x8A60, 
	0x8C1A, 0x8E00, 0x9000, 0x9204, 0x93FA, 0x95D1, 0x978A, 0x9926, 0x9AA8, 
	0x9C13, 0x9D6A, 0x9EAF, 0x9FE6, 0xA112, 0xA234, 0xA34F, 0xA467, 0xA57F, 
	0xA698, 0xA7B6, 0xA8DB, 0xAA0B, 0xAB48, 0xAC94, 0xADF3, 0xAF62, 0xB0E0, 
	0xB26C, 0xB403, 0xB5A4, 0xB74D, 0xB8FD, 0xBAB1, 0xBC68, 0xBE1F, 0xBFD6, 
	0xC18B, 0xC33B, 0xC4E6, 0xC689, 0xC822, 0xC9B0, 0xCB31, 0xCCA3, 0xCE05, 
	0xCF55, 0xD091, 0xD1B7, 0xD2C5, 0xD3BA, 0xD494, 0xD552, 0xD5F1, 0xD66F, 
	0xD6CC, 0xD705, 0x0000, 0x0000, 0x0000, 0x0000, 0x0000, 0xFFFF, 0xFFFF, 
	0xFFFF, 0xFFFF, 0xFFFF, 0x0000, 0xFFFF, 0xFFFF, 0x0000, 0xFFFF, 0x0000, 
	0x0000, 0xFFFF, 0xFFFF, 0x0000, 0x0000, 0xFFFF, 0x0000, 0x0000, 0xFFFF, 
	0xFFFF, 0x0000, 0xFFFF, 0xFFFF, 0x0000, 0x0000, 0xFFFF, 0x0000, 0xFFFF, 
	0xFFFF, 0xFFFF, 0x0000, 0xFFFF, 0xFFFF, 0xFFFF, 0xFFFF, 0xFFFF, 0x0000, 
	0x0000, 0x0000, 0x0000, 0x0000, 0xFFFF, 0xFFFF, 0xFFFF, 0x0000, 0xFFFF, 
	0x0000, 0xFFFF, 0x0000, 0x0000, 0xFFFF, 0x0000, 0xFFFF, 0xFFFF, 0xFFFF, 
	0x0000, 0xFFFF, 0xFFFF, 0x0000, 0x0000, 0xFFFF, 0x0000, 0x0000, 0xFFFF, 
	0xFFFF, 0x0000, 0xFFFF, 0x0000, 0x0000, 0xFFFF, 0x0000, 0xFFFF, 0x0000, 
	0x0000, 0xFFFF, 0xFFFF, 0x0000, 0x0000, 0xFFFF, 0x0000, 0x0000, 0xFFFF, 
	0x0000, 0x0000, 0x0000, 0x0000, 0x0000, 0x0000, 0xFFFF, 0x0000, 0xFFFF, 
	0xFFFF, 0x0000, 0xFFFF, 0x0000, 0x0000, 0x0000, 0x0000, 0x0000, 0xFFFF, 
	0x0000, 0xFFFF, 0xFFFF, 0x0000, 0x0000, 0x0000, 0x0000, 0xFFFF, 0x0000, 
	0x0000, 0xFFFF, 0xFFFF, 0xFFFF, 0xFFFF, 0x0000, 0x0000, 0x0000, 0xFFFF, 
	0x0000, 0xFFFF, 0xFFFF, 0xFFFF, 0xFFFF, 0xFFFF, 0xFFFF, 0xFFFF, 0x0000, 
	0xFFFF, 0xFFFF, 0xFFFF, 0xFFFF, 0xFFFF, 0xFFFF, 0xFFFF, 0x0000, 0xFFFF, 
	0xFFFF, 0xFFFF, 0x0000, 0x0000, 0x0000, 0x0000, 0x0000, 0xFFFF, 0xFFFF, 
	0x0000, 0x0000, 0x0000, 0x0000, 0xFFFF, 0xFFFF, 0x0000, 0x0000, 0x0000, 
	0x0000, 0x0000, 0x0000, 0xFFFF, 0xFFFF, 0x0000, 0xFFFF, 0x0000, 0xFFFF, 
	0x0000, 0x0000, 0x0000, 0x0000, 0xFFFF, 0x0000, 0xFFFF, 0x0000, 0xFFFF, 
	0x0000, 0x3C70, 0x3CE6, 0x3E1E, 0x3FD9, 0x40A1, 0x40EF, 0x41D7, 0x43D8, 
	0x459C, 0x46E4, 0x4770, 0x4793, 0x47C1, 0x47DE, 0x47ED, 0x47FD, 0x480B, 
	0x480F, 0x47EB, 0x4793, 0x46FA, 0x4614, 0x459F, 0x44D4, 0x432D, 0x4236, 
	0x4113, 0x3E79, 0x3A5E, 0x343D, 0x2CC6, 0x28C7, 0x24AC, 0x1C9C, 0x1549, 
	0x1225, 0x0F62, 0x0B97, 0x0CE3, 0x132E, 0x1755, 0x1A8E, 0x1F1A, 0x20D2, 
	0x2255, 0x2318, 0x23A7, 0x24CC, 0x25CA, 0x263F, 0x26A4, 0x275E, 0x27FD, 
	0x2885, 0x28FB, 0x2930, 0x2963, 0x29C2, 0x29F3, 0x2A1A, 0x2A4E, 0x2A43, 
	0x2A06, 0x29A4, 0x292C, 0x28DB, 0x28A9, 0x2878, 0x282A, 0x27BA, 0x2769, 
	0x2742, 0x2752, 0x27A8, 0x2852, 0x289C, 0x28C2, 0x294B, 0x2A82, 0x2BE8, 
	0x2D6C, 0x2EFF, 0x3090, 0x3210, 0x32F3, 0x336E, 0x33E8, 0x349A, 0x3585, 
	0x361D, 0xFFFF, 0xFFFF, 0x0000, 0xFFFF, 0x0000, 0xFFFF, 0xFFFF, 0x0000, 
	0xFFFF, 0xFFFF, 0x0000, 0x0000, 0x0000, 0xFFFF, 0xFFFF, 0x0000, 0x0000, 
	0xFFFF, 0x0000, 0x0000, 0x0000, 0xFFFF, 0xFFFF, 0xFFFF, 0x0000, 0x0000, 
	0x0000, 0x0000, 0xFFFF, 0x0000, 0x0000, 0xFFFF, 0xFFFF, 0xFFFF, 0x0000, 
	0x0000, 0x0000, 0x0000, 0x0000, 0xFFFF, 0x0000, 0xFFFF, 0x0000, 0xFFFF, 
	0xFFFF, 0xFFFF, 0xFFFF, 0xFFFF, 0xFFFF, 0xFFFF, 0x0000, 0x0000, 0xFFFF, 
	0x0000, 0x0000, 0xFFFF, 0x0000, 0xFFFF, 0xFFFF, 0x0000, 0x0000, 0xFFFF, 
	0xFFFF, 0x0000, 0x0000, 0xFFFF, 0x0000, 0xFFFF, 0x0000, 0xFFFF, 0x0000, 
	0xFFFF, 0x0000, 0xFFFF, 0x0000, 0xFFFF, 0x0000, 0xFFFF, 0x0000, 0xFFFF, 
	0x0000, 0xFFFF, 0xFFFF, 0xFFFF, 0xFFFF, 0x0000, 0xFFFF, 0x0000, 0x0000, 
	0xFFFF, 0x0000, 0xFFFF, 0x0000, 0xFFFF, 0xFFFF, 0xFFFF, 0x0000, 0xFFFF, 
	0x0000, 0x0000, 0xFFFF, 0x0000, 0x0000, 0xFFFF, 0xFFFF, 0x0000, 0xFFFF, 
	0xFFFF, 0xFFFF, 0x0000, 0x0000, 0x0000, 0x0000, 0x0000, 0xFFFF, 0x0000, 
	0xFFFF, 0x0000, 0xFFFF, 0x0000, 0xFFFF, 0xFFFF, 0x0000, 0x0000, 0xFFFF, 
	0x0000, 0x0000, 0x0000, 0xFFFF, 0xFFFF, 0x0000, 0x0000, 0xFFFF, 0xFFFF, 
	0x0000, 0x0000, 0x0000, 0x0000, 0x0000, 0x0000, 0xFFFF, 0xFFFF, 0xFFFF, 
	0x0000, 0x0000, 0x0000, 0xFFFF, 0xFFFF, 0x0000, 0x0000, 0xFFFF, 0xFFFF, 
	0x0000, 0x0000, 0x0000, 0xFFFF, 0x0000, 0xFFFF, 0xFFFF, 0xFFFF, 0x0000, 
	0x0000, 0x0000, 0x0000, 0x0000, 0x0000, 0x0000, 0x0000, 0xFFFF, 0xFFFF, 
	0x0000, 0x0000, 0xFFFF, 0x0000, 0xFFFF, 0xFFFF, 0x0000, 0xD749, 0xD6C5, 
	0xD560, 0xD35A, 0xD273, 0xD215, 0xD0F0, 0xCE60, 0xCBE8, 0xC9C5, 0xC836, 
	0xC709, 0xC5E6, 0xC533, 0xC4CF, 0xC46B, 0xC3C6, 0xC2CE, 0xC1E9, 0xC119, 
	0xC060, 0xBFC0, 0xBF76, 0xBF3C, 0xBED7, 0xBEA9, 0xBE91, 0xBE6F, 0xBE8E, 
	0xBF01, 0xBFB7, 0xC020, 0xC09E, 0xC1A5, 0xC2BA, 0xC345, 0xC3CC, 0xC4C9, 
	0xC5A1, 0xC641, 0xC68A, 0xC698, 0xC695, 0xC621, 0xC540, 0xC4BB, 0xC40B, 
	0xC296, 0xC0F9, 0xC026, 0xBF4B, 0xBDA3, 0xBC17, 0xBABE, 0xB9B0, 0xB938, 
	0xB901, 0xB8CB, 0xB8D6, 0xB923, 0xBA29, 0xBBD8, 0xBE13, 0xC0BB, 0xC3B1, 
	0xC5A5, 0xC6D6, 0xC808, 0xCA0C, 0xCD33, 0xD02E, 0xD2DE, 0xD524, 0xD6E1, 
	0xD833, 0xD8C0, 0xD8EB, 0xD951, 0xDA3F, 0xDB01, 0xDB9B, 0xDC12, 0xDC6C, 
	0xDCAB, 0xDCC9, 0xDCD4, 0xDCE0, 0xDCED, 0xDCF9, 0xDCFD, 0xFFFF, 0xF1C6, 
	0xBF5E, 0x0068, 0x0000, 0xFFF4, 0xFFD4, 0xFFA7, 0xFF94, 0xFF8B, 0xFF72, 
	0xFF3B, 0xFF08, 0xFEE0, 0xFEC7, 0xFEBA, 0xFEB1, 0xFEAD, 0xFEAC, 0xFEAB, 
	0xFEAA, 0xFEAA, 0xFEAD, 0xFEB0, 0xFEB5, 0xFEBA, 0xFEBD, 0xFEBF, 0xFEC3, 
	0xFEC5, 0xFEC6, 0xFEC7, 0x8B50, 0x8C33, 0x8E99, 0x921E, 0x93B0, 0x9455, 
	0x9660, 0x9AFB, 0x9F8D, 0xA3B1, 0xA705, 0xA9BE, 0xAC56, 0xADED, 0xAED1, 
	0xAFB7, 0xB136, 0xB387, 0xB5CA, 0xB803, 0xBA37, 0xBC6B, 0xBD78, 0xBEA3, 
	0xC0E4, 0xC215, 0xC333, 0xC593, 0xC830, 0xCB14, 0xCE18, 0xCFA2, 0xD113, 
	0xD3DD, 0xD64D, 0xD752, 0xD83B, 0xD97F, 0xD909, 0xD6A5, 0xD50F, 0xD373, 
	0xD094, 0xCE4A, 0xCC14, 0xCAF6, 0xC9EA, 0xC7C5, 0xC59C, 0xC48A, 0xC368, 
	0xC120, 0xBEBD, 0xBC37, 0xB946, 0xB7BB, 0xB5F5, 0xB2B6, 0xB11A, 0xAFFC, 
	0xADAA, 0xAB5B, 0xA90F, 0xA6C6, 0xA482, 0xA317, 0xA244, 0xA171, 0xA00C, 
	0x9DDD, 0x9BB6, 0x9999, 0x9786, 0x9580, 0x9366, 0x9280, 0x922A, 0x9121, 
	0x8EC1, 0x8C54, 0x89EA, 0x8790, 0x8557, 0x834D, 0x8220, 0x8180, 0x80E3, 
	0x8001, 0x7EDC, 0x7E21, 0xFFFF, 0xFFFF, 0x0000, 0xFFFF, 0x0000, 0x0000, 
	0xFFFF, 0x0000, 0xFFFF, 0x0000, 0x0000, 0xFFFF, 0xFFFF, 0xFFFF, 0x0000, 
	0x0000, 0x0000, 0xFFFF, 0x0000, 0xFFFF, 0x0000, 0x0000, 0x0000, 0xFFFF, 
	0x0000, 0x0000, 0xFFFF, 0xFFFF, 0xFFFF, 0x0000, 0x0000, 0xFFFF, 0xFFFF, 
	0xFFFF, 0xFFFF, 0xFFFF, 0x0000, 0x0000, 0x0000, 0xFFFF, 0x0000, 0x0000, 
	0xFFFF, 0xFFFF, 0xFFFF, 0x0000, 0xFFFF, 0xFFFF, 0x0000, 0x0000, 0x0000, 
	0x0000, 0x0000, 0x0000, 0xFFFF, 0xFFFF, 0x0000, 0xFFFF, 0x0000, 0x0000, 
	0x0000, 0xFFFF, 0x0000, 0x0000, 0x0000, 0xFFFF, 0xFFFF, 0x0000, 0x0000, 
	0xFFFF, 0x0000, 0xFFFF, 0x0000, 0xFFFF, 0x0000, 0xFFFF, 0xFFFF, 0xFFFF, 
	0x0000, 0x0000, 0x0000, 0x0000, 0x0000, 0xFFFF, 0xFFFF, 0x0000, 0xFFFF, 
	0xFFFF, 0x0000, 0xFFFF, 0xFFFF, 0xFFFF, 0x0000, 0xFFFF, 0xFFFF, 0x0000, 
	0x0000, 0x0000, 0xFFFF, 0xFFFF, 0xFFFF, 0xFFFF, 0xFFFF, 0xFFFF, 0xFFFF, 
	0xFFFF, 0x0000, 0xFFFF, 0xFFFF, 0xFFFF, 0x0000, 0x0000, 0x0000, 0x0000, 
	0x0000, 0x0000, 0xFFFF, 0x0000, 0x0000, 0x0000, 0x0000, 0x0000, 0x0000, 
	0x0000, 0x0000, 0xFFFF, 0xFFFF, 0x0000, 0x0000, 0x0000, 0x0000, 0xFFFF, 
	0xFFFF, 0xFFFF, 0x0000, 0x0000, 0x0000, 0x0000, 0x0000, 0x0000, 0xFFFF, 
	0x0000, 0x0000, 0x0000, 0x0000, 0xFFFF, 0x0000, 0x0000, 0x0000, 0x0000, 
	0x0000, 0x0000, 0x0000, 0x0000, 0x0000, 0x0000, 0xFFFF, 0x0000, 0x0000, 
	0x0000, 0x0000, 0x0000, 0x0000, 0xFFFF, 0x0000, 0x0000, 0x0000, 0xFFFF, 
	0xFFFF, 0x0000, 0xFFFF, 0x0000, 0xFFFF, 0xFFFF, 0x0000, 0xFFFF, 0xFFFF, 
	0x0000, 0x1B99, 0x1BF7, 0x1CF1, 0x1E56, 0x1EF7, 0x1F37, 0x1FF5, 0x219B, 
	0x2317, 0x2439, 0x24CE, 0x24E3, 0x24AF, 0x2470, 0x243F, 0x240C, 0x23A6, 
	0x22F1, 0x2230, 0x2173, 0x20CA, 0x2043, 0x2006, 0x1FEF, 0x1FDC, 0x1FE4, 
	0x201B, 0x20BB, 0x220F, 0x2439, 0x2700, 0x2884, 0x2A2A, 0x2D7E, 0x30C2, 
	0x3259, 0x33BE, 0x3638, 0x3816, 0x3981, 0x3A23, 0x3AA1, 0x3B9F, 0x3C9D, 
	0x3D9F, 0x3E22, 0x3EA1, 0x3FA1, 0x409D, 0x4118, 0x4191, 0x427C, 0x435B, 
	0x442A, 0x44E8, 0x4541, 0x4592, 0x4625, 0x466A, 0x469F, 0x471F, 0x47BC, 
	0x4866, 0x490C, 0x499F, 0x49EA, 0x4A0E, 0x4A34, 0x4A49, 0x4A41, 0x49E5, 
	0x4924, 0x47F0, 0x4637, 0x43AC, 0x4293, 0x420D, 0x402F, 0x3BF2, 0x3728, 
	0x3206, 0x2CBE, 0x2784, 0x228B, 0x1F9D, 0x1E07, 0x1C74, 0x1A2A, 0x1728, 
	0x1534, 0x0000, 0xFFFF, 0xFFFF, 0x0000, 0x0000, 0x0000, 0x0000, 0x0000, 
	0xFFFF, 0x0000, 0x0000, 0x0000, 0xFFFF, 0xFFFF, 0x0000, 0xFFFF, 0x0000, 
	0xFFFF, 0xFFFF, 0x0000, 0xFFFF, 0xFFFF, 0x0000, 0xFFFF, 0x0000, 0x0000, 
	0xFFFF, 0x0000, 0x0000, 0x0000, 0xFFFF, 0x0000, 0xFFFF, 0x0000, 0xFFFF, 
	0xFFFF, 0xFFFF, 0xFFFF, 0xFFFF, 0x0000, 0x0000, 0x0000, 0xFFFF, 0xFFFF, 
	0xFFFF, 0xFFFF, 0xFFFF, 0x0000, 0x0000, 0x0000, 0x0000, 0xFFFF, 0xFFFF, 
	0x0000, 0xFFFF, 0xFFFF, 0xFFFF, 0x0000, 0xFFFF, 0xFFFF, 0xFFFF, 0xFFFF, 
	0xFFFF, 0xFFFF, 0xFFFF, 0xFFFF, 0x0000, 0x0000, 0xFFFF, 0xFFFF, 0x0000, 
	0x0000, 0x0000, 0x0000, 0xFFFF, 0xFFFF, 0xFFFF, 0xFFFF, 0xFFFF, 0x0000, 
	0x0000, 0x0000, 0x0000, 0x0000, 0xFFFF, 0xFFFF, 0xFFFF, 0xFFFF, 0xFFFF, 
	0x0000, 0x0000, 0xFFFF, 0x0000, 0xFFFF, 0xFFFF, 0xFFFF, 0xFFFF, 0x0000, 
	0x0000, 0x0000, 0xFFFF, 0xFFFF, 0x0000, 0xFFFF, 0xFFFF, 0x0000, 0x0000, 
	0xFFFF, 0xFFFF, 0xFFFF, 0x0000, 0xFFFF, 0x0000, 0x0000, 0x0000, 0xFFFF, 
	0xFFFF, 0x0000, 0x0000, 0x0000, 0xFFFF, 0x0000, 0x0000, 0xFFFF, 0xFFFF, 
	0x0000, 0xFFFF, 0xFFFF, 0x0000, 0xFFFF, 0x0000, 0xFFFF, 0xFFFF, 0xFFFF, 
	0x0000, 0x0000, 0xFFFF, 0xFFFF, 0xFFFF, 0xFFFF, 0x0000, 0xFFFF, 0xFFFF, 
	0xFFFF, 0xFFFF, 0xFFFF, 0xFFFF, 0xFFFF, 0xFFFF, 0xFFFF, 0xFFFF, 0x0000, 
	0xFFFF, 0x0000, 0xFFFF, 0x0000, 0xFFFF, 0xFFFF, 0x0000, 0xFFFF, 0xFFFF, 
	0xFFFF, 0x0000, 0xFFFF, 0x0000, 0x0000, 0xFFFF, 0xFFFF, 0xFFFF, 0xFFFF, 
	0xFFFF, 0x0000, 0x0000, 0xFFFF, 0x0000, 0x0000, 0xFFFF, 0xFFFF, 0x0000, 
	0xC352, 0xC360, 0xC388, 0xC3CA, 0xC3E6, 0xC3F4, 0xC427, 0xC49D, 0xC52C, 
	0xC5D4, 0xC695, 0xC76D, 0xC859, 0xC8F6, 0xC957, 0xC9B8, 0xCA62, 0xCB77, 
	0xCC94, 0xCDB4, 0xCED4, 0xCFF2, 0xD07B, 0xD109, 0xD216, 0xD2A2, 0xD317, 
	0xD407, 0xD4E3, 0xD5AC, 0xD665, 0xD6BF, 0xD70F, 0xD7AF, 0xD846, 0xD894, 
	0xD8D8, 0xD966, 0xDA6D, 0xDBB6, 0xDC2B, 0xDC3B, 0xDAF4, 0xD825, 0xD4D5, 
	0xD310, 0xD120, 0xCD24, 0xC8FE, 0xC6EA, 0xC4CA, 0xC0A5, 0xBCAC, 0xB8FD, 
	0xB5B3, 0xB429, 0xB2ED, 0xB0C6, 0xAFC5, 0xAF5C, 0xAED0, 0xAF1A, 0xB017, 
	0xB1A3, 0xB39C, 0xB4FC, 0xB5DD, 0xB6C0, 0xB845, 0xBAAF, 0xBCF8, 0xBEFE, 
	0xC09D, 0xC1B1, 0xC25B, 0xC2A0, 0xC2B3, 0xC2D7, 0xC329, 0xC357, 0xC369, 
	0xC362, 0xC349, 0xC325, 0xC30B, 0xC2F9, 0xC2E9, 0xC2CE, 0xC2A7, 0xC28C, 
	

},{ 
	0x0001, 0x0000, 0x005A, 0x0001, 0x0001, 0x005B, 0x0001, 0x005C, 0x0001, 
	0x005D, 0x0001, 0x005E, 0x0001, 0x005F, 0x0001, 0x0060, 0x0001, 0x0061, 
	0x005A, 0x0062, 0x005A, 0x00BC, 0x005A, 0x0116, 0x005A, 0x0170, 0x005A, 
	0x01CA, 0x005A, 0x0224, 0x0001, 0x027E, 0x0001, 0x027F, 0x0001, 0x0280, 
	0x005A, 0x0281, 0x005A, 0x02DB, 0x005A, 0x0335, 0x0050, 0x038F, 0x0057, 
	0x03DF, 0x005A, 0x0436, 0x005A, 0x0490, 0x005A, 0x04EA, 0x005A, 0x0544, 
	0x0001, 0x059E, 0x0001, 0x059F, 0x0001, 0x05A0, 0x0001, 0x05A1, 0x0001, 
	0x05A2, 0x0001, 0x05A3, 0x005A, 0x05A4, 0x005A, 0x05FE, 0x0001, 0x0658, 
	0x0001, 0x0659, 0x0001, 0x065A, 0x0001, 0x065B, 0x0001, 0x065C, 0x0001, 
	0x065D, 0x0001, 0x065E, 0x002B, 0x065F, 0x0053, 0x068A, 0x005A, 0x06DD, 
	0x0059, 0x0737, 0x005A, 0x0790, 0x005A, 0x07EA, 0x0057, 0x0844, 0x005A, 
	0x089B, 0x005A, 0x08F5, 0x0001, 0x094F, 0x0001, 0x0950, 0x0001, 0x0951, 
	0x0001, 0x0952, 0x001C, 0x0953, 0x005A, 0x096F, 0x0059, 0x09C9, 0x0059, 
	0x0A22, 0x005A, 0x0A7B, 0x005A, 0x0AD5, 0x0059, 0x0B2F, 0x005A, 0x0B88, 
	

});
smlua_anim_util_register_animation('JWAR_HOLD_PICKUP',1, 0, 0, 0, 10, { 
	0x0000, 0x0000, 0x0001, 0x0001, 0x0002, 0x0002, 0x0003, 0x0003, 0x0002, 
	0x0000, 0x0098, 0x009A, 0x009B, 0x009B, 0x009A, 0x0015, 0x001A, 0x001F, 
	0x0020, 0x0019, 0x000F, 0x0004, 0xFFFE, 0xFFFF, 0x0003, 0x0007, 0x0000, 
	0x3FFF, 0x0000, 0x17E6, 0x1588, 0x135F, 0x10A3, 0x0D8C, 0x0A54, 0x0733, 
	0x0461, 0x0218, 0x008F, 0xFFFF, 0x00F4, 0xFED8, 0xFE7E, 0xFE63, 0xFE7B, 
	0xFEB6, 0xFF06, 0xFF5E, 0xFFAE, 0xFFE9, 0xFFFF, 0x56B3, 0x582E, 0x55D4, 
	0x523F, 0x4DD7, 0x4902, 0x4428, 0x3FAE, 0x3BFD, 0x397A, 0x388D, 0x1F34, 
	0x232F, 0x2941, 0x2F6D, 0x30EF, 0x2A5B, 0x1F1E, 0x14B6, 0x0BB7, 0x038E, 
	0xFFFF, 0xEFAA, 0xEDC2, 0xF1A3, 0xF683, 0xF9FE, 0xFA90, 0xF9BC, 0xF9A7, 
	0xFBBE, 0xFE93, 0xFFFF, 0x184B, 0x1154, 0x0DC3, 0x0ADD, 0x088D, 0x0772, 
	0x06ED, 0x0507, 0xFF7A, 0xF88C, 0xF526, 0xD7ED, 0xDA07, 0xD6D4, 0xD2CC, 
	0xD31D, 0xD95F, 0xE280, 0xECB9, 0xF63D, 0xFD42, 0x0000, 0xFC02, 0xF9D1, 
	0xFA73, 0xFC5D, 0xFDD8, 0xFE7B, 0xFF03, 0xFF6F, 0xFFBF, 0xFFEF, 0xFFFF, 
	0xF088, 0xEF89, 0xF038, 0xF257, 0xF592, 0xFA20, 0xFFD8, 0x05D7, 0x0B3A, 
	0x0F1C, 0x109A, 0x0001, 0xFFFE, 0xC117, 0xC170, 0xC260, 0xC390, 0xC4E8, 
	0xC64F, 0xC7AC, 0xC8E6, 0xC9E5, 0xCA90, 0xCACF, 0xB560, 0xB8DB, 0xC24D, 
	0xD038, 0xE11F, 0xF383, 0x05E8, 0x16CF, 0x24BA, 0x2E2C, 0x31A6, 0x97BE, 
	0x9860, 0x9A15, 0x9C99, 0x9FA8, 0xA2FB, 0xA64F, 0xA95D, 0xABE2, 0xAD97, 
	0xAE38, 0x0416, 0x0285, 0xFE43, 0xF7FF, 0xF062, 0xE81A, 0xDFD2, 0xD836, 
	0xD1F1, 0xCDB1, 0xCC20, 0xFFFF, 0x0000, 0x0000, 0x0000, 0xFFFF, 0x0000, 
	0xFFFF, 0xFFFF, 0x0000, 0x0000, 0x0000, 0x0000, 0xFFFF, 0xFFFF, 0xFFFF, 
	0x0000, 0xDD72, 0xDD1E, 0xDC3B, 0xDAED, 0xD956, 0xD79C, 0xD5E2, 0xD44C, 
	0xD2FD, 0xD21A, 0xD1C6, 0xE572, 0xDAF1, 0xD9CA, 0xDA20, 0xDB96, 0xD826, 
	0xCF8F, 0xC464, 0xB93A, 0xB0A3, 0xAD33, 0xF159, 0xEE81, 0xEEE2, 0xEFE5, 
	0xF15C, 0xEFB4, 0xEB91, 0xE630, 0xE0D0, 0xDCAC, 0xDB05, 0xF24F, 0xF3C5, 
	0xF325, 0xF20C, 0xF0A1, 0xF230, 0xF617, 0xFB28, 0x003B, 0x0421, 0x05B0, 
	0x0001, 0xFFFE, 0xC170, 0xC170, 0xC13A, 0xC103, 0xC170, 0xC2BB, 0xC480, 
	0xC66D, 0xC832, 0xC97E, 0xC9FE, 0xF162, 0xF4DB, 0xF4EB, 0xF4D1, 0xF496, 
	0xD5CF, 0x1D62, 0xFF10, 0x1FF1, 0xDCFD, 0xFDDD, 0x1B87, 0x1AFD, 0x195D, 
	0x1778, 0x156F, 0x1FD7, 0x4CD5, 0x426C, 0x472F, 0x2FF9, 0x2B37, 0x882E, 
	0x8A3E, 0x8AF2, 0x8BAC, 0x8C63, 0x7411, 0xC6E4, 0xAE91, 0xBE26, 0x5B16, 
	0x6AAA, 0x0000, 0x0000, 0xFFFF, 0xFFFF, 0x0000, 0x0000, 0x0000, 0xFFFF, 
	0x0000, 0x0000, 0xFFFF, 0x0000, 0xFFFF, 0x0000, 0xFFFF, 0x0000, 0x0000, 
	0x0000, 0x0000, 0xFFFF, 0x0000, 0xFFFF, 0xE4C3, 0xDD74, 0xD883, 0xD4CA, 
	0xD475, 0xD3A4, 0xD20D, 0xD01A, 0xCE33, 0xCCC2, 0xCC30, 0x1EB5, 0x1CF7, 
	0x135E, 0x05FB, 0xFE1C, 0x3EB2, 0x567D, 0x59E3, 0x4EBC, 0x3A06, 0x2EDF, 
	0x1399, 0x1264, 0x0CC6, 0x04EC, 0xFFF4, 0x114D, 0x1790, 0x18E2, 0x1A34, 
	0x1BB8, 0x1C72, 0xF0F7, 0xF6A6, 0xF621, 0xF28E, 0xEFD6, 0xF324, 0xFB66, 
	0x0624, 0x10E1, 0x1924, 0x1C72, 0x0000, 0x0000, 0xFFFF, 0xFFFF, 0x0000, 
	0xFFFF, 0x0000, 0xFFFF, 0x0000, 0xFFFF, 0x0000, 0xFFFF, 0xFFFF, 0x0000, 
	0x0000, 0xFFFF, 0xBF5E, 0xF5C6, 0xF370, 0xF066, 0xECA3, 0xE892, 0xE49C, 
	0xE12D, 0xDE0F, 0xDB26, 0xD8FE, 0xD826, 0x05EF, 0x046A, 0x00A2, 0xFB07, 
	0xF4B7, 0xEED1, 0xEA75, 0xE82D, 0xE757, 0xE74F, 0xE771, 0x9802, 0x9A05, 
	0x9BC8, 0x9DBB, 0x9FFF, 0xA2B4, 0xA5FE, 0xAB3E, 0xB218, 0xB80A, 0xBA93, 
	0x0000, 0x0000, 0xFFFF, 0x0000, 0x0000, 0x0000, 0xFFFF, 0x0000, 0xFFFF, 
	0x0000, 0xFFFF, 0xFFFF, 0x0000, 0xFFFF, 0xFFFF, 0x0000, 0xFFFF, 0x0000, 
	0xFFFF, 0x0000, 0x2C93, 0x2C73, 0x2DD5, 0x2FBB, 0x31D3, 0x33CE, 0x355B, 
	0x3664, 0x3712, 0x3770, 0x378C, 0xFDB9, 0xFE35, 0xFF2A, 0x0066, 0x01A3, 
	0x029B, 0x0309, 0x026A, 0x00F7, 0xFF7F, 0xFED3, 0x008F, 0x00E0, 0x0153, 
	0x01D5, 0x024A, 0x0296, 0x029E, 0x0213, 0x010E, 0x0012, 0xFFA1, 0xB78B, 
	0xB310, 0xB2C3, 0xB390, 0xB4DD, 0xB614, 0xB69D, 0xB60E, 0xB4D3, 0xB398, 
	0xB309, 0x0000, 0x0000, 0xFFFF, 0xFFFF, 0x0000, 0xFFFF, 0x0000, 0xFFFF, 
	0x0000, 0xFFFF, 0x0000, 0xFFFF, 0xFFFF, 0x0000, 0x0000, 0xFFFF, 0xBF5E, 
	0x08EE, 0x0B34, 0x0C46, 0x0AD0, 0x081E, 0x05DA, 0x05AF, 0x0951, 0x0F70, 
	0x1533, 0x17C1, 0x124E, 0x129E, 0x1379, 0x1578, 0x1811, 0x1A62, 0x1B8B, 
	0x1ACF, 0x18D1, 0x16C0, 0x15CC, 0xC173, 0xC1AC, 0xBF0A, 0xB722, 0xAC6A, 
	0xA280, 0x9D04, 0x9E99, 0xA4C1, 0xAB6C, 0xAE8D, 0xFFFF, 0xFFFF, 0x0000, 
	0xFFFF, 0x0000, 0xFFFF, 0xFFFF, 0xFFFF, 0xFFFF, 0xFFFF, 0x0000, 0x0000, 
	0xFFFF, 0x0000, 0x0000, 0x0000, 0x0000, 0x0000, 0x0000, 0xFFFF, 0x39F8, 
	0x34AF, 0x3E0F, 0x415B, 0x435C, 0x42FA, 0x3641, 0x33F8, 0x3312, 0x32F8, 
	0x3311, 0x000B, 0x002D, 0x0108, 0x01DE, 0x02B6, 0x0386, 0x0444, 0x0480, 
	0x0310, 0x015D, 0x008C, 0xFF36, 0xFF3B, 0xFF47, 0xFEB6, 0xFE03, 0xFD6A, 
	0xFD2B, 0xFF55, 0x0059, 0x011E, 0x016D, 0xC434, 0xC09A, 0xBB78, 0xBB1C, 
	0xBB95, 0xBBE5, 0xBB0E, 0xB2B8, 0xB513, 0xB94F, 0xBB93, 

},{ 
	0x000A, 0x0000, 0x0005, 0x000A, 0x000B, 0x000F, 0x0001, 0x001A, 0x0001, 
	0x001B, 0x0001, 0x001C, 0x000B, 0x001D, 0x000B, 0x0028, 0x000B, 0x0033, 
	0x000B, 0x003E, 0x000B, 0x0049, 0x000B, 0x0054, 0x000B, 0x005F, 0x000B, 
	0x006A, 0x000B, 0x0075, 0x0001, 0x0080, 0x0001, 0x0081, 0x000B, 0x0082, 
	0x000B, 0x008D, 0x000B, 0x0098, 0x000B, 0x00A3, 0x0009, 0x00AE, 0x0007, 
	0x00B7, 0x000B, 0x00BE, 0x000B, 0x00C9, 0x000B, 0x00D4, 0x000B, 0x00DF, 
	0x0001, 0x00EA, 0x0001, 0x00EB, 0x000B, 0x00EC, 0x000B, 0x00F7, 0x000B, 
	0x0102, 0x000B, 0x010D, 0x000B, 0x0118, 0x000B, 0x0123, 0x000B, 0x012E, 
	0x000B, 0x0139, 0x000B, 0x0144, 0x000B, 0x014F, 0x0009, 0x015A, 0x0007, 
	0x0163, 0x0001, 0x016A, 0x000B, 0x016B, 0x000B, 0x0176, 0x000B, 0x0181, 
	0x000B, 0x018C, 0x0009, 0x0197, 0x000B, 0x01A0, 0x000B, 0x01AB, 0x000B, 
	0x01B6, 0x000B, 0x01C1, 0x0009, 0x01CC, 0x0007, 0x01D5, 0x0001, 0x01DC, 
	0x000B, 0x01DD, 0x000B, 0x01E8, 0x000B, 0x01F3, 0x000B, 0x01FE, 0x0009, 
	0x0209, 0x000B, 0x0212, 0x000B, 0x021D, 0x000B, 0x0228, 0x000B, 0x0233, 
	

});
smlua_anim_util_register_animation('JWAR_HOLD_PLACE',1, 0, 0, 0, 15, { 
	0x0000, 0x009E, 0x0099, 0x0095, 0x0090, 0x008C, 0x0088, 0x0083, 0x0083, 
	0x0084, 0x008B, 0x0093, 0x0099, 0x00A0, 0x00A6, 0x00AA, 0x00AC, 0x0007, 
	0x0003, 0xFFFF, 0xFFFA, 0xFFF4, 0xFFEF, 0xFFEB, 0xFFEA, 0xFFEB, 0xFFEE, 
	0xFFF1, 0xFFF4, 0xFFF8, 0xFFFB, 0xFFFE, 0xFFFF, 0x0000, 0x3FFF, 0x0000, 
	0xFFFF, 0xFFFF, 0xFFFF, 0xFFFF, 0xFFFF, 0xFFFF, 0xFFFF, 0xFFFF, 0xFFFF, 
	0xFFFF, 0xFFFF, 0xFFFF, 0x0000, 0xFFFF, 0x3979, 0x39EF, 0x3A75, 0x3B08, 
	0x3BA4, 0x3C45, 0x3CE8, 0x3D8A, 0x3E26, 0x3EB9, 0x3F3F, 0x3FB5, 0x4017, 
	0x4061, 0x4090, 0x40A1, 0x0000, 0x0000, 0x0000, 0x0000, 0xFFFF, 0x0000, 
	0x0000, 0x0000, 0x0000, 0xFFFF, 0x0000, 0x0000, 0xFFFF, 0x0000, 0x0000, 
	0x0000, 0xFFFF, 0x0000, 0x0000, 0xFFFF, 0xFFFF, 0x0000, 0xFFFF, 0xFFFF, 
	0x0000, 0xFFFF, 0x0000, 0xFFFF, 0x0000, 0xFFFF, 0xF526, 0xF9F9, 0x0051, 
	0x0781, 0x0ED8, 0x15A7, 0x1B40, 0x1CF9, 0x1B40, 0x18A0, 0x1548, 0x11A1, 
	0x0E13, 0x0B07, 0x08E7, 0x081A, 0x0000, 0x0000, 0x0000, 0xFFFF, 0x0000, 
	0x0000, 0x0000, 0xFFFF, 0x0000, 0x0000, 0x0000, 0x0000, 0x0000, 0xFFFF, 
	0x0000, 0x0000, 0xFFFF, 0xFFFF, 0xFFFF, 0x0000, 0x0000, 0x0000, 0xFFFF, 
	0xFFFF, 0x0000, 0x0000, 0xFFFF, 0x0000, 0x0000, 0x0000, 0xFFFF, 0x109A, 
	0x102A, 0x0F4F, 0x0E1B, 0x0C9C, 0x0AE4, 0x0902, 0x0655, 0x02D4, 0xFF76, 
	0xFD30, 0xFC35, 0xFBE4, 0xFBFD, 0xFC3D, 0xFC61, 0xFFFE, 0x0001, 0xCACF, 
	0xCA47, 0xC8E6, 0xC700, 0xC4E8, 0xC2F2, 0xC170, 0xC125, 0xC170, 0xEC98, 
	0xECD1, 0xED72, 0xEE68, 0xEFA4, 0xF113, 0xF2A5, 0xF448, 0xF5EB, 0xF77C, 
	0xF8EC, 0xFA27, 0xFB1E, 0xFBBF, 0xFBF8, 0xFB1C, 0xDB3D, 0xDB3C, 0xDB38, 
	0xDB2B, 0xDB13, 0xDAEC, 0xDAB0, 0xDA5E, 0xD9F0, 0xD963, 0xD8B2, 0xD7DB, 
	0xD6D9, 0xD5A8, 0xD444, 0xD2DB, 0x1233, 0x1143, 0x0EA5, 0x0A9F, 0x057A, 
	0xFF7C, 0xF8F0, 0xF21C, 0xEB48, 0xE4BC, 0xDEBF, 0xD99A, 0xD594, 0xD2F6, 
	0xD206, 0xD4B3, 0x0000, 0xFFFF, 0xFFFF, 0x0000, 0x0000, 0x0000, 0xFFFF, 
	0xFFFF, 0x0000, 0x0000, 0xFFFF, 0xFFFF, 0x0000, 0x0000, 0xFFFF, 0x0000, 
	0xFFFF, 0x0000, 0xFFFF, 0x0000, 0xFFFF, 0x0000, 0x0000, 0x0000, 0xFFFF, 
	0x0000, 0xFFFF, 0x0000, 0xC3CB, 0xC3EA, 0xC441, 0xC4C5, 0xC56F, 0xC634, 
	0xC70C, 0xC7ED, 0xC8CE, 0xC9A6, 0xCA6C, 0xCB15, 0xCB9A, 0xCBF0, 0xCC0F, 
	0xCA4E, 0xE295, 0xE2F5, 0xE403, 0xE5A4, 0xE7BD, 0xEA35, 0xECEF, 0xEFD2, 
	0xF2C2, 0xF5A4, 0xF85F, 0xFAD6, 0xFCF0, 0xFE91, 0xFF9F, 0x0000, 0xF9B5, 
	0xF9B5, 0xF9B3, 0xF9AF, 0xF9AB, 0xF9A6, 0xF9A1, 0xF99B, 0xF995, 0xF990, 
	0xF98A, 0xF985, 0xF981, 0xF97E, 0xF97C, 0xF97B, 0xE2A6, 0xE2C9, 0xE32D, 
	0xE3C8, 0xE48F, 0xE579, 0xE67C, 0xE78D, 0xE8A4, 0xE9B5, 0xEAB8, 0xEBA2, 
	0xEC69, 0xED04, 0xED68, 0xED8B, 0xFFFE, 0x0001, 0xC9FE, 0xC982, 0xC840, 
	0xC684, 0xC49B, 0xC2D0, 0xC170, 0xC12B, 0xC170, 0xFDDD, 0xFD75, 0xFC68, 
	0xFAF8, 0xF968, 0xF7F8, 0xF6EB, 0xF683, 0xF6CB, 0xF8C8, 0xFB50, 0xFE14, 
	0x00C5, 0x0314, 0x04B0, 0x054B, 0x2B35, 0x29A8, 0x25A8, 0x2030, 0x1A3B, 
	0x14C3, 0x10C3, 0x0F36, 0x0FE6, 0x13BA, 0x189B, 0x1DF0, 0x231F, 0x2791, 
	0x2AAB, 0x2BD6, 0x7D27, 0x7E98, 0x8256, 0x877F, 0x8D34, 0x9293, 0x96BD, 
	0x98D0, 0x99E4, 0xA0E3, 0xA9CE, 0xB38C, 0xBD07, 0xC526, 0xCAD3, 0xCCF5, 
	0x0000, 0x0000, 0x0000, 0x0000, 0xFFFF, 0x0000, 0x0000, 0x0000, 0x0000, 
	0x0000, 0x0000, 0x0000, 0xFFFF, 0x0000, 0xFFFF, 0xFFFF, 0x0000, 0xFFFF, 
	0xFFFF, 0xFFFF, 0xFFFF, 0xFFFF, 0x0000, 0x0000, 0x0000, 0x0000, 0xFFFF, 
	0x0000, 0xCC30, 0xCD8D, 0xD111, 0xD5E0, 0xDB1E, 0xDFED, 0xE371, 0xE4CE, 
	0xE462, 0xE079, 0xDB7E, 0xD60D, 0xD0C2, 0xCC39, 0xC90E, 0xC7DC, 0x2EDF, 
	0x2D00, 0x2826, 0x2175, 0x1A11, 0x131F, 0x0DC1, 0x0B1C, 0x0ACF, 0x0954, 
	0x0771, 0x0561, 0x035F, 0x01A7, 0x0073, 0x0000, 0x1BBF, 0x1A59, 0x16BC, 
	0x11C9, 0x0C5F, 0x075F, 0x03A9, 0x021C, 0x020D, 0x01C5, 0x0169, 0x0105, 
	0x00A3, 0x0050, 0x0015, 0xFFFF, 0x1D28, 0x1A86, 0x13BB, 0x0A72, 0x0053, 
	0xF709, 0xF03E, 0xED9C, 0xEDD1, 0xEED7, 0xF024, 0xF191, 0xF2F4, 0xF424, 
	0xF4F8, 0xF548, 0x0000, 0x0000, 0xFFFF, 0xFFFF, 0xFFFF, 0xFFFF, 0x0000, 
	0xFFFF, 0x0000, 0x0000, 0xFFFF, 0x0000, 0xFFFF, 0x0000, 0x0000, 0x0000, 
	0xFFFF, 0xFFFF, 0xFFFF, 0x0000, 0x0000, 0xFFFF, 0x0000, 0xFFFF, 0x0000, 
	0x0000, 0xFFFF, 0x0000, 0x0000, 0xFFFF, 0xBF5E, 0xD826, 0xD9D0, 0xDBE8, 
	0xDE39, 0xE091, 0xE2BD, 0xE48A, 0xE553, 0xE48A, 0xE296, 0xE019, 0xDD61, 
	0xDABC, 0xD877, 0xD6E2, 0xD649, 0xE771, 0xE60A, 0xE4AF, 0xE365, 0xE231, 
	0xE117, 0xE01B, 0xDF8A, 0xE01B, 0xE1C5, 0xE3E4, 0xE635, 0xE876, 0xEA64, 
	0xEBBE, 0xEC40, 0xBA93, 0xB706, 0xB28D, 0xAD96, 0xA890, 0xA3E7, 0xA00B, 
	0x9E9E, 0xA00B, 0xA300, 0xA6C4, 0xAAE2, 0xAEE3, 0xB251, 0xB4B6, 0xB59D, 
	0x0000, 0x0000, 0x0000, 0xFFFF, 0xFFFF, 0xFFFF, 0xFFFF, 0xFFFF, 0xFFFF, 
	0x0000, 0xFFFF, 0x0000, 0x0000, 0xFFFF, 0xFFFF, 0x0000, 0xFFFF, 0xFFFF, 
	0xFFFF, 0xFFFF, 0x0000, 0x0000, 0xFFFF, 0xFFFF, 0x0000, 0x0000, 0xFFFF, 
	0x378C, 0x3AA9, 0x3D22, 0x3F20, 0x40CA, 0x424A, 0x43C5, 0x4500, 0x43C5, 
	0x3F95, 0x3A3F, 0x346B, 0x2EBF, 0x29E3, 0x267E, 0x2537, 0xFED3, 0xFF74, 
	0x0051, 0x0150, 0x0256, 0x0349, 0x040F, 0x0456, 0x040F, 0x0381, 0x02CB, 
	0x0205, 0x0144, 0x009E, 0x002B, 0xFFFF, 0xFFA1, 0xFFAF, 0xFFCA, 0xFFEC, 
	0x0012, 0x0035, 0x0051, 0x0058, 0x0051, 0x0046, 0x0037, 0x0028, 0x0019, 
	0x000C, 0x0003, 0xFFFF, 0xB309, 0xB28C, 0xB2F2, 0xB3EA, 0xB525, 0xB650, 
	0xB71D, 0xB704, 0xB71D, 0xB83A, 0xB9A6, 0xBB33, 0xBCB6, 0xBE01, 0xBEE8, 
	0xBF3F, 0x0000, 0x0000, 0xFFFF, 0xFFFF, 0xFFFF, 0xFFFF, 0x0000, 0xFFFF, 
	0x0000, 0x0000, 0xFFFF, 0x0000, 0xFFFF, 0x0000, 0x0000, 0x0000, 0xFFFF, 
	0xFFFF, 0xFFFF, 0x0000, 0x0000, 0xFFFF, 0x0000, 0xFFFF, 0x0000, 0x0000, 
	0xFFFF, 0x0000, 0x0000, 0xFFFF, 0xBF5E, 0x17C1, 0x164C, 0x149B, 0x12CF, 
	0x1107, 0x0F61, 0x0DFE, 0x0D53, 0x0DFE, 0x0FC7, 0x120E, 0x148B, 0x16F7, 
	0x190A, 0x1A7D, 0x1B09, 0x15CC, 0x15F9, 0x15B9, 0x1533, 0x148E, 0x13F2, 
	0x1384, 0x1382, 0x1384, 0x1335, 0x12D1, 0x1263, 0x11F8, 0x119C, 0x115C, 
	0x1144, 0xAE8D, 0xAAF2, 0xA6B8, 0xA231, 0x9DAF, 0x9985, 0x9603, 0x94A1, 
	0x9603, 0x9910, 0x9CF2, 0xA131, 0xA552, 0xA8DC, 0xAB55, 0xAC43, 0x0000, 
	0xFFFF, 0xFFFF, 0xFFFF, 0xFFFF, 0x0000, 0xFFFF, 0x0000, 0xFFFF, 0xFFFF, 
	0xFFFF, 0xFFFF, 0x0000, 0x0000, 0x0000, 0xFFFF, 0xFFFF, 0x0000, 0xFFFF, 
	0x0000, 0x0000, 0x0000, 0xFFFF, 0x0000, 0xFFFF, 0x0000, 0xFFFF, 0x3311, 
	0x35D0, 0x383D, 0x3A64, 0x3C52, 0x3E12, 0x3FB2, 0x4105, 0x3FB2, 0x3B1E, 
	0x3549, 0x2EE9, 0x28B6, 0x2365, 0x1FAF, 0x1E4A, 0x008C, 0xFFF2, 0xFF24, 
	0xFE38, 0xFD46, 0xFC66, 0xFBAE, 0xFB69, 0xFBAE, 0xFC46, 0xFD07, 0xFDDA, 
	0xFEA7, 0xFF57, 0xFFD1, 0xFFFF, 0x016D, 0x0124, 0x00BE, 0x0047, 0xFFCC, 
	0xFF59, 0xFEFC, 0xFEE7, 0xFEFC, 0xFF03, 0xFF0C, 0xFF16, 0xFF1F, 0xFF27, 
	0xFF2D, 0xFF2F, 0xBB93, 0xBB5D, 0xBBAB, 0xBC4D, 0xBD14, 0xBDD1, 0xBE55, 
	0xBE19, 0xBE55, 0xBFE9, 0xC1EB, 0xC41D, 0xC640, 0xC815, 0xC95C, 0xC9D7, 
	

},{ 
	0x0001, 0x0000, 0x0010, 0x0001, 0x0010, 0x0011, 0x0001, 0x0021, 0x0001, 
	0x0022, 0x0001, 0x0023, 0x000D, 0x0024, 0x0001, 0x0031, 0x0010, 0x0032, 
	0x000E, 0x0042, 0x0010, 0x0050, 0x0010, 0x0060, 0x000F, 0x0070, 0x0010, 
	0x007F, 0x0010, 0x008F, 0x0001, 0x009F, 0x0001, 0x00A0, 0x0009, 0x00A1, 
	0x0010, 0x00AA, 0x0010, 0x00BA, 0x0010, 0x00CA, 0x000D, 0x00DA, 0x000F, 
	0x00E7, 0x0010, 0x00F6, 0x0010, 0x0106, 0x0010, 0x0116, 0x0010, 0x0126, 
	0x0001, 0x0136, 0x0001, 0x0137, 0x0009, 0x0138, 0x0010, 0x0141, 0x0010, 
	0x0151, 0x0010, 0x0161, 0x000E, 0x0171, 0x000E, 0x017F, 0x0010, 0x018D, 
	0x0010, 0x019D, 0x0010, 0x01AD, 0x0010, 0x01BD, 0x000E, 0x01CD, 0x0010, 
	0x01DB, 0x0001, 0x01EB, 0x0010, 0x01EC, 0x0010, 0x01FC, 0x0010, 0x020C, 
	0x000B, 0x021C, 0x0010, 0x0227, 0x0010, 0x0237, 0x0010, 0x0247, 0x0010, 
	0x0257, 0x0010, 0x0267, 0x000E, 0x0277, 0x0010, 0x0285, 0x0001, 0x0295, 
	0x0010, 0x0296, 0x0010, 0x02A6, 0x0010, 0x02B6, 0x0010, 0x02C6, 0x000B, 
	0x02D6, 0x0010, 0x02E1, 0x0010, 0x02F1, 0x0010, 0x0301, 0x0010, 0x0311, 
	

});
smlua_anim_util_register_animation('JWAR_HOLD_IDLE',0, 0, 0, 0, 60, { 
	0x0000, 0x009A, 0x0098, 0x0096, 0x0094, 0x0092, 0x0090, 0x008F, 0x008E, 
	0x008D, 0x008D, 0x008D, 0x008D, 0x008E, 0x0090, 0x0092, 0x0094, 0x0096, 
	0x0097, 0x0099, 0x009A, 0x009A, 0x009A, 0x0099, 0x0097, 0x0096, 0x0094, 
	0x0092, 0x0090, 0x008E, 0x008D, 0x008D, 0x008D, 0x008E, 0x0090, 0x0092, 
	0x0094, 0x0096, 0x0097, 0x0099, 0x009A, 0x009A, 0x009A, 0x0099, 0x0097, 
	0x0096, 0x0094, 0x0092, 0x0090, 0x008E, 0x008D, 0x008D, 0x008D, 0x008E, 
	0x0090, 0x0092, 0x0094, 0x0096, 0x0097, 0x0099, 0x009A, 0x0007, 0x0000, 
	0x3FFF, 0x0000, 0xFFFF, 0xFFFF, 0x388D, 0xFFFF, 0xFFE7, 0xFFC8, 0xFFA3, 
	0xFF7C, 0xFF54, 0xFF2E, 0xFF0D, 0xFEF2, 0xFEE0, 0xFEDA, 0xFEDF, 0xFEEE, 
	0xFF05, 0xFF23, 0xFF46, 0xFF6B, 0xFF92, 0xFFB9, 0xFFDE, 0xFFFF, 0x0022, 
	0x004A, 0x0075, 0x00A1, 0x00CC, 0x00F4, 0x0116, 0x0132, 0x0144, 0x014A, 
	0x0144, 0x0132, 0x0118, 0x00F6, 0x00CE, 0x00A3, 0x0078, 0x004C, 0x0024, 
	0xFFFF, 0xFFDB, 0xFFB3, 0xFF87, 0xFF5C, 0xFF31, 0xFF09, 0xFEE7, 0xFECD, 
	0xFEBB, 0xFEB5, 0xFEBE, 0xFED7, 0xFEFC, 0xFF29, 0xFF5A, 0xFF8B, 0xFFB8, 
	0xFFDD, 0xFFF6, 0xFFFF, 0xFFFF, 0x0040, 0x0093, 0x00F5, 0x015D, 0x01C7, 
	0x022C, 0x0285, 0x02CC, 0x02FB, 0x030D, 0x02FE, 0x02D6, 0x0298, 0x0249, 
	0x01EE, 0x018A, 0x0122, 0x00BB, 0x0059, 0xFFFF, 0xFFA4, 0xFF3A, 0xFEC8, 
	0xFE53, 0xFDE0, 0xFD76, 0xFD1A, 0xFCD2, 0xFCA2, 0xFC91, 0xFCA2, 0xFCD0, 
	0xFD17, 0xFD72, 0xFDDA, 0xFE4C, 0xFEC1, 0xFF34, 0xFFA0, 0xFFFF, 0x005F, 
	0x00CB, 0x013E, 0x01B3, 0x0225, 0x028D, 0x02E8, 0x032F, 0x035D, 0x036E, 
	0x0356, 0x0313, 0x02B0, 0x0239, 0x01B7, 0x0135, 0x00BD, 0x005B, 0x0018, 
	0xFFFF, 0xF526, 0xF5AA, 0xF62F, 0xF6AF, 0xF72A, 0xF79A, 0xF7FD, 0xF850, 
	0xF88F, 0xF8B7, 0xF8C6, 0xF8AC, 0xF865, 0xF7FD, 0xF77F, 0xF6F6, 0xF66D, 
	0xF5EF, 0xF587, 0xF540, 0xF526, 0xF540, 0xF586, 0xF5ED, 0xF66B, 0xF6F4, 
	0xF77D, 0xF7FB, 0xF862, 0xF8A9, 0xF8C3, 0xF8A9, 0xF863, 0xF7FB, 0xF77D, 
	0xF6F4, 0xF66B, 0xF5EE, 0xF586, 0xF540, 0xF526, 0xF540, 0xF586, 0xF5EE, 
	0xF66B, 0xF6F4, 0xF77D, 0xF7FB, 0xF863, 0xF8A9, 0xF8C3, 0xF8A9, 0xF863, 
	0xF7FB, 0xF77D, 0xF6F4, 0xF66B, 0xF5EE, 0xF586, 0xF540, 0xF526, 0x0000, 
	0x015E, 0x02D6, 0x0463, 0x0604, 0x07B6, 0x0975, 0x0B3E, 0x0D0F, 0x0EE5, 
	0x10BC, 0x1293, 0x1465, 0x1631, 0x17F3, 0x19A8, 0x1B4D, 0x1CE0, 0x1E5D, 
	0x1FC3, 0x210C, 0x2238, 0x2356, 0x246E, 0x2568, 0x2632, 0x26B6, 0x26DE, 
	0x2697, 0x25CC, 0x2467, 0x2254, 0x1F7E, 0x1BF5, 0x17D8, 0x1345, 0x0E5B, 
	0x0939, 0x03FF, 0xFECA, 0xF9BB, 0xF4EF, 0xF086, 0xEC9F, 0xE958, 0xE6D1, 
	0xE529, 0xE488, 0xE4E8, 0xE623, 0xE810, 0xEA8A, 0xED67, 0xF082, 0xF3B2, 
	0xF6D0, 0xF9B6, 0xFC3B, 0xFE39, 0xFF87, 0x0000, 0xFFFF, 0x0004, 0x0009, 
	0x000F, 0x0014, 0x001A, 0x0020, 0x0027, 0x002D, 0x0033, 0x003A, 0x0040, 
	0x0047, 0x004D, 0x0053, 0x0058, 0x005E, 0x0063, 0x0068, 0x006C, 0x0070, 
	0x0074, 0x0074, 0x006F, 0x0068, 0x005F, 0x0056, 0x004F, 0x004B, 0x004B, 
	0x0052, 0x0061, 0x0078, 0x0096, 0x00BA, 0x00E3, 0x010F, 0x013D, 0x016C, 
	0x0199, 0x01C5, 0x01ED, 0x0210, 0x022D, 0x0242, 0x024E, 0x0251, 0x0245, 
	0x022B, 0x0204, 0x01D4, 0x019D, 0x0161, 0x0122, 0x00E4, 0x00A9, 0x0072, 
	0x0044, 0x0020, 0x0008, 0xFFFF, 0x109A, 0x10CA, 0x10F0, 0x110E, 0x1125, 
	0x1134, 0x113D, 0x1140, 0x113E, 0x1139, 0x112F, 0x1123, 0x1114, 0x1104, 
	0x10F4, 0x10E3, 0x10D3, 0x10C4, 0x10B8, 0x10AE, 0x10A8, 0x10A6, 0x10A9, 
	0x10B3, 0x10BF, 0x10CC, 0x10D7, 0x10DE, 0x10DF, 0x10D7, 0x10C4, 0x10A4, 
	0x1075, 0x1038, 0x0FF1, 0x0FA1, 0x0F4C, 0x0EF2, 0x0E98, 0x0E3F, 0x0DEA, 
	0x0D9C, 0x0D56, 0x0D1B, 0x0CEE, 0x0CD1, 0x0CC7, 0x0CD5, 0x0CFC, 0x0D3A, 
	0x0D88, 0x0DE3, 0x0E47, 0x0EB0, 0x0F18, 0x0F7C, 0x0FD8, 0x1026, 0x1064, 
	0x108C, 0x109A, 0xFFFE, 0x0001, 0xCACF, 0xCB29, 0xCB70, 0xCBA7, 0xCBCE, 
	0xCBE8, 0xCBF4, 0xCBF6, 0xCBEE, 0xCBDF, 0xCBC8, 0xCBAD, 0xCB8E, 0xCB6E, 
	0xCB4D, 0xCB2C, 0xCB0F, 0xCAF5, 0xCAE1, 0xCAD3, 0xCACF, 0xEC98, 0xECB9, 
	0xED15, 0xED9C, 0xEE40, 0xEEF3, 0xEFA5, 0xF04A, 0xF0D1, 0xF12C, 0xF14E, 
	0xF13B, 0xF106, 0xF0B1, 0xF041, 0xEFB9, 0xEF1F, 0xEE74, 0xEDBE, 0xED01, 
	0xEC3F, 0xEB7D, 0xEAC0, 0xEA0A, 0xE95F, 0xE8C5, 0xE83D, 0xE7CD, 0xE779, 
	0xE743, 0xE730, 0xE743, 0xE779, 0xE7CD, 0xE83D, 0xE8C5, 0xE95F, 0xEA0A, 
	0xEAC0, 0xEB7D, 0xEC3F, 0xED01, 0xEDBE, 0xEE74, 0xEF1F, 0xEFB9, 0xF041, 
	0xF0B1, 0xF106, 0xF13B, 0xF14E, 0xF12C, 0xF0D1, 0xF04A, 0xEFA5, 0xEEF3, 
	0xEE40, 0xED9C, 0xED15, 0xECB9, 0xEC98, 0xDB3D, 0xDB31, 0xDB13, 0xDAE5, 
	0xDAAD, 0xDA71, 0xDA35, 0xD9FD, 0xD9D0, 0xD9B1, 0xD9A5, 0xD9AE, 0xD9C5, 
	0xD9EA, 0xDA1B, 0xDA57, 0xDA9B, 0xDAE5, 0xDB35, 0xDB88, 0xDBDD, 0xDC32, 
	0xDC85, 0xDCD5, 0xDD1F, 0xDD63, 0xDD9E, 0xDDD0, 0xDDF5, 0xDE0C, 0xDE15, 
	0xDE0C, 0xDDF5, 0xDDD0, 0xDD9E, 0xDD63, 0xDD1F, 0xDCD5, 0xDC85, 0xDC32, 
	0xDBDD, 0xDB88, 0xDB35, 0xDAE5, 0xDA9B, 0xDA57, 0xDA1B, 0xD9EA, 0xD9C5, 
	0xD9AE, 0xD9A5, 0xD9B1, 0xD9D0, 0xD9FD, 0xDA35, 0xDA71, 0xDAAD, 0xDAE5, 
	0xDB13, 0xDB31, 0xDB3D, 0x1233, 0x1208, 0x1195, 0x10EC, 0x101E, 0x0F3E, 
	0x0E5E, 0x0D90, 0x0CE7, 0x0C74, 0x0C4A, 0x0C62, 0x0CA7, 0x0D14, 0x0DA4, 
	0x0E52, 0x0F19, 0x0FF4, 0x10DE, 0x11D2, 0x12CC, 0x13C5, 0x14B9, 0x15A3, 
	0x167E, 0x1745, 0x17F3, 0x1883, 0x18F0, 0x1935, 0x194E, 0x1935, 0x18F0, 
	0x1883, 0x17F3, 0x1745, 0x167E, 0x15A3, 0x14B9, 0x13C5, 0x12CC, 0x11D2, 
	0x10DE, 0x0FF4, 0x0F19, 0x0E52, 0x0DA4, 0x0D14, 0x0CA7, 0x0C62, 0x0C4A, 
	0x0C74, 0x0CE7, 0x0D90, 0x0E5E, 0x0F3E, 0x101E, 0x10EC, 0x1195, 0x1208, 
	0x1233, 0xFFFF, 0x0000, 0x0000, 0x0000, 0x0000, 0xFFFF, 0xFFFF, 0x0000, 
	0xFFFF, 0xFFFF, 0x0000, 0x0000, 0x0000, 0x0000, 0x0000, 0x0000, 0x0000, 
	0x0000, 0x0000, 0x0000, 0xFFFF, 0x0000, 0x0000, 0x0000, 0x0000, 0x0000, 
	0x0000, 0x0000, 0x0000, 0x0000, 0x0000, 0x0000, 0x0000, 0x0000, 0x0000, 
	0x0000, 0x0000, 0x0000, 0x0000, 0x0000, 0x0000, 0x0000, 0x0000, 0x0000, 
	0x0000, 0x0000, 0x0000, 0x0000, 0x0000, 0x0000, 0x0000, 0x0000, 0x0000, 
	0x0000, 0x0000, 0x0000, 0xFFFF, 0x0000, 0x0000, 0x0000, 0xFFFF, 0x0000, 
	0xFFFF, 0x0000, 0xFFFF, 0x0000, 0x0000, 0x0000, 0x0000, 0x0000, 0x0000, 
	0xFFFF, 0x0000, 0x0000, 0xFFFF, 0xFFFF, 0xFFFF, 0x0000, 0xFFFF, 0x0000, 
	0x0000, 0x0000, 0xFFFF, 0x0000, 0x0000, 0x0000, 0x0000, 0x0000, 0x0000, 
	0x0000, 0x0000, 0xFFFF, 0xFFFF, 0xFFFF, 0x0000, 0xFFFF, 0x0000, 0xFFFF, 
	0xFFFF, 0x0000, 0xFFFF, 0xFFFF, 0xFFFF, 0xFFFF, 0xFFFF, 0xFFFF, 0x0000, 
	0xFFFF, 0xFFFF, 0x0000, 0xFFFF, 0xFFFF, 0x0000, 0x0000, 0x0000, 0x0000, 
	0x0000, 0x0000, 0xFFFF, 0x0000, 0xC3CB, 0xC3AF, 0xC363, 0xC2F3, 0xC26B, 
	0xC1D7, 0xC143, 0xC0BB, 0xC04B, 0xBFFF, 0xBFE3, 0xBFF4, 0xC026, 0xC074, 
	0xC0DB, 0xC158, 0xC1E6, 0xC283, 0xC32B, 0xC3DA, 0xC48C, 0xC53F, 0xC5EE, 
	0xC695, 0xC732, 0xC7C1, 0xC83D, 0xC8A5, 0xC8F3, 0xC924, 0xC936, 0xC924, 
	0xC8F3, 0xC8A5, 0xC83D, 0xC7C1, 0xC732, 0xC695, 0xC5EE, 0xC53F, 0xC48C, 
	0xC3DA, 0xC32B, 0xC283, 0xC1E6, 0xC158, 0xC0DB, 0xC074, 0xC026, 0xBFF4, 
	0xBFE3, 0xBFFF, 0xC04B, 0xC0BB, 0xC143, 0xC1D7, 0xC26B, 0xC2F3, 0xC363, 
	0xC3AF, 0xC3CB, 0xE295, 0xE299, 0xE2A3, 0xE2B3, 0xE2C7, 0xE2DC, 0xE2F1, 
	0xE304, 0xE314, 0xE31F, 0xE323, 0xE321, 0xE31C, 0xE313, 0xE309, 0xE2FB, 
	0xE2EC, 0xE2DC, 0xE2CA, 0xE2B8, 0xE2A5, 0xE292, 0xE280, 0xE26E, 0xE25E, 
	0xE24F, 0xE242, 0xE237, 0xE22F, 0xE229, 0xE228, 0xE229, 0xE22F, 0xE237, 
	0xE242, 0xE24F, 0xE25E, 0xE26E, 0xE280, 0xE292, 0xE2A5, 0xE2B8, 0xE2CA, 
	0xE2DC, 0xE2EC, 0xE2FB, 0xE309, 0xE313, 0xE31C, 0xE321, 0xE323, 0xE31F, 
	0xE314, 0xE304, 0xE2F1, 0xE2DC, 0xE2C7, 0xE2B3, 0xE2A3, 0xE299, 0xE295, 
	0xF9B5, 0xF9A3, 0xF971, 0xF928, 0xF8CE, 0xF86D, 0xF80C, 0xF7B3, 0xF769, 
	0xF737, 0xF725, 0xF730, 0xF751, 0xF785, 0xF7C9, 0xF81C, 0xF87A, 0xF8E2, 
	0xF951, 0xF9C5, 0xFA3B, 0xFAB1, 0xFB24, 0xFB93, 0xFBFB, 0xFC5A, 0xFCAC, 
	0xFCF0, 0xFD24, 0xFD45, 0xFD50, 0xFD45, 0xFD24, 0xFCF0, 0xFCAC, 0xFC5A, 
	0xFBFB, 0xFB93, 0xFB24, 0xFAB1, 0xFA3B, 0xF9C5, 0xF951, 0xF8E2, 0xF87A, 
	0xF81C, 0xF7C9, 0xF785, 0xF751, 0xF730, 0xF725, 0xF737, 0xF769, 0xF7B3, 
	0xF80C, 0xF86D, 0xF8CE, 0xF928, 0xF971, 0xF9A3, 0xF9B5, 0xE2A6, 0xE290, 
	0xE256, 0xE200, 0xE197, 0xE126, 0xE0B4, 0xE04B, 0xDFF5, 0xDFBB, 0xDFA5, 
	0xDFB2, 0xDFD8, 0xE013, 0xE061, 0xE0C0, 0xE12C, 0xE1A3, 0xE222, 0xE2A6, 
	0xE32E, 0xE3B5, 0xE439, 0xE4B8, 0xE52F, 0xE59B, 0xE5FA, 0xE648, 0xE683, 
	0xE6A9, 0xE6B6, 0xE6A9, 0xE683, 0xE648, 0xE5FA, 0xE59B, 0xE52F, 0xE4B8, 
	0xE439, 0xE3B5, 0xE32E, 0xE2A6, 0xE222, 0xE1A3, 0xE12C, 0xE0C0, 0xE061, 
	0xE013, 0xDFD8, 0xDFB2, 0xDFA5, 0xDFBB, 0xDFF5, 0xE04B, 0xE0B4, 0xE126, 
	0xE197, 0xE200, 0xE256, 0xE290, 0xE2A6, 0xFFFE, 0x0001, 0xC9FE, 0xCA50, 
	0xCA92, 0xCAC4, 0xCAE8, 0xCAFF, 0xCB0A, 0xCB0C, 0xCB05, 0xCAF6, 0xCAE2, 
	0xCAC9, 0xCAAD, 0xCA8F, 0xCA71, 0xCA54, 0xCA38, 0xCA21, 0xCA0E, 0xCA02, 
	0xC9FE, 0xFD74, 0x2B35, 0x7D2F, 0xFFFF, 0xFFFF, 0xFFFF, 0x0000, 0x0000, 
	0xFFFF, 0x0000, 0xFFFF, 0xFFFF, 0x0000, 0x0000, 0xFFFF, 0xFFFF, 0xFFFF, 
	0x0000, 0xFFFF, 0x0000, 0x0000, 0xFFFF, 0xFFFF, 0xFFFF, 0xFFFF, 0xFFFF, 
	0x0000, 0xFFFF, 0xFFFF, 0x0000, 0x0000, 0x0000, 0x0000, 0x0000, 0x0000, 
	0xFFFF, 0x0000, 0x0000, 0x0000, 0x0000, 0x0000, 0x0000, 0xFFFF, 0xFFFF, 
	0x0000, 0xFFFF, 0xFFFF, 0xFFFF, 0xFFFF, 0xFFFF, 0x0000, 0x0000, 0xFFFF, 
	0x0000, 0xFFFF, 0xFFFF, 0xFFFF, 0xFFFF, 0x0000, 0xFFFF, 0xFFFF, 0xFFFF, 
	0x0000, 0xFFFF, 0xFFFF, 0xFFFF, 0xFFFF, 0xFFFF, 0xFFFF, 0xFFFF, 0xFFFF, 
	0x0000, 0x0000, 0x0000, 0x0000, 0xFFFF, 0x0000, 0xFFFF, 0x0000, 0xFFFF, 
	0x0000, 0xFFFF, 0xFFFF, 0xFFFF, 0xFFFF, 0xFFFF, 0x0000, 0xFFFF, 0xFFFF, 
	0x0000, 0xFFFF, 0x0000, 0xFFFF, 0x0000, 0xFFFF, 0x0000, 0xFFFF, 0xFFFF, 
	0x0000, 0xFFFF, 0xFFFF, 0xFFFF, 0xFFFF, 0x0000, 0xFFFF, 0xFFFF, 0xFFFF, 
	0xFFFF, 0xFFFF, 0xFFFF, 0x0000, 0x0000, 0xFFFF, 0xFFFF, 0xFFFF, 0xFFFF, 
	0xFFFF, 0xFFFF, 0xFFFF, 0x0000, 0xFFFF, 0xFFFF, 0x0000, 0xFFFF, 0xCC30, 
	0x2EDF, 0x1BBF, 0x1CF0, 0x0000, 0x0000, 0x0000, 0xFFFF, 0x0000, 0xFFFF, 
	0x0000, 0xFFFF, 0xFFFF, 0x0000, 0xFFFF, 0x0000, 0xFFFF, 0x0000, 0xFFFF, 
	0x0000, 0xFFFF, 0x0000, 0x0000, 0x0000, 0x0000, 0x0000, 0x0000, 0x0000, 
	0xFFFF, 0x0000, 0xFFFF, 0x0000, 0xFFFF, 0x0000, 0xFFFF, 0x0000, 0xFFFF, 
	0x0000, 0xFFFF, 0x0000, 0xFFFF, 0x0000, 0x0000, 0x0000, 0x0000, 0x0000, 
	0x0000, 0x0000, 0xFFFF, 0x0000, 0xFFFF, 0x0000, 0xFFFF, 0x0000, 0xFFFF, 
	0x0000, 0xFFFF, 0x0000, 0xFFFF, 0x0000, 0xFFFF, 0x0000, 0xFFFF, 0xBF5E, 
	0xBF91, 0xBFD4, 0xC022, 0xC076, 0xC0CB, 0xC11C, 0xC163, 0xC19C, 0xC1C2, 
	0xC1D0, 0xC1BE, 0xC18F, 0xC149, 0xC0F3, 0xC097, 0xC03A, 0xBFE5, 0xBF9F, 
	0xBF6F, 0xBF5E, 0xBF6F, 0xBF9F, 0xBFE5, 0xC03A, 0xC097, 0xC0F3, 0xC149, 
	0xC18F, 0xC1BE, 0xC1D0, 0xC1BE, 0xC18F, 0xC149, 0xC0F3, 0xC097, 0xC03A, 
	0xBFE5, 0xBF9F, 0xBF6F, 0xBF5E, 0xBF6F, 0xBF9F, 0xBFE5, 0xC03A, 0xC097, 
	0xC0F3, 0xC149, 0xC18F, 0xC1BE, 0xC1D0, 0xC1BE, 0xC18F, 0xC149, 0xC0F3, 
	0xC097, 0xC03A, 0xBFE5, 0xBF9F, 0xBF6F, 0xBF5E, 0xD826, 0xD8BA, 0xD95E, 
	0xDA0B, 0xDABA, 0xDB63, 0xDBFE, 0xDC84, 0xDCED, 0xDD32, 0xDD4B, 0xDD26, 
	0xDCC2, 0xDC2E, 0xDB7B, 0xDAB8, 0xD9F6, 0xD943, 0xD8AF, 0xD84B, 0xD826, 
	0xD84B, 0xD8AF, 0xD943, 0xD9F6, 0xDAB8, 0xDB7B, 0xDC2E, 0xDCC2, 0xDD26, 
	0xDD4B, 0xDD26, 0xDCC2, 0xDC2E, 0xDB7B, 0xDAB8, 0xD9F6, 0xD943, 0xD8AF, 
	0xD84B, 0xD826, 0xD84B, 0xD8AF, 0xD943, 0xD9F6, 0xDAB8, 0xDB7B, 0xDC2E, 
	0xDCC2, 0xDD26, 0xDD4B, 0xDD26, 0xDCC2, 0xDC2E, 0xDB7B, 0xDAB8, 0xD9F6, 
	0xD943, 0xD8AF, 0xD84B, 0xD826, 0xE771, 0xE6B6, 0xE614, 0xE58B, 0xE519, 
	0xE4BC, 0xE473, 0xE43D, 0xE418, 0xE403, 0xE3FC, 0xE415, 0xE458, 0xE4BB, 
	0xE534, 0xE5B7, 0xE63A, 0xE6B2, 0xE715, 0xE759, 0xE771, 0xE759, 0xE715, 
	0xE6B2, 0xE63A, 0xE5B7, 0xE534, 0xE4BB, 0xE458, 0xE415, 0xE3FC, 0xE415, 
	0xE458, 0xE4BB, 0xE534, 0xE5B7, 0xE63A, 0xE6B2, 0xE715, 0xE759, 0xE771, 
	0xE759, 0xE715, 0xE6B2, 0xE63A, 0xE5B7, 0xE534, 0xE4BB, 0xE458, 0xE415, 
	0xE3FC, 0xE415, 0xE458, 0xE4BB, 0xE534, 0xE5B7, 0xE63A, 0xE6B2, 0xE715, 
	0xE759, 0xE771, 0xBA93, 0xB99F, 0xB89A, 0xB78F, 0xB687, 0xB58D, 0xB4AB, 
	0xB3E9, 0xB352, 0xB2F1, 0xB2CE, 0xB306, 0xB39D, 0xB47C, 0xB58A, 0xB6B1, 
	0xB7D7, 0xB8E6, 0xB9C5, 0xBA5C, 0xBA93, 0xBA5C, 0xB9C5, 0xB8E6, 0xB7D7, 
	0xB6B1, 0xB58A, 0xB47C, 0xB39D, 0xB306, 0xB2CE, 0xB306, 0xB39D, 0xB47C, 
	0xB58A, 0xB6B1, 0xB7D7, 0xB8E6, 0xB9C5, 0xBA5C, 0xBA93, 0xBA5C, 0xB9C5, 
	0xB8E6, 0xB7D7, 0xB6B1, 0xB58A, 0xB47C, 0xB39D, 0xB306, 0xB2CE, 0xB306, 
	0xB39D, 0xB47C, 0xB58A, 0xB6B1, 0xB7D7, 0xB8E6, 0xB9C5, 0xBA5C, 0xBA93, 
	0xFFFF, 0x0000, 0xFFFF, 0xFFFF, 0x0000, 0xFFFF, 0xFFFF, 0x0000, 0xFFFF, 
	0x0000, 0x0000, 0xFFFF, 0xFFFF, 0x0000, 0x0000, 0x0000, 0x0000, 0x0000, 
	0x0000, 0x0000, 0xFFFF, 0x0000, 0x0000, 0x0000, 0x0000, 0x0000, 0x0000, 
	0x0000, 0xFFFF, 0xFFFF, 0x0000, 0xFFFF, 0xFFFF, 0x0000, 0x0000, 0x0000, 
	0x0000, 0x0000, 0x0000, 0x0000, 0xFFFF, 0x0000, 0x0000, 0x0000, 0x0000, 
	0x0000, 0x0000, 0x0000, 0xFFFF, 0xFFFF, 0x0000, 0xFFFF, 0xFFFF, 0x0000, 
	0x0000, 0x0000, 0x0000, 0x0000, 0x0000, 0x0000, 0xFFFF, 0xFFFF, 0x0000, 
	0x0000, 0x0000, 0x0000, 0xFFFF, 0xFFFF, 0xFFFF, 0xFFFF, 0xFFFF, 0x0000, 
	0xFFFF, 0x0000, 0x0000, 0x0000, 0xFFFF, 0x0000, 0xFFFF, 0x0000, 0x0000, 
	0xFFFF, 0x0000, 0x0000, 0xFFFF, 0x0000, 0xFFFF, 0x0000, 0x0000, 0x0000, 
	0xFFFF, 0x0000, 0xFFFF, 0x0000, 0x0000, 0x0000, 0xFFFF, 0x0000, 0xFFFF, 
	0x0000, 0x0000, 0xFFFF, 0x0000, 0x0000, 0xFFFF, 0x0000, 0xFFFF, 0x0000, 
	0x0000, 0x0000, 0xFFFF, 0x0000, 0xFFFF, 0x0000, 0x0000, 0x0000, 0xFFFF, 
	0x0000, 0xFFFF, 0x0000, 0x0000, 0xFFFF, 0x378C, 0x39B1, 0x3B78, 0x3CEB, 
	0x3E11, 0x3EF3, 0x3F99, 0x400C, 0x4054, 0x4078, 0x4083, 0x4043, 0x3F94, 
	0x3E93, 0x3D5B, 0x3C07, 0x3AB4, 0x397C, 0x387B, 0x37CC, 0x378C, 0x37CC, 
	0x387B, 0x397C, 0x3AB4, 0x3C07, 0x3D5B, 0x3E93, 0x3F94, 0x4043, 0x4083, 
	0x4043, 0x3F94, 0x3E93, 0x3D5B, 0x3C07, 0x3AB4, 0x397C, 0x387B, 0x37CC, 
	0x378C, 0x37CC, 0x387B, 0x397C, 0x3AB4, 0x3C07, 0x3D5B, 0x3E93, 0x3F94, 
	0x4043, 0x4083, 0x4043, 0x3F94, 0x3E93, 0x3D5B, 0x3C07, 0x3AB4, 0x397C, 
	0x387B, 0x37CC, 0x378C, 0xFED3, 0xFED5, 0xFED6, 0xFED8, 0xFED9, 0xFEDA, 
	0xFEDC, 0xFEDC, 0xFEDD, 0xFEDE, 0xFEDE, 0xFEDD, 0xFEDD, 0xFEDB, 0xFEDA, 
	0xFED8, 0xFED7, 0xFED5, 0xFED4, 0xFED3, 0xFED3, 0xFED3, 0xFED4, 0xFED5, 
	0xFED7, 0xFED8, 0xFEDA, 0xFEDB, 0xFEDD, 0xFEDD, 0xFEDE, 0xFEDD, 0xFEDD, 
	0xFEDB, 0xFEDA, 0xFED8, 0xFED7, 0xFED5, 0xFED4, 0xFED3, 0xFED3, 0xFED3, 
	0xFED4, 0xFED5, 0xFED7, 0xFED8, 0xFEDA, 0xFEDB, 0xFEDD, 0xFEDD, 0xFEDE, 
	0xFEDD, 0xFEDD, 0xFEDB, 0xFEDA, 0xFED8, 0xFED7, 0xFED5, 0xFED4, 0xFED3, 
	0xFFA1, 0xFF98, 0xFF92, 0xFF8C, 0xFF89, 0xFF86, 0xFF85, 0xFF84, 0xFF84, 
	0xFF84, 0xFF84, 0xFF84, 0xFF87, 0xFF8A, 0xFF8E, 0xFF92, 0xFF97, 0xFF9B, 
	0xFF9E, 0xFFA0, 0xFFA1, 0xFFA0, 0xFF9E, 0xFF9B, 0xFF97, 0xFF92, 0xFF8E, 
	0xFF8A, 0xFF87, 0xFF84, 0xFF84, 0xFF84, 0xFF87, 0xFF8A, 0xFF8E, 0xFF92, 
	0xFF97, 0xFF9B, 0xFF9E, 0xFFA0, 0xFFA1, 0xFFA0, 0xFF9E, 0xFF9B, 0xFF97, 
	0xFF92, 0xFF8E, 0xFF8A, 0xFF87, 0xFF84, 0xFF84, 0xFF84, 0xFF87, 0xFF8A, 
	0xFF8E, 0xFF92, 0xFF97, 0xFF9B, 0xFF9E, 0xFFA0, 0xFFA1, 0xB309, 0xB1DE, 
	0xB0F2, 0xB03E, 0xAFBA, 0xAF5F, 0xAF26, 0xAF06, 0xAEF8, 0xAEF6, 0xAEF7, 
	0xAF14, 0xAF63, 0xAFD8, 0xB066, 0xB100, 0xB19A, 0xB228, 0xB29D, 0xB2EC, 
	0xB309, 0xB2EC, 0xB29D, 0xB228, 0xB19A, 0xB100, 0xB066, 0xAFD8, 0xAF63, 
	0xAF14, 0xAEF7, 0xAF14, 0xAF63, 0xAFD8, 0xB066, 0xB100, 0xB19A, 0xB228, 
	0xB29D, 0xB2EC, 0xB309, 0xB2EC, 0xB29D, 0xB228, 0xB19A, 0xB100, 0xB066, 
	0xAFD8, 0xAF63, 0xAF14, 0xAEF7, 0xAF14, 0xAF63, 0xAFD8, 0xB066, 0xB100, 
	0xB19A, 0xB228, 0xB29D, 0xB2EC, 0xB309, 0x0000, 0xFFFF, 0xBF5E, 0x17C1, 
	0x1740, 0x16C5, 0x1652, 0x15E8, 0x158A, 0x1539, 0x14F7, 0x14C6, 0x14A8, 
	0x149D, 0x14B3, 0x14F1, 0x154B, 0x15B8, 0x162F, 0x16A6, 0x1714, 0x176E, 
	0x17AB, 0x17C1, 0x17AB, 0x176E, 0x1714, 0x16A6, 0x162F, 0x15B8, 0x154B, 
	0x14F1, 0x14B3, 0x149D, 0x14B3, 0x14F1, 0x154B, 0x15B8, 0x162F, 0x16A6, 
	0x1714, 0x176E, 0x17AB, 0x17C1, 0x17AB, 0x176E, 0x1714, 0x16A6, 0x162F, 
	0x15B8, 0x154B, 0x14F1, 0x14B3, 0x149D, 0x14B3, 0x14F1, 0x154B, 0x15B8, 
	0x162F, 0x16A6, 0x1714, 0x176E, 0x17AB, 0x17C1, 0x15CC, 0x166D, 0x16F7, 
	0x176C, 0x17CE, 0x181E, 0x185C, 0x188B, 0x18AA, 0x18BD, 0x18C2, 0x18AD, 
	0x1873, 0x181F, 0x17B8, 0x1747, 0x16D7, 0x1670, 0x161B, 0x15E2, 0x15CC, 
	0x15E2, 0x161B, 0x1670, 0x16D7, 0x1747, 0x17B8, 0x181F, 0x1873, 0x18AD, 
	0x18C2, 0x18AD, 0x1873, 0x181F, 0x17B8, 0x1747, 0x16D7, 0x1670, 0x161B, 
	0x15E2, 0x15CC, 0x15E2, 0x161B, 0x1670, 0x16D7, 0x1747, 0x17B8, 0x181F, 
	0x1873, 0x18AD, 0x18C2, 0x18AD, 0x1873, 0x181F, 0x17B8, 0x1747, 0x16D7, 
	0x1670, 0x161B, 0x15E2, 0x15CC, 0xAE8D, 0xAD82, 0xAC8E, 0xABB3, 0xAAF1, 
	0xAA4A, 0xA9BF, 0xA951, 0xA901, 0xA8D0, 0xA8C0, 0xA8E9, 0xA95A, 0xAA01, 
	0xAACB, 0xABA6, 0xAC82, 0xAD4C, 0xADF2, 0xAE63, 0xAE8D, 0xAE63, 0xADF2, 
	0xAD4C, 0xAC82, 0xABA6, 0xAACB, 0xAA01, 0xA95A, 0xA8E9, 0xA8C0, 0xA8E9, 
	0xA95A, 0xAA01, 0xAACB, 0xABA6, 0xAC82, 0xAD4C, 0xADF2, 0xAE63, 0xAE8D, 
	0xAE63, 0xADF2, 0xAD4C, 0xAC82, 0xABA6, 0xAACB, 0xAA01, 0xA95A, 0xA8E9, 
	0xA8C0, 0xA8E9, 0xA95A, 0xAA01, 0xAACB, 0xABA6, 0xAC82, 0xAD4C, 0xADF2, 
	0xAE63, 0xAE8D, 0x0000, 0x0000, 0x0000, 0xFFFF, 0xFFFF, 0xFFFF, 0x0000, 
	0x0000, 0x0000, 0xFFFF, 0x0000, 0x0000, 0xFFFF, 0x0000, 0x0000, 0xFFFF, 
	0x0000, 0x0000, 0xFFFF, 0x0000, 0x0000, 0x0000, 0xFFFF, 0x0000, 0x0000, 
	0xFFFF, 0x0000, 0x0000, 0xFFFF, 0x0000, 0x0000, 0x0000, 0xFFFF, 0x0000, 
	0x0000, 0xFFFF, 0x0000, 0x0000, 0xFFFF, 0x0000, 0x0000, 0x0000, 0xFFFF, 
	0x0000, 0x0000, 0xFFFF, 0x0000, 0x0000, 0xFFFF, 0x0000, 0x0000, 0x0000, 
	0xFFFF, 0x0000, 0x0000, 0xFFFF, 0x0000, 0x0000, 0xFFFF, 0x0000, 0xFFFF, 
	0xFFFF, 0x0000, 0xFFFF, 0x0000, 0x0000, 0x0000, 0x0000, 0x0000, 0x0000, 
	0x0000, 0x0000, 0x0000, 0xFFFF, 0x0000, 0xFFFF, 0xFFFF, 0x0000, 0x0000, 
	0x0000, 0xFFFF, 0x0000, 0x0000, 0x0000, 0xFFFF, 0xFFFF, 0x0000, 0xFFFF, 
	0x0000, 0x0000, 0x0000, 0x0000, 0x0000, 0xFFFF, 0x0000, 0xFFFF, 0xFFFF, 
	0x0000, 0x0000, 0x0000, 0xFFFF, 0x0000, 0x0000, 0x0000, 0xFFFF, 0xFFFF, 
	0x0000, 0xFFFF, 0x0000, 0x0000, 0x0000, 0x0000, 0x0000, 0xFFFF, 0x0000, 
	0xFFFF, 0xFFFF, 0x0000, 0x0000, 0x0000, 0xFFFF, 0x3311, 0x3535, 0x373F, 
	0x3925, 0x3AE2, 0x3C6D, 0x3DC1, 0x3ED6, 0x3FA4, 0x4026, 0x4052, 0x3FF3, 
	0x3EF1, 0x3D75, 0x3BA8, 0x39B1, 0x37BB, 0x35EE, 0x3472, 0x3370, 0x3311, 
	0x3370, 0x3472, 0x35EE, 0x37BB, 0x39B1, 0x3BA8, 0x3D75, 0x3EF1, 0x3FF3, 
	0x4052, 0x3FF3, 0x3EF1, 0x3D75, 0x3BA8, 0x39B1, 0x37BB, 0x35EE, 0x3472, 
	0x3370, 0x3311, 0x3370, 0x3472, 0x35EE, 0x37BB, 0x39B1, 0x3BA8, 0x3D75, 
	0x3EF1, 0x3FF3, 0x4052, 0x3FF3, 0x3EF1, 0x3D75, 0x3BA8, 0x39B1, 0x37BB, 
	0x35EE, 0x3472, 0x3370, 0x3311, 0x008C, 0x008E, 0x0094, 0x009C, 0x00A6, 
	0x00B1, 0x00BB, 0x00C5, 0x00CD, 0x00D3, 0x00D5, 0x00D3, 0x00CD, 0x00C5, 
	0x00BB, 0x00B1, 0x00A6, 0x009C, 0x0094, 0x008E, 0x008C, 0x008E, 0x0094, 
	0x009C, 0x00A6, 0x00B1, 0x00BB, 0x00C5, 0x00CD, 0x00D3, 0x00D5, 0x00D3, 
	0x00CD, 0x00C5, 0x00BB, 0x00B1, 0x00A6, 0x009C, 0x0094, 0x008E, 0x008C, 
	0x008E, 0x0094, 0x009C, 0x00A6, 0x00B1, 0x00BB, 0x00C5, 0x00CD, 0x00D3, 
	0x00D5, 0x00D3, 0x00CD, 0x00C5, 0x00BB, 0x00B1, 0x00A6, 0x009C, 0x0094, 
	0x008E, 0x008C, 0x016D, 0x016C, 0x0169, 0x0165, 0x0160, 0x015B, 0x0155, 
	0x0150, 0x014C, 0x014A, 0x0148, 0x0149, 0x014C, 0x0150, 0x0155, 0x015B, 
	0x0160, 0x0165, 0x0169, 0x016C, 0x016D, 0x016C, 0x0169, 0x0165, 0x0160, 
	0x015B, 0x0155, 0x0150, 0x014C, 0x0149, 0x0148, 0x0149, 0x014C, 0x0150, 
	0x0155, 0x015B, 0x0160, 0x0165, 0x0169, 0x016C, 0x016D, 0x016C, 0x0169, 
	0x0165, 0x0160, 0x015B, 0x0155, 0x0150, 0x014C, 0x0149, 0x0148, 0x0149, 
	0x014C, 0x0150, 0x0155, 0x015B, 0x0160, 0x0165, 0x0169, 0x016C, 0x016D, 
	0xBB93, 0xBA8F, 0xB991, 0xB89D, 0xB7BA, 0xB6EC, 0xB638, 0xB5A3, 0xB532, 
	0xB4EB, 0xB4D2, 0xB503, 0xB586, 0xB648, 0xB733, 0xB833, 0xB932, 0xBA1D, 
	0xBADF, 0xBB62, 0xBB93, 0xBB62, 0xBADF, 0xBA1D, 0xB932, 0xB833, 0xB733, 
	0xB648, 0xB586, 0xB503, 0xB4D2, 0xB503, 0xB586, 0xB648, 0xB733, 0xB833, 
	0xB932, 0xBA1D, 0xBADF, 0xBB62, 0xBB93, 0xBB62, 0xBADF, 0xBA1D, 0xB932, 
	0xB833, 0xB733, 0xB648, 0xB586, 0xB503, 0xB4D2, 0xB503, 0xB586, 0xB648, 
	0xB733, 0xB833, 0xB932, 0xBA1D, 0xBADF, 0xBB62, 0xBB93, 

},{ 
	0x0001, 0x0000, 0x003C, 0x0001, 0x0001, 0x003D, 0x0001, 0x003E, 0x0001, 
	0x003F, 0x0001, 0x0040, 0x0001, 0x0041, 0x0001, 0x0042, 0x0001, 0x0043, 
	0x003D, 0x0044, 0x003D, 0x0081, 0x003D, 0x00BE, 0x003D, 0x00FB, 0x003D, 
	0x0138, 0x003D, 0x0175, 0x0001, 0x01B2, 0x0001, 0x01B3, 0x0015, 0x01B4, 
	0x003D, 0x01C9, 0x003D, 0x0206, 0x003D, 0x0243, 0x003D, 0x0280, 0x003B, 
	0x02BD, 0x003D, 0x02F8, 0x003D, 0x0335, 0x003D, 0x0372, 0x003D, 0x03AF, 
	0x0001, 0x03EC, 0x0001, 0x03ED, 0x0015, 0x03EE, 0x0001, 0x0403, 0x0001, 
	0x0404, 0x0001, 0x0405, 0x003D, 0x0406, 0x003C, 0x0443, 0x0001, 0x047F, 
	0x0001, 0x0480, 0x0001, 0x0481, 0x0001, 0x0482, 0x003A, 0x0483, 0x0001, 
	0x04BD, 0x003D, 0x04BE, 0x003D, 0x04FB, 0x003D, 0x0538, 0x003D, 0x0575, 
	0x003D, 0x05B2, 0x003D, 0x05EF, 0x003D, 0x062C, 0x003C, 0x0669, 0x003D, 
	0x06A5, 0x003D, 0x06E2, 0x0001, 0x071F, 0x0001, 0x0720, 0x0001, 0x0721, 
	0x003D, 0x0722, 0x003D, 0x075F, 0x003D, 0x079C, 0x003C, 0x07D9, 0x003D, 
	0x0815, 0x003D, 0x0852, 0x003D, 0x088F, 0x003D, 0x08CC, 0x003D, 0x0909, 
	

});
smlua_anim_util_register_animation('JWAR_HOLD_JUMP',1, 0, 0, 0, 20, { 
	0x0000, 0x009E, 0x009F, 0x00A1, 0x00A5, 0x00A9, 0x00AF, 0x00B5, 0x00BB, 
	0x00C0, 0x00C6, 0x00CB, 0x00CF, 0x00D3, 0x00D5, 0x00D7, 0x00D9, 0x00DA, 
	0x00DA, 0x00DB, 0x0000, 0x0000, 0x3FFF, 0x0000, 0x0000, 0xFFFF, 0x4000, 
	0x0000, 0x0000, 0x0000, 0x0000, 0x0000, 0x0000, 0x0000, 0x0000, 0x0000, 
	0x0000, 0xFFFF, 0x0000, 0x0000, 0x0000, 0x0000, 0x0000, 0x0000, 0x0000, 
	0x0000, 0x0000, 0x0000, 0xFFFF, 0x1658, 0x15E6, 0x14AE, 0x12DE, 0x10A1, 
	0x0E25, 0x0B97, 0x0924, 0x06F9, 0x0543, 0x042F, 0x038D, 0x030B, 0x02A5, 
	0x0259, 0x0222, 0x01FE, 0x01E8, 0x01DC, 0x01D8, 0x01D7, 0x0073, 0x0075, 
	0x0077, 0x007A, 0x007C, 0x007D, 0x007D, 0x007E, 0x007E, 0x007E, 0x007E, 
	0x007E, 0x007E, 0x007D, 0x007D, 0x007D, 0x007D, 0x007C, 0x0033, 0x002E, 
	0x0024, 0x0018, 0x0011, 0x000D, 0x000B, 0x000A, 0x0009, 0x0009, 0x0009, 
	0x0009, 0x000A, 0x000C, 0x000E, 0x000F, 0x0011, 0x0013, 0x0015, 0x0016, 
	0xF5ED, 0xF777, 0xFAFC, 0xFED2, 0x0155, 0x026A, 0x0324, 0x0395, 0x03CF, 
	0x03E4, 0x03E7, 0x03C8, 0x0375, 0x02FA, 0x0264, 0x01C2, 0x011F, 0x008A, 
	0x000F, 0xFFBB, 0xFF9C, 0xFFFE, 0x0001, 0xC170, 0xCB83, 0xCE39, 0xD597, 
	0xE07C, 0xEDC4, 0xFC4B, 0x0AEE, 0x188A, 0x23FC, 0x2C1F, 0x2FD2, 0x30B7, 
	0x3141, 0x3188, 0x31A3, 0x31A6, 0xAA6D, 0xAA9B, 0xAB17, 0xABCE, 0xACAD, 
	0xAD9F, 0xAE92, 0xAF70, 0xB028, 0xB0A4, 0xB0D2, 0xB09E, 0xB022, 0xAF8F, 
	0xAF13, 0xAEE0, 0x1C43, 0x1A04, 0x13EC, 0x0AF1, 0x000A, 0xF42B, 0xE84D, 
	0xDD66, 0xD46B, 0xCE53, 0xCC14, 0xCC15, 0xCC18, 0xCC1C, 0xCC1E, 0xCC20, 
	0x0000, 0x0000, 0x0000, 0x0000, 0x0000, 0x0000, 0x0000, 0x0000, 0x0000, 
	0xFFFF, 0x0000, 0x0000, 0xD268, 0xD10B, 0xCE0C, 0xCB0C, 0xC9AF, 0xC9C8, 
	0xCA10, 0xCA7E, 0xCB0E, 0xCBB8, 0xCC75, 0xCD40, 0xCE11, 0xCEE3, 0xCFAD, 
	0xD06B, 0xD115, 0xD1A4, 0xD213, 0xD25A, 0xD274, 0xAB8A, 0xAA28, 0xA71E, 
	0xA413, 0xA2B1, 0xA347, 0xA4C4, 0xA6BE, 0xA8CE, 0xAA8A, 0xAB8A, 0xABFD, 
	0xAC59, 0xACA1, 0xACD7, 0xACFE, 0xAD18, 0xAD27, 0xAD2F, 0xAD32, 0xAD33, 
	0xD853, 0xD792, 0xD5E9, 0xD440, 0xD37F, 0xD3C2, 0xD472, 0xD565, 0xD677, 
	0xD77E, 0xD853, 0xD8F2, 0xD971, 0xD9D5, 0xDA1F, 0xDA54, 0xDA78, 0xDA8E, 
	0xDA99, 0xDA9D, 0xDA9E, 0x0846, 0x077E, 0x05C7, 0x0410, 0x0348, 0x03A7, 
	0x0494, 0x05C7, 0x06FB, 0x07E7, 0x0846, 0x0837, 0x080F, 0x07D5, 0x078E, 
	0x0740, 0x06F3, 0x06AC, 0x0671, 0x0649, 0x063A, 0xFFFE, 0x0001, 0xC170, 
	0x14B2, 0x140C, 0x1247, 0x0FAD, 0x0C84, 0x0913, 0x05A3, 0x027A, 0xFFDE, 
	0xFE1A, 0xFD73, 0x27E2, 0x27FA, 0x283B, 0x289A, 0x290E, 0x298D, 0x2A0B, 
	0x2A7F, 0x2ADE, 0x2B1F, 0x2B37, 0x982B, 0x96E4, 0x936D, 0x8E52, 0x8820, 
	0x8161, 0x7AA2, 0x746F, 0x6F54, 0x6BDD, 0x6A96, 0xFFFF, 0xFFFF, 0xFFFF, 
	0xFFFF, 0x0000, 0xFFFF, 0xFFFF, 0xFFFF, 0x0000, 0x0000, 0x0000, 0x0000, 
	0x0000, 0x0000, 0xFFFF, 0xFFFF, 0xFFFF, 0xFFFF, 0xFFFF, 0xFFFF, 0x0000, 
	0xFFFF, 0xFFFF, 0xFFFF, 0xFFFF, 0xFFFF, 0xFFFF, 0xFFFF, 0xFFFF, 0xFFFF, 
	0xFFFF, 0xFFFF, 0xFFFF, 0x0000, 0x0000, 0xFFFF, 0xC2A6, 0xC2EB, 0xC3A4, 
	0xC4B6, 0xC602, 0xC76B, 0xC8D4, 0xCA20, 0xCB32, 0xCBEB, 0xCC30, 0x2EDF, 
	0x1BBF, 0x1CF0, 0xFFFF, 0xFFFF, 0xFFFF, 0xFFFF, 0xFFFF, 0xFFFF, 0xFFFF, 
	0xFFFF, 0xFFFF, 0xFFFF, 0xFFFF, 0xFFFF, 0xFFFF, 0xFFFF, 0xFFFF, 0xFFFF, 
	0xFFFF, 0xFFFF, 0xFFFF, 0xFFFF, 0x0000, 0x0E39, 0xBFFF, 0x00CE, 0x00CE, 
	0x00CE, 0x00CE, 0x00CF, 0x00CF, 0x00CF, 0x00D0, 0x0023, 0x0023, 0x0021, 
	0x001E, 0x001B, 0x0017, 0x0014, 0x0010, 0x000D, 0x0009, 0x0006, 0x0003, 
	0x0000, 0xFFFC, 0xFFFA, 0xFFF8, 0xFFF6, 0xFFF5, 0xFFF4, 0xFFF3, 0x9DD3, 
	0x9DF5, 0x9E54, 0x9EDE, 0x9F85, 0xA03A, 0xA0F0, 0xA1A3, 0xA252, 0xA2FB, 
	0xA39D, 0xA437, 0xA4C6, 0xA54A, 0xA5C1, 0xA62A, 0xA682, 0xA6CA, 0xA6FF, 
	0xA720, 0xA72B, 0x0000, 0x0000, 0x0000, 0x0000, 0x0000, 0xFFFF, 0xFFFF, 
	0xFFFF, 0xFFFF, 0xFFFF, 0xFFFF, 0xFFFF, 0xFFFF, 0xFFFF, 0xFFFF, 0x0000, 
	0xFFFF, 0xFFFF, 0x0000, 0xFFFF, 0xFFFF, 0xFFFF, 0xFFFF, 0xFFFF, 0xFFFF, 
	0xFFFF, 0xFFFF, 0xFFFF, 0xFFFF, 0xFFFF, 0xFFFF, 0xFFFF, 0xFFFF, 0xFFFF, 
	0xFFFF, 0xFFFF, 0xFFFF, 0x0000, 0x2B03, 0x2D16, 0x3208, 0x37F0, 0x3CE2, 
	0x3EF5, 0x3ECD, 0x3E5C, 0x3DAE, 0x3CCD, 0x3BC6, 0x3AA2, 0x396D, 0x3833, 
	0x36FE, 0x35DA, 0x34D2, 0x33F2, 0x3343, 0x32D3, 0x32AA, 0xFFFF, 0xFFFF, 
	0x0000, 0xFFFF, 0xFFFF, 0x0000, 0xFFFF, 0x0000, 0xFFFF, 0xFFFF, 0x0000, 
	0xFFFF, 0x0000, 0x0000, 0x0000, 0xFFFF, 0x0000, 0xFFFF, 0x0000, 0xFFFF, 
	0x0000, 0xFFFF, 0xC5EE, 0xC60D, 0xC666, 0xC6F2, 0xC7AB, 0xC88B, 0xC98B, 
	0xCAA4, 0xCBD1, 0xCD0A, 0xCE4A, 0xCF8A, 0xD0C4, 0xD1F0, 0xD30A, 0xD40A, 
	0xD4E9, 0xD5A2, 0xD62E, 0xD687, 0xD6A6, 0x0000, 0xF1C6, 0xBFFF, 0x00F3, 
	0x00D9, 0x009C, 0x0051, 0x0010, 0xFFED, 0xFFE3, 0xFFDA, 0xFFD3, 0xFFCC, 
	0xFFC7, 0xFFC3, 0xFFBF, 0xFFBD, 0xFFBB, 0xFFB9, 0xFFB8, 0xFFB8, 0xFFB7, 
	0xFEFA, 0xFEF0, 0xFED8, 0xFEBC, 0xFEA5, 0xFE9B, 0xFE9B, 0xFE9B, 0xFE9C, 
	0xFE9C, 0xFE9D, 0xFE9D, 0xFE9E, 0xFE9F, 0xFE9F, 0xFEA0, 0xFEA1, 0xFEA1, 
	0xFEA1, 0xFEA2, 0x9EC0, 0xA1F3, 0xA9A6, 0xB303, 0xBB34, 0xBF62, 0xC088, 
	0xC188, 0xC263, 0xC31C, 0xC3B6, 0xC435, 0xC49A, 0xC4E9, 0xC524, 0xC54F, 
	0xC56B, 0xC57C, 0xC585, 0xC588, 0xC589, 0x0000, 0x0000, 0x0000, 0x0000, 
	0x0000, 0xFFFF, 0xFFFF, 0x0000, 0xFFFF, 0xFFFF, 0xFFFF, 0x0000, 0xFFFF, 
	0xFFFF, 0xFFFF, 0xFFFF, 0xFFFF, 0xFFFF, 0xFFFF, 0xFFFF, 0x0000, 0xFFFF, 
	0x0000, 0xFFFF, 0x0000, 0x0000, 0x0000, 0xFFFF, 0xFFFF, 0xFFFF, 0xFFFF, 
	0x0000, 0xFFFF, 0xFFFF, 0x0000, 0x0000, 0xFFFF, 0x0000, 0xFFFF, 0x2A89, 
	0x2904, 0x254A, 0x209B, 0x1C38, 0x1961, 0x17D6, 0x167F, 0x155A, 0x1461, 
	0x1392, 0x12E8, 0x1260, 0x11F6, 0x11A7, 0x116E, 0x1148, 0x1130, 0x1125, 
	0x1120, 0xFFFF, 0xFFFF, 0xFFFF, 0xFFFF, 0x0000, 0x0000, 0xFFFF, 0x0000, 
	0xFFFF, 0x0000, 0xFFFF, 0xFFFF, 0x0000, 0xFFFF, 0xFFFF, 0x0000, 0xFFFF, 
	0x0000, 0x0000, 0xFFFF, 0xFFFF, 0xFFFF, 0x0000, 0xFFFF, 0xFFFF, 0x0000, 
	0xFFFF, 0x0000, 0x0000, 0x0000, 0xFFFF, 0xFFFF, 0x0000, 0xFFFF, 0xFFFF, 
	0x0000, 0x0000, 0x0000, 0x0000, 0x0000, 0xFFFF, 0xC633, 0xC6BB, 0xC826, 
	0xCA32, 0xCC9D, 0xCF24, 0xD18F, 0xD3D4, 0xD5F2, 0xD7E7, 0xD9B4, 0xDB58, 
	0xDCD3, 0xDE22, 0xDF47, 0xE041, 0xE10F, 0xE1AF, 0xE223, 0xE269, 0xE280, 
	

},{ 
	0x0001, 0x0000, 0x0013, 0x0001, 0x0001, 0x0014, 0x0001, 0x0015, 0x0001, 
	0x0016, 0x0001, 0x0017, 0x0001, 0x0018, 0x0001, 0x0019, 0x0001, 0x001A, 
	0x000B, 0x001B, 0x000B, 0x0026, 0x0015, 0x0031, 0x0012, 0x0046, 0x0014, 
	0x0058, 0x0015, 0x006C, 0x0001, 0x0081, 0x0001, 0x0082, 0x0001, 0x0083, 
	0x0010, 0x0084, 0x0010, 0x0094, 0x0010, 0x00A4, 0x000B, 0x00B4, 0x0001, 
	0x00BF, 0x0015, 0x00C0, 0x0015, 0x00D5, 0x0015, 0x00EA, 0x0015, 0x00FF, 
	0x0001, 0x0114, 0x0001, 0x0115, 0x0001, 0x0116, 0x000B, 0x0117, 0x000B, 
	0x0122, 0x000B, 0x012D, 0x0015, 0x0138, 0x000F, 0x014D, 0x000B, 0x015C, 
	0x0001, 0x0167, 0x0001, 0x0168, 0x0001, 0x0169, 0x0015, 0x016A, 0x0001, 
	0x017F, 0x0001, 0x0180, 0x0008, 0x0181, 0x0014, 0x0189, 0x0015, 0x019D, 
	0x0011, 0x01B2, 0x0015, 0x01C3, 0x0015, 0x01D8, 0x0004, 0x01ED, 0x0012, 
	0x01F1, 0x0015, 0x0203, 0x0001, 0x0218, 0x0001, 0x0219, 0x0001, 0x021A, 
	0x0013, 0x021B, 0x0014, 0x022E, 0x0015, 0x0242, 0x0015, 0x0257, 0x0012, 
	0x026C, 0x0014, 0x027E, 0x0014, 0x0292, 0x0015, 0x02A6, 0x0015, 0x02BB, 
	

});
smlua_anim_util_register_animation('JWAR_HOLD_FALL',1, 0, 0, 0, 1, { 
	0x0000, 0x00DB, 0x0000, 0x0000, 0x3FFF, 0x0000, 0x0000, 0xFFFF, 0x4000, 
	0xFFFF, 0xFFFF, 0x01D7, 0x007C, 0x0016, 0xFF9C, 0xFFFE, 0x0001, 0xC170, 
	0x31A6, 0xAEE0, 0xCC20, 0x0000, 0x0000, 0xD274, 0xAD33, 0xDA9E, 0x063A, 
	0xFFFE, 0x0001, 0xC170, 0xFD73, 0x2B37, 0x6A96, 0x0000, 0xFFFF, 0xCC30, 
	0x2EDF, 0x1BBF, 0x1CF0, 0x0000, 0x0E39, 0xBFFF, 0x00D0, 0xFFF3, 0xA72B, 
	0xFFFF, 0x0000, 0x32AA, 0xFFFF, 0xFFFF, 0xD6A6, 0x0000, 0xF1C6, 0xBFFF, 
	0xFFB7, 0xFEA2, 0xC589, 0x0000, 0xFFFF, 0x1120, 0xFFFF, 0xFFFF, 0xE280, 
	

},{ 
	0x0001, 0x0000, 0x0001, 0x0001, 0x0001, 0x0002, 0x0001, 0x0003, 0x0001, 
	0x0004, 0x0001, 0x0005, 0x0001, 0x0006, 0x0001, 0x0007, 0x0001, 0x0008, 
	0x0001, 0x0009, 0x0001, 0x000A, 0x0001, 0x000B, 0x0001, 0x000C, 0x0001, 
	0x000D, 0x0001, 0x000E, 0x0001, 0x000F, 0x0001, 0x0010, 0x0001, 0x0011, 
	0x0001, 0x0012, 0x0001, 0x0013, 0x0001, 0x0014, 0x0001, 0x0015, 0x0001, 
	0x0016, 0x0001, 0x0017, 0x0001, 0x0018, 0x0001, 0x0019, 0x0001, 0x001A, 
	0x0001, 0x001B, 0x0001, 0x001C, 0x0001, 0x001D, 0x0001, 0x001E, 0x0001, 
	0x001F, 0x0001, 0x0020, 0x0001, 0x0021, 0x0001, 0x0022, 0x0001, 0x0023, 
	0x0001, 0x0024, 0x0001, 0x0025, 0x0001, 0x0026, 0x0001, 0x0027, 0x0001, 
	0x0028, 0x0001, 0x0029, 0x0001, 0x002A, 0x0001, 0x002B, 0x0001, 0x002C, 
	0x0001, 0x002D, 0x0001, 0x002E, 0x0001, 0x002F, 0x0001, 0x0030, 0x0001, 
	0x0031, 0x0001, 0x0032, 0x0001, 0x0033, 0x0001, 0x0034, 0x0001, 0x0035, 
	0x0001, 0x0036, 0x0001, 0x0037, 0x0001, 0x0038, 0x0001, 0x0039, 0x0001, 
	0x003A, 0x0001, 0x003B, 0x0001, 0x003C, 0x0001, 0x003D, 0x0001, 0x003E, 
	

});
smlua_anim_util_register_animation('JWAR_HOLD_LAND',1, 0, 0, 0, 18, { 
	0x0000, 0x009A, 0x0091, 0x0086, 0x007E, 0x007D, 0x0081, 0x0088, 0x008F, 
	0x0093, 0x0097, 0x009A, 0x009D, 0x009D, 0x009D, 0x009D, 0x009C, 0x009B, 
	0x009B, 0x009A, 0xFFF4, 0xFFF2, 0xFFF0, 0xFFF0, 0xFFF1, 0xFFF4, 0xFFF6, 
	0xFFF9, 0xFFFC, 0xFFFF, 0x0000, 0x0001, 0x0003, 0x0004, 0x0005, 0x0006, 
	0x0006, 0x0007, 0x0000, 0x3FFF, 0x0000, 0xFFFF, 0xFFFF, 0x3CB2, 0x3D0E, 
	0x3D4E, 0x3D6D, 0x3D55, 0x3CFC, 0x3C73, 0x3BC9, 0x3B0E, 0x3A51, 0x39A3, 
	0x3913, 0x38B1, 0x388D, 0x0000, 0x0000, 0xFFFF, 0x0000, 0x0000, 0x0000, 
	0x0000, 0x0000, 0x0000, 0x0000, 0x0000, 0x0000, 0x0000, 0xFFFF, 0x0000, 
	0xFFFF, 0xFFFF, 0xFFFF, 0x0000, 0x0000, 0xFFFF, 0xFFFF, 0x0000, 0x0000, 
	0x0000, 0x0000, 0x0000, 0xFFFF, 0xFFFF, 0x0000, 0xFFFF, 0x171C, 0x1D70, 
	0x246B, 0x25D8, 0x2154, 0x1B08, 0x138D, 0x0B7D, 0x0373, 0xFC08, 0xF5D8, 
	0xF17B, 0xEF4D, 0xEEE5, 0xEFBF, 0xF152, 0xF319, 0xF48C, 0xF526, 0x0000, 
	0xFFFF, 0xFFFF, 0xFFFF, 0xFFFF, 0x0000, 0x0000, 0x0000, 0xFFFF, 0xFFFF, 
	0xFFFF, 0x0000, 0xFFFF, 0xFFFF, 0xFFFF, 0xFFFF, 0x0000, 0xFFFF, 0x0000, 
	0x0000, 0xFFFF, 0xFFFF, 0x0000, 0x0000, 0xFFFF, 0x0000, 0x0000, 0x0000, 
	0x0000, 0xFFFF, 0xFFFF, 0x0000, 0x0000, 0x0000, 0xFFFF, 0xF3A9, 0xEF3A, 
	0xEAF8, 0xEB44, 0xF262, 0xFD42, 0x084B, 0x0FE3, 0x129C, 0x128B, 0x1154, 
	0x109A, 0x10A6, 0x10AB, 0x10AA, 0x10A6, 0x10A1, 0x109C, 0x109A, 0x0001, 
	0xFFFE, 0xC170, 0xC152, 0xC134, 0xC170, 0xC203, 0xC2AE, 0xC36B, 0xC435, 
	0xC508, 0xC5DE, 0xC6B2, 0xC781, 0xC843, 0xC8F6, 0xC993, 0xCA15, 0xCA79, 
	0xCAB8, 0xCACF, 0xB209, 0xAFCA, 0x29B2, 0x20B6, 0x15CE, 0x09EF, 0xFE0F, 
	0xF327, 0xEA2B, 0xE412, 0xE1D4, 0xE24A, 0xE382, 0xE53C, 0xE736, 0xE930, 
	0xEAE9, 0xEC21, 0xEC98, 0xA53E, 0xA540, 0xDAB7, 0xDAAD, 0xDAA1, 0xDA93, 
	0xDA86, 0xDA7A, 0xDA70, 0xDA69, 0xDA66, 0xDA6F, 0xDA88, 0xDAAA, 0xDAD2, 
	0xDAF9, 0xDB1B, 0xDB34, 0xDB3D, 0x0A18, 0x0D6F, 0x968A, 0xA40A, 0xB492, 
	0xC6C1, 0xD939, 0xEA9C, 0xF98B, 0x04A8, 0x0A92, 0x0D16, 0x0EFB, 0x1056, 
	0x113F, 0x11CC, 0x1214, 0x122F, 0x1233, 0x0000, 0x0000, 0x0000, 0x0000, 
	0x0000, 0x0000, 0x0000, 0x0000, 0x0000, 0x0000, 0x0000, 0x0000, 0x0000, 
	0x0000, 0x0000, 0x0000, 0x0000, 0x0000, 0xFFFF, 0x0000, 0x0000, 0x0000, 
	0xFFFF, 0x0000, 0x0000, 0x0000, 0x0000, 0xFFFF, 0x0000, 0x0000, 0x0000, 
	0x0000, 0xFFFF, 0x0000, 0x0000, 0x0000, 0xFFFF, 0x0000, 0xCDCB, 0xCDF9, 
	0xCE78, 0xCF33, 0xD015, 0xD10C, 0xD202, 0xD2E5, 0xD39F, 0xD41E, 0xD44D, 
	0xD397, 0xD1B9, 0xCF14, 0xCC0C, 0xC904, 0xC660, 0xC481, 0xC3CB, 0xE295, 
	0xF9B5, 0xE2A6, 0x0001, 0xFFFE, 0xC9FE, 0xFD72, 0xFD71, 0xFD6F, 0xFD6E, 
	0xFD6F, 0xFD70, 0xFD71, 0xFD73, 0xFD74, 0xFD76, 0x2B3A, 0x2B3B, 0x2B3B, 
	0x2B3B, 0x2B3B, 0x2B3A, 0x2B3A, 0x2B38, 0x2B37, 0x2B36, 0x2B35, 0x2B35, 
	0x2B34, 0x2B34, 0x2B34, 0x2B35, 0x521D, 0x4DAE, 0x4571, 0x4102, 0x4333, 
	0x4907, 0x515E, 0x5B1C, 0x6520, 0x6E4D, 0x7584, 0x79F6, 0x7C14, 0x7C9E, 
	0x7BE1, 0x7A1E, 0x7804, 0x7641, 0x7584, 0xFFFF, 0x0000, 0xFFFF, 0x0000, 
	0xFFFF, 0xFFFF, 0x0000, 0x0000, 0xFFFF, 0x0000, 0x0000, 0x0000, 0xFFFF, 
	0xFFFF, 0xFFFF, 0xFFFF, 0x0000, 0x0000, 0xFFFF, 0xCC30, 0x2EDF, 0x1BBF, 
	0x1CF0, 0xFFFF, 0x0000, 0x0000, 0x0000, 0xFFFF, 0xFFFF, 0x0000, 0xFFFF, 
	0x0000, 0x0000, 0x0000, 0xFFFF, 0x0000, 0x0000, 0x0000, 0x0000, 0x0000, 
	0x0000, 0xFFFF, 0x0000, 0x0000, 0xFFFF, 0xFFFF, 0x0000, 0xFFFF, 0x0000, 
	0xFFFF, 0xBF5E, 0xDF32, 0xE172, 0xE335, 0xE47B, 0xE48F, 0xE370, 0xE12B, 
	0xDE8B, 0xDC5D, 0xDA9D, 0xD90E, 0xD826, 0xD7D7, 0xD7B9, 0xD7BD, 0xD7D7, 
	0xD7FA, 0xD819, 0xD826, 0xE402, 0xDED5, 0xDBE1, 0xD9B2, 0xD8D0, 0xD9A8, 
	0xDC44, 0xDF81, 0xE237, 0xE45E, 0xE650, 0xE771, 0xE7D3, 0xE7F9, 0xE7F4, 
	0xE7D3, 0xE7A8, 0xE782, 0xE771, 0xA8BC, 0xA51B, 0xA262, 0xA0B7, 0xA166, 
	0xA424, 0xA8A5, 0xADA4, 0xB1D3, 0xB563, 0xB8AA, 0xBA93, 0xBB37, 0xBB77, 
	0xBB6E, 0xBB37, 0xBAEE, 0xBAAF, 0xBA93, 0xFFFF, 0xFFFF, 0xFFFF, 0x0000, 
	0xFFFF, 0x0000, 0x0000, 0x0000, 0xFFFF, 0xFFFF, 0xFFFF, 0x0000, 0xFFFF, 
	0x0000, 0xFFFF, 0x0000, 0xFFFF, 0x0000, 0xFFFF, 0x0000, 0xFFFF, 0x0000, 
	0x0000, 0xFFFF, 0xFFFF, 0x0000, 0x0000, 0x0000, 0xFFFF, 0x0000, 0xFFFF, 
	0xFFFF, 0xFFFF, 0xFFFF, 0xFFFF, 0x0000, 0xFFFF, 0x38B5, 0x3FF8, 0x43B9, 
	0x4637, 0x4690, 0x44FD, 0x41FA, 0x3E79, 0x3BB2, 0x39D2, 0x385C, 0x378C, 
	0x373F, 0x3720, 0x3725, 0x373F, 0x3761, 0x377F, 0x378C, 0x048A, 0x034B, 
	0x0259, 0x019F, 0x017E, 0x012A, 0xFF86, 0xFFA3, 0xFFE0, 0xFF92, 0xFF1E, 
	0xFED3, 0xFEBF, 0xFEB8, 0xFEB9, 0xFEBF, 0xFEC8, 0xFED0, 0xFED3, 0x0038, 
	0x001A, 0x001F, 0x0021, 0x0007, 0xFFE3, 0xFFD0, 0xFFC4, 0xFFBA, 0xFFB1, 
	0xFFA7, 0xFFA1, 0xFF9F, 0xFF9F, 0xFF9F, 0xFF9F, 0xFFA0, 0xFFA1, 0xBDCB, 
	0xBB44, 0xB919, 0xB782, 0xB75E, 0xB78C, 0xB6E0, 0xB602, 0xB528, 0xB459, 
	0xB387, 0xB309, 0xB2E2, 0xB2D2, 0xB2D5, 0xB2E2, 0xB2F3, 0xB303, 0xB309, 
	0xFFFF, 0x0000, 0x0000, 0x0000, 0xFFFF, 0xFFFF, 0x0000, 0xFFFF, 0x0000, 
	0x0000, 0x0000, 0xFFFF, 0x0000, 0x0000, 0x0000, 0x0000, 0x0000, 0x0000, 
	0xFFFF, 0x0000, 0x0000, 0xFFFF, 0xFFFF, 0x0000, 0xFFFF, 0x0000, 0xFFFF, 
	0xBF5E, 0x1433, 0x10F2, 0x1057, 0x1043, 0x109A, 0x1154, 0x1259, 0x137E, 
	0x1498, 0x15CC, 0x1706, 0x17C1, 0x17FD, 0x1814, 0x1810, 0x17FD, 0x17E2, 
	0x17CB, 0x17C1, 0x16E1, 0x1A1E, 0x1B01, 0x1B6B, 0x1B59, 0x1AC6, 0x19DA, 
	0x18CF, 0x17E2, 0x1709, 0x1641, 0x15CC, 0x15A5, 0x1596, 0x1598, 0x15A5, 
	0x15B7, 0x15C6, 0x15CC, 0xA18A, 0x9A38, 0x98D3, 0x989E, 0x99AD, 0x9C08, 
	0x9F4B, 0xA2E0, 0xA630, 0xA97F, 0xACAD, 0xAE8D, 0xAF29, 0xAF66, 0xAF5D, 
	0xAF29, 0xAEE4, 0xAEA7, 0xAE8D, 0xFFFF, 0x0000, 0xFFFF, 0xFFFF, 0xFFFF, 
	0xFFFF, 0xFFFF, 0xFFFF, 0x0000, 0x0000, 0x0000, 0x0000, 0x0000, 0xFFFF, 
	0xFFFF, 0xFFFF, 0xFFFF, 0x0000, 0xFFFF, 0x0000, 0x0000, 0x0000, 0xFFFF, 
	0x0000, 0xFFFF, 0xFFFF, 0xFFFF, 0xFFFF, 0x0000, 0xFFFF, 0xFFFF, 0xFFFF, 
	0x0000, 0x0000, 0xFFFF, 0x0000, 0xFFFF, 0x3796, 0x3BDF, 0x4135, 0x4688, 
	0x4891, 0x45FC, 0x40EC, 0x3B44, 0x36EA, 0x34A3, 0x338D, 0x3311, 0x32C9, 
	0x32AD, 0x32B1, 0x32C9, 0x32E9, 0x3305, 0x3311, 0xFE2B, 0xFD6A, 0xFDC2, 
	0xFE4C, 0xFEB6, 0xFEE2, 0xFEF7, 0xFF07, 0xFF23, 0xFF4F, 0xFF88, 0xFFD2, 
	0x003E, 0x00C0, 0x0133, 0x0173, 0x0143, 0x00CE, 0x008C, 0xFDFA, 0xFE27, 
	0xFDFB, 0xFDC0, 0xFDA0, 0xFDA9, 0xFDC5, 0xFDE9, 0xFE09, 0xFE22, 0xFE3B, 
	0xFE55, 0xFE62, 0xFE64, 0xFE7C, 0xFEC9, 0xFFAA, 0x00D7, 0x016D, 0xC0E5, 
	0xC405, 0xBEB4, 0xB7FB, 0xB407, 0xB45B, 0xB6B8, 0xB9AF, 0xBBD2, 0xBCA3, 
	0xBCD4, 0xBCBD, 0xBC70, 0xBBEA, 0xBB5F, 0xBB08, 0xBB19, 0xBB65, 0xBB93, 
	

},{ 
	0x0001, 0x0000, 0x0013, 0x0001, 0x0012, 0x0014, 0x0001, 0x0026, 0x0001, 
	0x0027, 0x0001, 0x0028, 0x0001, 0x0029, 0x0001, 0x002A, 0x000E, 0x002B, 
	0x000E, 0x0039, 0x0011, 0x0047, 0x0013, 0x0058, 0x0011, 0x006B, 0x0012, 
	0x007C, 0x0013, 0x008E, 0x0001, 0x00A1, 0x0001, 0x00A2, 0x0013, 0x00A3, 
	0x0013, 0x00B6, 0x0013, 0x00C9, 0x0013, 0x00DC, 0x0013, 0x00EF, 0x0013, 
	0x0102, 0x0013, 0x0115, 0x0001, 0x0128, 0x0001, 0x0129, 0x0001, 0x012A, 
	0x0001, 0x012B, 0x0001, 0x012C, 0x0001, 0x012D, 0x000A, 0x012E, 0x0010, 
	0x0138, 0x0013, 0x0148, 0x0007, 0x015B, 0x000C, 0x0162, 0x0001, 0x016E, 
	0x0001, 0x016F, 0x0001, 0x0170, 0x0001, 0x0171, 0x000D, 0x0172, 0x000E, 
	0x017F, 0x0001, 0x018D, 0x0013, 0x018E, 0x0013, 0x01A1, 0x0013, 0x01B4, 
	0x0013, 0x01C7, 0x0012, 0x01DA, 0x0013, 0x01EC, 0x0013, 0x01FF, 0x0012, 
	0x0212, 0x0013, 0x0224, 0x000D, 0x0237, 0x000E, 0x0244, 0x0001, 0x0252, 
	0x0013, 0x0253, 0x0013, 0x0266, 0x0013, 0x0279, 0x0012, 0x028C, 0x0013, 
	0x029E, 0x0013, 0x02B1, 0x0013, 0x02C4, 0x0013, 0x02D7, 0x0013, 0x02EA, 
	

});
smlua_anim_util_register_animation('JWAR_HOLD_FALL_FROM_SLIDE',1, 0, 0, 0, 14, { 
	0x0000, 0x0036, 0x0038, 0x003F, 0x0049, 0x0057, 0x0066, 0x0077, 0x0088, 
	0x009A, 0x00AB, 0x00BA, 0x00C7, 0x00D2, 0x00D8, 0x00DB, 0x0000, 0x0000, 
	0x3FFF, 0x0000, 0x0000, 0x0000, 0x0000, 0x0000, 0x0000, 0x0000, 0xFFFF, 
	0xFFFF, 0xFFFF, 0xFFFF, 0xFFFF, 0xFFFF, 0xFFFF, 0xFFFF, 0x0000, 0xFFFF, 
	0x1E68, 0x1EE5, 0x2044, 0x225F, 0x2511, 0x2833, 0x2BA1, 0x2F34, 0x32C7, 
	0x3634, 0x3957, 0x3C08, 0x3E23, 0x3F82, 0x4000, 0xFFFF, 0xFFFF, 0xFFFF, 
	0xFFFF, 0xFFFF, 0xFFFF, 0x0000, 0xFFFF, 0x0000, 0x0000, 0xFFFF, 0x0000, 
	0xFFFF, 0xFCBD, 0xFCC9, 0xFCEB, 0xFD1F, 0xFD62, 0xFDB0, 0xFE05, 0xFE5E, 
	0xFEB7, 0xFF0C, 0xFF5A, 0xFF9D, 0xFFD1, 0xFFF3, 0x0000, 0x13EC, 0x13A8, 
	0x12EC, 0x11C9, 0x1056, 0x0EA6, 0x0CCE, 0x0AE2, 0x08F5, 0x071D, 0x056D, 
	0x03FA, 0x02D8, 0x021B, 0x01D7, 0xFE8D, 0xFE94, 0xFEA8, 0xFEC7, 0xFEEF, 
	0xFF1D, 0xFF4F, 0xFF84, 0xFFB9, 0xFFEB, 0x001A, 0x0042, 0x0061, 0x0075, 
	0x007C, 0x02EB, 0x02E0, 0x02C3, 0x0295, 0x025B, 0x0218, 0x01CE, 0x0181, 
	0x0133, 0x00E9, 0x00A6, 0x006C, 0x003E, 0x0021, 0x0016, 0x054A, 0x0535, 
	0x04F9, 0x049E, 0x042A, 0x03A2, 0x030E, 0x0273, 0x01D9, 0x0144, 0x00BD, 
	0x0048, 0xFFEC, 0xFFB1, 0xFF9C, 0x0001, 0xFFFE, 0xC170, 0x25D0, 0x27DA, 
	0x2D8F, 0xB652, 0xC188, 0xCE94, 0xDCD9, 0xEBBA, 0xFA9C, 0x08E2, 0x15ED, 
	0x2124, 0x29E7, 0x2F9D, 0x31A6, 0xF0A5, 0xF032, 0xEEEF, 0x92FF, 0x9578, 
	0x9859, 0x9B80, 0x9EC9, 0xA212, 0xA538, 0xA819, 0xAA93, 0xAC82, 0xADC5, 
	0xAE38, 0x8290, 0x81C5, 0x7F8D, 0xFC22, 0xF7C5, 0xF2B1, 0xED23, 0xE758, 
	0xE18D, 0xDBFF, 0xD6EB, 0xD28D, 0xCF24, 0xCCEB, 0xCC20, 0xFFFF, 0xFFFF, 
	0xFFFF, 0xFFFF, 0x0000, 0xFFFF, 0x0000, 0x0000, 0x0000, 0xFFFF, 0x0000, 
	0x0000, 0x0000, 0xFFFF, 0x0000, 0x0000, 0x0000, 0x0000, 0x0000, 0xFFFF, 
	0x0000, 0xFFFF, 0xFFFF, 0xFFFF, 0x0000, 0xFFFF, 0x0000, 0xFFFF, 0xFFFF, 
	0x0000, 0xE9FF, 0xE9A5, 0xE8A8, 0xE723, 0xE532, 0xE2EF, 0xE077, 0xDDE3, 
	0xDB4F, 0xD8D6, 0xD694, 0xD4A2, 0xD31E, 0xD221, 0xD1C6, 0xDFBF, 0xDF02, 
	0xDCF2, 0xD9C7, 0xD5BA, 0xD102, 0xCBDA, 0xC679, 0xC118, 0xBBF0, 0xB738, 
	0xB32B, 0xB000, 0xADEF, 0xAD33, 0xF9D6, 0xF963, 0xF821, 0xF632, 0xF3BA, 
	0xF0DA, 0xEDB5, 0xEA6D, 0xE726, 0xE401, 0xE121, 0xDEA8, 0xDCBA, 0xDB78, 
	0xDB05, 0xF87A, 0xF8AB, 0xF935, 0xFA09, 0xFB18, 0xFC54, 0xFDAD, 0xFF15, 
	0x007D, 0x01D7, 0x0312, 0x0421, 0x04F5, 0x057F, 0x05B0, 0x0001, 0xFFFE, 
	0xC170, 0x43DB, 0x42D4, 0x3FF4, 0x3B8B, 0x35E6, 0x2F54, 0x2825, 0x20A8, 
	0x192A, 0x11FB, 0x0B69, 0x05C4, 0x015B, 0xFE7A, 0xFD73, 0x6A91, 0x69A4, 
	0x670E, 0x6316, 0x5E01, 0x5818, 0x51A1, 0x4AE4, 0x4426, 0x3DAF, 0x37C6, 
	0x32B2, 0x2EB9, 0x2C23, 0x2B37, 0xFD16, 0xFAF4, 0xF4FA, 0xEBCC, 0xE00F, 
	0xD266, 0xC375, 0xB3E0, 0xA44B, 0x955A, 0x87B1, 0x7BF4, 0x72C7, 0x6CCD, 
	0x6AAA, 0xFFFF, 0x0000, 0x0000, 0xFFFF, 0xFFFF, 0x0000, 0xFFFF, 0xFFFF, 
	0x0000, 0xFFFF, 0x0000, 0xFFFF, 0x0000, 0x0000, 0xFFFF, 0xFFFF, 0x0000, 
	0xFFFF, 0xFFFF, 0xFFFF, 0xFFFF, 0x0000, 0x0000, 0x0000, 0xFFFF, 0xFFFF, 
	0x0000, 0x0000, 0x0000, 0xFFFF, 0xEB38, 0xEAC4, 0xE980, 0xE78E, 0xE511, 
	0xE22C, 0xDF01, 0xDBB4, 0xD867, 0xD53C, 0xD257, 0xCFDA, 0xCDE8, 0xCCA4, 
	0xCC30, 0x3E9F, 0x3E64, 0x3DBF, 0x3CC3, 0x3B7F, 0x3A07, 0x386C, 0x36BF, 
	0x3512, 0x3376, 0x31FE, 0x30BB, 0x2FBE, 0x2F19, 0x2EDF, 0x0F58, 0x0F86, 
	0x1008, 0x10CF, 0x11CD, 0x12F6, 0x143A, 0x158C, 0x16DD, 0x1821, 0x194A, 
	0x1A48, 0x1B0F, 0x1B91, 0x1BBF, 0x057C, 0x05D3, 0x06C9, 0x0841, 0x0A22, 
	0x0C52, 0x0EB7, 0x1136, 0x13B5, 0x1619, 0x1849, 0x1A2B, 0x1BA3, 0x1C98, 
	0x1CF0, 0x0000, 0x0000, 0x0000, 0x0000, 0x0000, 0x0000, 0xFFFF, 0xFFFF, 
	0x0000, 0x0000, 0xFFFF, 0xFFFF, 0xFFFF, 0xFFFF, 0x0000, 0xFFFF, 0x0035, 
	0x00CA, 0x01AE, 0x02D2, 0x0425, 0x0599, 0x071C, 0x08A0, 0x0A13, 0x0B67, 
	0x0C8B, 0x0D6F, 0x0E04, 0x0E39, 0xBF5E, 0xBF61, 0xBF67, 0xBF71, 0xBF7E, 
	0xBF8D, 0xBF9E, 0xBFAF, 0xBFC0, 0xBFD0, 0xBFDF, 0xBFEC, 0xBFF6, 0xBFFD, 
	0xBFFF, 0xFAB1, 0xFAC7, 0xFB06, 0xFB67, 0xFBE2, 0xFC72, 0xFD0F, 0xFDB3, 
	0xFE57, 0xFEF4, 0xFF84, 0x0000, 0x0061, 0x00A0, 0x00B6, 0xF79C, 0xF7BB, 
	0xF813, 0xF89A, 0xF946, 0xFA0E, 0xFAE9, 0xFBCE, 0xFCB2, 0xFD8D, 0xFE55, 
	0xFF01, 0xFF88, 0xFFE0, 0x0000, 0x9D31, 0x9D57, 0x9DBF, 0x9E5F, 0x9F2C, 
	0xA01A, 0xA11E, 0xA22E, 0xA33E, 0xA442, 0xA531, 0xA5FD, 0xA69E, 0xA706, 
	0xA72B, 0x0000, 0x0000, 0x0000, 0x0000, 0x0000, 0x0000, 0xFFFF, 0xFFFF, 
	0xFFFF, 0x0000, 0xFFFF, 0x0000, 0xFFFF, 0x0000, 0x0000, 0x0000, 0xFFFF, 
	0xFFFF, 0xFFFF, 0xFFFF, 0x0000, 0x0000, 0xFFFF, 0xFFFF, 0x0000, 0x0000, 
	0x0000, 0xFFFF, 0x09C7, 0x0A60, 0x0C0B, 0x0E9B, 0x11E2, 0x15B3, 0x19DF, 
	0x1E39, 0x2293, 0x26BF, 0x2A8F, 0x2DD6, 0x3067, 0x3212, 0x32AA, 0x00D0, 
	0x00CD, 0x00C4, 0x00B7, 0x00A7, 0x0093, 0x007E, 0x0068, 0x0052, 0x003D, 
	0x0029, 0x0019, 0x000C, 0x0003, 0xFFFF, 0xFF37, 0xFF3A, 0xFF42, 0xFF4F, 
	0xFF5F, 0xFF71, 0xFF86, 0xFF9B, 0xFFB0, 0xFFC5, 0xFFD7, 0xFFE7, 0xFFF4, 
	0xFFFC, 0x0000, 0xC1A9, 0xC1F8, 0xC2D3, 0xC424, 0xC5D2, 0xC7C8, 0xC9EC, 
	0xCC28, 0xCE64, 0xD088, 0xD27D, 0xD42C, 0xD57D, 0xD658, 0xD6A6, 0x0000, 
	0xFFFF, 0x0000, 0xFFFF, 0xFFFF, 0x0000, 0xFFFF, 0x0000, 0xFFFF, 0xFFFF, 
	0xFFFF, 0xFFFF, 0xFFFF, 0xFFFF, 0x0000, 0xFFFF, 0xFFCA, 0xFF35, 0xFE51, 
	0xFD2D, 0xFBDA, 0xFA66, 0xF8E3, 0xF75F, 0xF5EC, 0xF498, 0xF374, 0xF290, 
	0xF1FB, 0xF1C6, 0xBF5E, 0xBF61, 0xBF67, 0xBF71, 0xBF7E, 0xBF8D, 0xBF9E, 
	0xBFAF, 0xBFC0, 0xBFD0, 0xBFDF, 0xBFEC, 0xBFF6, 0xBFFD, 0xBFFF, 0xFFC2, 
	0xFFC2, 0xFFC1, 0xFFC1, 0xFFC0, 0xFFBF, 0xFFBE, 0xFFBD, 0xFFBB, 0xFFBA, 
	0xFFB9, 0xFFB9, 0xFFB8, 0xFFB7, 0x0BBA, 0x0B89, 0x0B00, 0x0A2E, 0x0922, 
	0x07E9, 0x0693, 0x052E, 0x03CA, 0x0274, 0x013B, 0x002E, 0xFF5B, 0xFED3, 
	0xFEA2, 0x9C0C, 0x9CA7, 0x9E59, 0xA0F2, 0xA446, 0xA825, 0xAC60, 0xB0CB, 
	0xB535, 0xB971, 0xBD4F, 0xC0A3, 0xC33D, 0xC4EE, 0xC589, 0x0000, 0x0000, 
	0xFFFF, 0x0000, 0xFFFF, 0xFFFF, 0x0000, 0xFFFF, 0xFFFF, 0xFFFF, 0xFFFF, 
	0xFFFF, 0xFFFF, 0xFFFF, 0x0000, 0x0000, 0x0000, 0xFFFF, 0x0000, 0x0000, 
	0xFFFF, 0xFFFF, 0x0000, 0xFFFF, 0x0000, 0x0000, 0x0000, 0xFFFF, 0x0000, 
	0xFFFF, 0x0640, 0x0669, 0x06DA, 0x0789, 0x0868, 0x096C, 0x0A88, 0x0BB0, 
	0x0CD8, 0x0DF4, 0x0EF8, 0x0FD7, 0x1085, 0x10F7, 0x1120, 0xFFA0, 0xFFA1, 
	0xFFA5, 0xFFAB, 0xFFB3, 0xFFBC, 0xFFC5, 0xFFD0, 0xFFDA, 0xFFE3, 0xFFEC, 
	0xFFF4, 0xFFFA, 0xFFFE, 0x0000, 0x0254, 0x024B, 0x0233, 0x020E, 0x01DE, 
	0x01A6, 0x0169, 0x012A, 0x00EB, 0x00AE, 0x0076, 0x0046, 0x0021, 0x0009, 
	0xFFFF, 0xC292, 0xC309, 0xC457, 0xC657, 0xC8E7, 0xCBE1, 0xCF23, 0xD289, 
	0xD5EF, 0xD931, 0xDC2C, 0xDEBB, 0xE0BB, 0xE209, 0xE280, 

},{ 
	0x0001, 0x0000, 0x000F, 0x0001, 0x0001, 0x0010, 0x0001, 0x0011, 0x0001, 
	0x0012, 0x0001, 0x0013, 0x000F, 0x0014, 0x0001, 0x0023, 0x000F, 0x0024, 
	0x000D, 0x0033, 0x000F, 0x0040, 0x000F, 0x004F, 0x000F, 0x005E, 0x000F, 
	0x006D, 0x000F, 0x007C, 0x0001, 0x008B, 0x0001, 0x008C, 0x0001, 0x008D, 
	0x000F, 0x008E, 0x000F, 0x009D, 0x000F, 0x00AC, 0x000F, 0x00BB, 0x000F, 
	0x00CA, 0x000F, 0x00D9, 0x000F, 0x00E8, 0x000F, 0x00F7, 0x000F, 0x0106, 
	0x0001, 0x0115, 0x0001, 0x0116, 0x0001, 0x0117, 0x000F, 0x0118, 0x000F, 
	0x0127, 0x000F, 0x0136, 0x000F, 0x0145, 0x000F, 0x0154, 0x000F, 0x0163, 
	0x000F, 0x0172, 0x000F, 0x0181, 0x000F, 0x0190, 0x000F, 0x019F, 0x000F, 
	0x01AE, 0x000F, 0x01BD, 0x000F, 0x01CC, 0x000F, 0x01DB, 0x000F, 0x01EA, 
	0x000E, 0x01F9, 0x000E, 0x0207, 0x000F, 0x0215, 0x000F, 0x0224, 0x000F, 
	0x0233, 0x000F, 0x0242, 0x000F, 0x0251, 0x000F, 0x0260, 0x000F, 0x026F, 
	0x000E, 0x027E, 0x000F, 0x028C, 0x000F, 0x029B, 0x000F, 0x02AA, 0x000F, 
	0x02B9, 0x000F, 0x02C8, 0x000F, 0x02D7, 0x000F, 0x02E6, 0x000F, 0x02F5, 
	

});
smlua_anim_util_register_animation('JWAR_HOLD_GETUP',1, 0, 0, 0, 13, { 
	0x0000, 0x0036, 0x0036, 0x0036, 0x003D, 0x004D, 0x005C, 0x0067, 0x0075, 
	0x008C, 0x009E, 0x00A1, 0x009D, 0x009A, 0x0000, 0x0000, 0x0000, 0x0000, 
	0x0001, 0x0001, 0x0002, 0x0003, 0x0004, 0x0005, 0x0006, 0x0006, 0x0007, 
	0x0000, 0x3FFF, 0x0000, 0x0000, 0x0000, 0x0000, 0x0000, 0x0000, 0xFFFF, 
	0xFFFF, 0x1E68, 0x1D8E, 0x1E68, 0x2226, 0x2672, 0x2B15, 0x2FDD, 0x3495, 
	0x3907, 0x3D00, 0x3BBD, 0x3A6B, 0x3921, 0x388D, 0xFFFF, 0xFFA8, 0xFF39, 
	0xFF1B, 0xFF15, 0xFF15, 0xFF1B, 0xFF33, 0xFF5D, 0xFF93, 0xFFC7, 0xFFF0, 
	0xFFFF, 0xFCBD, 0xFCB1, 0xFCD5, 0xFD5A, 0xFE05, 0xFEA6, 0xFF31, 0xFF8F, 
	0xFFBA, 0xFFDA, 0xFFF0, 0xFFFC, 0xFFFF, 0x13EC, 0x1831, 0x1DBB, 0x1F39, 
	0x1FAB, 0x20A4, 0x2596, 0x268C, 0x1D6F, 0x10B0, 0x038E, 0xF94B, 0xF526, 
	0xFE8D, 0xFE61, 0xFE44, 0xFE69, 0xFE9A, 0xFED1, 0xFF0C, 0xFF48, 0xFF81, 
	0xFFB3, 0xFFDB, 0xFFF6, 0xFFFF, 0x0000, 0x02EB, 0x02E6, 0x02C2, 0x027C, 
	0x0229, 0x01CE, 0x0170, 0x0113, 0x00BD, 0x0071, 0x0035, 0x000E, 0xFFFF, 
	0x054A, 0x0303, 0x0135, 0x0267, 0x0404, 0x05EB, 0x07FC, 0x0A15, 0x0C17, 
	0x0DDF, 0x0F4D, 0x1041, 0x109A, 0xFFFE, 0x0001, 0xC170, 0xC19F, 0xC221, 
	0xC2E6, 0xC3DE, 0xC4F6, 0xC61F, 0xC748, 0xC861, 0xC958, 0xCA1D, 0xCA9F, 
	0xCACF, 0x25D3, 0x282E, 0x2EBC, 0xB8B9, 0xC564, 0xD3F7, 0xE3AF, 0xF3C9, 
	0x0382, 0x1215, 0x1EC0, 0x28BD, 0x2F4C, 0x31A6, 0xF0A5, 0xF020, 0xEEAD, 
	0x9386, 0x9652, 0x9989, 0x9D02, 0xA090, 0xA408, 0xA740, 0xAA0C, 0xAC41, 
	0xADB3, 0xAE38, 0x828D, 0x81A3, 0x7F16, 0xFB31, 0xF643, 0xF097, 0xEA79, 
	0xE434, 0xDE16, 0xD869, 0xD37B, 0xCF97, 0xCD0A, 0xCC20, 0x0000, 0x0000, 
	0x0000, 0x0000, 0xFFFF, 0x0000, 0x0000, 0xFFFF, 0xFFFF, 0xFFFF, 0xFFFF, 
	0xFFFF, 0xFFFF, 0x0000, 0x0000, 0x0000, 0xFFFF, 0x0000, 0x0000, 0xFFFF, 
	0x0000, 0x0000, 0xFFFF, 0x0000, 0x0000, 0xFFFF, 0x0000, 0xE9FF, 0xE997, 
	0xE874, 0xE6B9, 0xE487, 0xE201, 0xDF48, 0xDC7E, 0xD9C5, 0xD73E, 0xD50D, 
	0xD351, 0xD22F, 0xD1C6, 0xDFBF, 0xDEE5, 0xDC87, 0xD8EA, 0xD456, 0xCF11, 
	0xC962, 0xC390, 0xBDE1, 0xB89C, 0xB408, 0xB06B, 0xAE0D, 0xAD33, 0xF9D6, 
	0xF951, 0xF7DF, 0xF5AC, 0xF2E1, 0xEFAB, 0xEC34, 0xE8A7, 0xE530, 0xE1FA, 
	0xDF2F, 0xDCFC, 0xDB8A, 0xDB05, 0xF87A, 0xF8B3, 0xF951, 0xFA43, 0xFB75, 
	0xFCD6, 0xFE52, 0xFFD7, 0x0155, 0x02B5, 0x03E7, 0x04D9, 0x0577, 0x05B0, 
	0xFFFE, 0x0001, 0xC170, 0xC19B, 0xC212, 0xC2C6, 0xC3A8, 0xC4A8, 0xC5B7, 
	0xC6C6, 0xC7C6, 0xC8A8, 0xC95C, 0xC9D3, 0xC9FE, 0x3BD6, 0x3AC9, 0x37DC, 
	0x3367, 0x2DC0, 0x2740, 0x203D, 0x190E, 0x120A, 0x0B8A, 0x05E3, 0x016E, 
	0xFE80, 0xFD73, 0x6A91, 0x697F, 0x6687, 0x6200, 0x5C43, 0x55A9, 0x4E89, 
	0x473E, 0x401F, 0x3984, 0x33C7, 0x2F40, 0x2C48, 0x2B37, 0xFD16, 0xFA9F, 
	0xF3C1, 0xE94B, 0xDC08, 0xCCC5, 0xBC4E, 0xAB72, 0x9AFC, 0x8BB9, 0x7E75, 
	0x73FF, 0x6D22, 0x6AAA, 0x0000, 0x0000, 0xFFFF, 0x0000, 0x0000, 0xFFFF, 
	0xFFFF, 0xFFFF, 0x0000, 0xFFFF, 0xFFFF, 0x0000, 0x0000, 0xFFFF, 0xFFFF, 
	0xFFFF, 0x0000, 0x0000, 0x0000, 0xFFFF, 0xFFFF, 0xFFFF, 0xFFFF, 0x0000, 
	0x0000, 0x0000, 0x0000, 0xFFFF, 0xEB38, 0xEAB2, 0xE93E, 0xE706, 0xE437, 
	0xE0FA, 0xDD7D, 0xD9EA, 0xD66D, 0xD331, 0xD062, 0xCE2A, 0xCCB6, 0xCC30, 
	0x3E9F, 0x3E5B, 0x3D9E, 0x3C7E, 0x3B10, 0x396C, 0x37A7, 0x35D7, 0x3411, 
	0x326D, 0x3100, 0x2FE0, 0x2F23, 0x2EDF, 0x0F58, 0x0F8D, 0x1022, 0x1105, 
	0x1225, 0x1370, 0x14D5, 0x1642, 0x17A7, 0x18F2, 0x1A12, 0x1AF5, 0x1B8A, 
	0x1BBF, 0x057C, 0x05E1, 0x06FB, 0x08A8, 0x0AC7, 0x0D39, 0x0FDC, 0x1290, 
	0x1533, 0x17A4, 0x19C4, 0x1B71, 0x1C8B, 0x1CF0, 0x0000, 0xFFF9, 0x0000, 
	0x0026, 0x005A, 0x0089, 0x00B5, 0x00C7, 0x0096, 0x0058, 0x002F, 0x000E, 
	0xFFFF, 0x0000, 0xFFFF, 0xFF48, 0xFFFF, 0x0411, 0x0968, 0x0E57, 0x12F3, 
	0x14D5, 0x0FBF, 0x0938, 0x04FA, 0x0176, 0xFFFF, 0xBF5E, 0xBF5A, 0xBF5E, 
	0xBF77, 0xBF98, 0xBFB6, 0xBFD3, 0xBFDE, 0xBFBF, 0xBF97, 0xBF7D, 0xBF67, 
	0xBF5E, 0xFAB1, 0xFCF0, 0xFFB2, 0x002F, 0x0003, 0xFFD6, 0x0162, 0xFFE2, 
	0xF439, 0xE79F, 0xE014, 0xDA65, 0xD826, 0xF79C, 0xFB84, 0x004B, 0x0114, 
	0x00B7, 0x0058, 0x0117, 0x005E, 0xFB03, 0xF4A2, 0xEEFF, 0xE9C1, 0xE771, 
	0x9D31, 0x8FC2, 0x8106, 0x82EA, 0x89E8, 0x902A, 0x91EE, 0x94BD, 0x9E23, 
	0xA84C, 0xB066, 0xB785, 0xBA93, 0x0000, 0x0000, 0x0000, 0xFFFF, 0xFFFF, 
	0x0000, 0xFFFF, 0x0000, 0x0000, 0x0000, 0xFFFF, 0x0000, 0xFFFF, 0x0000, 
	0xFFFF, 0xFFFF, 0x0000, 0xFFFF, 0xFFFF, 0x0000, 0x0000, 0xFFFF, 0xFFFF, 
	0x0000, 0x0000, 0xFFFF, 0x0000, 0x09C7, 0x204B, 0x3DED, 0x48E5, 0x4E99, 
	0x50E8, 0x4CD2, 0x4421, 0x3937, 0x3108, 0x319A, 0x354C, 0x378C, 0x00D0, 
	0x0069, 0x0095, 0x0259, 0x04AD, 0x068B, 0x05C5, 0x07E6, 0x0A48, 0x0AE7, 
	0x06F7, 0x018D, 0xFED3, 0xFF37, 0xFF1F, 0xFF08, 0xFF0F, 0xFF22, 0xFF3F, 
	0xFF94, 0xFFA4, 0x0067, 0x00EF, 0x0098, 0xFFF8, 0xFFA1, 0xC1A9, 0xC70A, 
	0xCC41, 0xC9B7, 0xC4AC, 0xC008, 0xBE5E, 0xBF90, 0xBC8E, 0xB929, 0xB676, 
	0xB411, 0xB309, 0x0000, 0xFFFF, 0x0000, 0xFFFF, 0x0000, 0xFFFF, 0x0000, 
	0xFFFF, 0xFFFF, 0x0000, 0xFFFF, 0x0000, 0xFFFF, 0x0000, 0xFFFF, 0xFFFF, 
	0xFFFF, 0x0000, 0x0000, 0xFFFF, 0x0000, 0x0000, 0xFFFF, 0x0000, 0xFFFF, 
	0x0000, 0xFFFF, 0xBF5E, 0xFFC2, 0xFF80, 0x00AA, 0x0495, 0x0991, 0x0E04, 
	0x10BF, 0x12E8, 0x15DD, 0x180E, 0x1868, 0x180C, 0x17C1, 0x0BBA, 0x0577, 
	0xFED9, 0x0043, 0x0437, 0x0821, 0x0B4E, 0x0E01, 0x0F54, 0x1065, 0x127D, 
	0x14BF, 0x15CC, 0x9C0C, 0x8E42, 0x7F98, 0x82B9, 0x8B66, 0x9350, 0x9741, 
	0x9AC2, 0xA054, 0xA597, 0xA9AC, 0xAD1B, 0xAE8D, 0x0000, 0x0000, 0xFFFF, 
	0x0000, 0x0000, 0x0000, 0xFFFF, 0x0000, 0xFFFF, 0xFFFF, 0xFFFF, 0xFFFF, 
	0xFFFF, 0x0000, 0x0000, 0xFFFF, 0xFFFF, 0x0000, 0xFFFF, 0x0000, 0x0000, 
	0xFFFF, 0x0000, 0xFFFF, 0xFFFF, 0xFFFF, 0x0000, 0xFFFF, 0x0640, 0x1F1C, 
	0x3F4A, 0x49A5, 0x4DD5, 0x4F7A, 0x4DCA, 0x4735, 0x39E2, 0x2EA6, 0x2E01, 
	0x3106, 0x3311, 0xFFA0, 0x00AB, 0x001B, 0xFB57, 0xF50A, 0xEF94, 0xEF22, 
	0xEFEF, 0xF504, 0xF9F4, 0xFD24, 0xFF94, 0x008C, 0x0254, 0x027C, 0x025B, 
	0x01BD, 0x00DD, 0xFF88, 0xFBD4, 0xF9EB, 0xFAFF, 0xFCAF, 0xFE95, 0x0088, 
	0x016D, 0xC292, 0xC6EE, 0xCB24, 0xC939, 0xC545, 0xC11E, 0xBC96, 0xBBDC, 
	0xBF74, 0xC21A, 0xC062, 0xBD41, 0xBB93, 

},{ 
	0x0001, 0x0000, 0x000D, 0x0001, 0x000D, 0x000E, 0x0001, 0x001B, 0x0001, 
	0x001C, 0x0001, 0x001D, 0x0006, 0x001E, 0x0001, 0x0024, 0x000E, 0x0025, 
	0x000D, 0x0033, 0x000D, 0x0040, 0x000D, 0x004D, 0x000E, 0x005A, 0x000D, 
	0x0068, 0x000D, 0x0075, 0x0001, 0x0082, 0x0001, 0x0083, 0x000D, 0x0084, 
	0x000E, 0x0091, 0x000E, 0x009F, 0x000E, 0x00AD, 0x000E, 0x00BB, 0x000D, 
	0x00C9, 0x000E, 0x00D6, 0x000E, 0x00E4, 0x000E, 0x00F2, 0x000E, 0x0100, 
	0x0001, 0x010E, 0x0001, 0x010F, 0x000D, 0x0110, 0x000E, 0x011D, 0x000E, 
	0x012B, 0x000E, 0x0139, 0x000E, 0x0147, 0x000E, 0x0155, 0x000E, 0x0163, 
	0x000E, 0x0171, 0x000E, 0x017F, 0x000E, 0x018D, 0x000E, 0x019B, 0x000D, 
	0x01A9, 0x000D, 0x01B6, 0x000D, 0x01C3, 0x000D, 0x01D0, 0x000D, 0x01DD, 
	0x000D, 0x01EA, 0x000E, 0x01F7, 0x000D, 0x0205, 0x000D, 0x0212, 0x000D, 
	0x021F, 0x000D, 0x022C, 0x000E, 0x0239, 0x000D, 0x0247, 0x0001, 0x0254, 
	0x000D, 0x0255, 0x000D, 0x0262, 0x000D, 0x026F, 0x000E, 0x027C, 0x000E, 
	0x028A, 0x000D, 0x0298, 0x000D, 0x02A5, 0x000D, 0x02B2, 0x000D, 0x02BF, 
	

});
smlua_anim_util_register_animation('JWAR_HOLD_GETUP2',1, 0, 0, 0, 36, { 
	0x0000, 0x0056, 0x0056, 0x0056, 0x0057, 0x0057, 0x0057, 0x0058, 0x0058, 
	0x0059, 0x0059, 0x005A, 0x005A, 0x005A, 0x0058, 0x0055, 0x005B, 0x008D, 
	0x00AA, 0x00B3, 0x00AF, 0x00A1, 0x007D, 0x0059, 0x0060, 0x0068, 0x0071, 
	0x007A, 0x0084, 0x008D, 0x0095, 0x009A, 0x009B, 0x009C, 0x009C, 0x009B, 
	0x009B, 0x009A, 0x0000, 0x0000, 0x0000, 0x0000, 0x0000, 0x0000, 0x0000, 
	0x0000, 0x0000, 0x0000, 0x0000, 0x0000, 0x0000, 0x0000, 0x0000, 0x0000, 
	0x0000, 0x0000, 0x0000, 0x0000, 0x0000, 0x0000, 0x0001, 0x0002, 0x0002, 
	0x0003, 0x0001, 0x0000, 0x0000, 0x0003, 0x0007, 0x0006, 0x0005, 0x0003, 
	0x0001, 0x0000, 0x0000, 0x3FFF, 0x0000, 0xFFFF, 0xFFFF, 0xFFFF, 0xFFFF, 
	0xFFFF, 0xFFFF, 0xFFFF, 0xFFFF, 0xFFFF, 0xFFFF, 0xFFFF, 0xFFFF, 0xFFFF, 
	0xFFFF, 0xFFFF, 0x0000, 0x0000, 0x0000, 0x0000, 0x0000, 0x0000, 0xFFFF, 
	0xFFFF, 0x0000, 0xFFFF, 0xFFFF, 0x7F62, 0x7F64, 0x7F51, 0x7F1D, 0x7EBB, 
	0x7E1F, 0x7D3C, 0x7C06, 0x7A70, 0x786E, 0x75F3, 0x711D, 0x693E, 0x6015, 
	0x5760, 0x50DF, 0x4C6F, 0x48AD, 0x457D, 0x42C0, 0x405A, 0x3E2C, 0x3C18, 
	0x405C, 0x3F8A, 0x3DE4, 0x3CD9, 0x3C18, 0x3B97, 0x3B0F, 0x3A87, 0x3A04, 
	0x398C, 0x3925, 0x38D4, 0x38A0, 0x388D, 0x0000, 0x0000, 0x0000, 0x0000, 
	0xFFFF, 0x0000, 0xFFFF, 0xFFFF, 0x0000, 0x0000, 0x0000, 0xFFFF, 0x0000, 
	0x0000, 0x0000, 0x0000, 0xFFFF, 0xFFFF, 0xFFFF, 0x0000, 0x0000, 0x0000, 
	0xFFFF, 0xFFFF, 0x0000, 0xFFFF, 0x0000, 0xFFFF, 0xFFFF, 0x0000, 0x0000, 
	0xFFFF, 0x0000, 0xFFFF, 0xFFFF, 0x0000, 0x0000, 0x0000, 0x0000, 0xFFFF, 
	0x0000, 0x0000, 0xFFFF, 0xFFFF, 0xFFFF, 0x0000, 0xFFFF, 0xFFFF, 0x0000, 
	0xFFFF, 0xFFFF, 0xFFFF, 0x0000, 0xFFFF, 0xFFFF, 0xFFFF, 0x0000, 0xFFFF, 
	0xFFFF, 0x0000, 0x0000, 0x0000, 0x0000, 0x0000, 0x0000, 0xFFFF, 0x0000, 
	0xFFFF, 0x0000, 0xFFFF, 0xFD14, 0xFE04, 0xFEFA, 0xFFF9, 0x00FF, 0x0210, 
	0x032A, 0x0450, 0x0583, 0x06C3, 0x0811, 0x0A6E, 0x0E0D, 0x11B6, 0x1432, 
	0x144A, 0xFF03, 0xFF10, 0x0139, 0x047D, 0x07DC, 0x0A57, 0x0AEB, 0x099D, 
	0x074E, 0x044C, 0x00E2, 0xFD5D, 0xFA09, 0xF732, 0xF526, 0xF412, 0xF3C4, 
	0xF3FB, 0xF475, 0xF4EF, 0xF526, 0x01B4, 0x01B2, 0x01AF, 0x01AD, 0x01AB, 
	0x01AA, 0x01A9, 0x01AA, 0x01AC, 0x01B0, 0x01B6, 0x01C3, 0x01DA, 0x01F7, 
	0x0214, 0x022D, 0x0234, 0x0234, 0x0236, 0x0237, 0x0236, 0x0233, 0x022B, 
	0x01E7, 0x019E, 0x014F, 0x00FF, 0x00B1, 0x006A, 0x002E, 0xFFFF, 0xFFE5, 
	0xFFDE, 0xFFE3, 0xFFEF, 0xFFFA, 0x0000, 0x0165, 0x0169, 0x016F, 0x0174, 
	0x0179, 0x017C, 0x017D, 0x017C, 0x0177, 0x016E, 0x0160, 0x0141, 0x010B, 
	0x00CA, 0x0087, 0x004D, 0x0038, 0x0020, 0x000A, 0xFFF4, 0xFFDC, 0xFFC2, 
	0xFFA5, 0xFF59, 0xFF69, 0xFF81, 0xFF9D, 0xFFBA, 0xFFD6, 0xFFEE, 0xFFFF, 
	0x0008, 0x000B, 0x0009, 0x0005, 0x0001, 0xFFFF, 0xD8CA, 0xD86C, 0xD800, 
	0xD794, 0xD736, 0xD6F3, 0xD6DA, 0xD6F8, 0xD75B, 0xD810, 0xD926, 0xDBA2, 
	0xDFEE, 0xE52E, 0xEA88, 0xEF21, 0xF0C4, 0xF262, 0xF3D8, 0xF54F, 0xF6F1, 
	0xF8E5, 0xFB56, 0x03E5, 0x066F, 0x08BA, 0x0AC8, 0x0C99, 0x0E2C, 0x0F81, 
	0x109A, 0x1148, 0x1178, 0x1156, 0x1109, 0x10BD, 0x109A, 0xFFFE, 0xFFFE, 
	0xFFFE, 0xFFFE, 0xFFFE, 0xFFFE, 0xFFFE, 0xFFFE, 0xFFFE, 0xFFFE, 0xFFFE, 
	0x0005, 0x0012, 0x001B, 0x0018, 0xFFFE, 0xFF76, 0xFEE7, 0xFDDF, 0xFCFD, 
	0xFEE7, 0x05D7, 0x0FA7, 0x186F, 0x1C47, 0x1BC7, 0x1A46, 0x17F9, 0x1510, 
	0x11C1, 0x0E3D, 0x0AB7, 0x0763, 0x0474, 0x021C, 0x008E, 0xFFFE, 0x0001, 
	0x0001, 0x0001, 0x0001, 0x0001, 0x0001, 0x0001, 0x0001, 0x0001, 0x0001, 
	0x0001, 0x009C, 0x01D2, 0x02BA, 0x026C, 0x0001, 0xF32A, 0xE592, 0xE3D1, 
	0xE596, 0xE592, 0xE0D1, 0xDA04, 0xD44D, 0xD2CD, 0xD514, 0xD871, 0xDCA6, 
	0xE175, 0xE69D, 0xEBE1, 0xF102, 0xF5C0, 0xF9DE, 0xFD1D, 0xFF3D, 0x0001, 
	0xC170, 0xC170, 0xC170, 0xC170, 0xC170, 0xC170, 0xC170, 0xC170, 0xC170, 
	0xC170, 0xC170, 0xC1CB, 0xC282, 0xC30C, 0xC2DE, 0xC170, 0xB9D5, 0xB1C8, 
	0xB020, 0xB08E, 0xB1C8, 0xB377, 0xB5C5, 0xB82B, 0xBA21, 0xBBC6, 0xBD8A, 
	0xBF60, 0xC13C, 0xC311, 0xC4D1, 0xC66F, 0xC7E0, 0xC915, 0xCA02, 0xCA99, 
	0xCACF, 0x34B2, 0x34AE, 0x349A, 0x3467, 0x3409, 0x3372, 0x3295, 0x3163, 
	0x2FD1, 0x2DCF, 0x2B51, 0x275E, 0x217F, 0x1A68, 0x12D0, 0x0B6A, 0x00F7, 
	0x11C8, 0xB6C7, 0xDBC6, 0xEC98, 0xE9F4, 0xE3A9, 0xDC26, 0xD5DA, 0xD337, 
	0xD3CE, 0xD56D, 0xD7D9, 0xDAD7, 0xDE2D, 0xE1A1, 0xE4F7, 0xE7F5, 0xEA61, 
	0xEC00, 0xEC98, 0xEDCB, 0xEDD0, 0xEDDE, 0xEDF5, 0xEE15, 0xEE3C, 0xEE6B, 
	0xEEA0, 0xEEDB, 0xEF1B, 0xEF61, 0xF028, 0xF17D, 0xF2B0, 0xF315, 0xF1FD, 
	0xE305, 0xD045, 0xC010, 0xCE6C, 0xDB3D, 0xE6C9, 0xF0B2, 0xF86F, 0xFD77, 
	0xFF43, 0xFE6C, 0xFC1F, 0xF8AF, 0xF46F, 0xEFB3, 0xEACD, 0xE610, 0xE1D1, 
	0xDE61, 0xDC14, 0xDB3D, 0x4E72, 0x4F23, 0x4F4C, 0x4F25, 0x4EE6, 0x4EC5, 
	0x4EFA, 0x4FBE, 0x5147, 0x53CD, 0x5788, 0x5E59, 0x68FA, 0x75E5, 0x8395, 
	0x9088, 0x9FF2, 0x9DBC, 0x18DF, 0x1400, 0x11C7, 0x11C4, 0x11C2, 0x11C1, 
	0x11C1, 0x11C1, 0x11C1, 0x11C1, 0x11C2, 0x11C3, 0x11C3, 0x11C4, 0x11C5, 
	0x11C6, 0x11C6, 0x11C7, 0x0000, 0xFFFF, 0x0000, 0x0000, 0xFFFF, 0x0000, 
	0x0000, 0xFFFF, 0x0000, 0xFFFF, 0xFFFF, 0xFFFF, 0x0000, 0xFFFF, 0xFFFF, 
	0xFFFF, 0xFFFF, 0x0000, 0x0000, 0x0000, 0x0000, 0x0000, 0x0000, 0x0000, 
	0x0000, 0x0000, 0x0000, 0x0000, 0xFFFF, 0x0000, 0x0000, 0xFFFF, 0x0000, 
	0x0000, 0x0000, 0xFFFF, 0x0000, 0xFFFF, 0x0000, 0x0000, 0x0000, 0xFFFF, 
	0xFFFF, 0x0000, 0xFFFF, 0xFFFF, 0x0000, 0xFFFF, 0xFFFF, 0x0000, 0x0000, 
	0x0000, 0x0000, 0x0000, 0x0000, 0x0000, 0x0000, 0x0000, 0x0000, 0x0000, 
	0xFFFF, 0x0000, 0xFFFF, 0xFFFF, 0xFFFF, 0x0000, 0xFFFF, 0x0000, 0xF3AE, 
	0xF3D8, 0xF3F0, 0xF3F7, 0xF3E8, 0xF3C3, 0xF385, 0xF32C, 0xF2B6, 0xF221, 
	0xF16B, 0xEF19, 0xEAB3, 0xE5C1, 0xE1C8, 0xE04F, 0xE0B9, 0xDC34, 0xD242, 
	0xC851, 0xC3CB, 0xD8BF, 0xD8FC, 0xD951, 0xD9B6, 0xDA25, 0xDA96, 0xDB02, 
	0xDB63, 0xDBB1, 0xDBE5, 0xDBF7, 0xDBE5, 0xDBBF, 0xDBA3, 0xDBAD, 0xDBF7, 
	0xDC75, 0xDDFC, 0xE01F, 0xE205, 0xE2D7, 0xFA43, 0xFA5E, 0xFA84, 0xFAB2, 
	0xFAE4, 0xFB17, 0xFB48, 0xFB74, 0xFB97, 0xFBAE, 0xFBB7, 0xFBBA, 0xFBC1, 
	0xFBC6, 0xFBC5, 0xFBB7, 0xFB9F, 0xFB30, 0xFA8C, 0xF9F7, 0xF9B5, 0xF4F6, 
	0xF4F5, 0xF4F4, 0xF4F3, 0xF4F1, 0xF4F0, 0xF4EE, 0xF4ED, 0xF4EC, 0xF4EB, 
	0xF4EB, 0xF4FD, 0xF521, 0xF53D, 0xF533, 0xF4EB, 0xF471, 0xF0DB, 0xEAD4, 
	0xE529, 0xE2A6, 0xFFFE, 0x0001, 0xC170, 0xC170, 0xC170, 0xC170, 0xC170, 
	0xC170, 0xC170, 0xC170, 0xC170, 0xC170, 0xC170, 0xC15E, 0xC13B, 0xC121, 
	0xC12A, 0xC170, 0xC1E4, 0xC266, 0xC2F4, 0xC38A, 0xC427, 0xC4C9, 0xC56E, 
	0xC613, 0xC6B7, 0xC758, 0xC7F3, 0xC886, 0xC910, 0xC98E, 0xC9FE, 0xCA46, 
	0xCA5B, 0xCA4C, 0xCA2C, 0xCA0C, 0xC9FE, 0xBAED, 0xBADD, 0xBAB8, 0xBA90, 
	0xBA75, 0xBA77, 0xBAA8, 0xBB19, 0xBBDA, 0xBCFC, 0xBE90, 0xC1C7, 0xC6F6, 
	0xCCEA, 0xD26B, 0xD645, 0xD8D5, 0xE162, 0xEDCE, 0xF900, 0xFDDD, 0x11FA, 
	0x121E, 0x127D, 0x1307, 0x13A9, 0x1453, 0x14F2, 0x1575, 0x15CB, 0x15E1, 
	0x15A7, 0x1472, 0x1220, 0x0F6F, 0x0D1B, 0x0BE1, 0x0B83, 0x1077, 0x1B5C, 
	0x2641, 0x2B35, 0x4CB6, 0x4D69, 0x4DA2, 0x4D94, 0x4D6D, 0x4D5E, 0x4D96, 
	0x4E46, 0x4F9D, 0x51CB, 0x5501, 0x5C02, 0x676A, 0x742A, 0x7F37, 0x8581, 
	0x8820, 0x866A, 0x82A4, 0x7EDE, 0x7D27, 0x0000, 0xFFFF, 0x0000, 0x0000, 
	0x0000, 0xFFFF, 0xFFFF, 0xFFFF, 0x0000, 0xFFFF, 0xFFFF, 0xFFFF, 0xFFFF, 
	0xFFFF, 0xFFFF, 0x0000, 0x0000, 0xFFFF, 0xFFFF, 0xFFFF, 0x0000, 0x0000, 
	0xFFFF, 0x0000, 0xFFFF, 0xFFFF, 0x0000, 0x0000, 0xFFFF, 0x0000, 0xFFFF, 
	0xFFFF, 0x0000, 0x0000, 0xFFFF, 0x0000, 0xFFFF, 0xFFFF, 0xFFFF, 0x0000, 
	0xFFFF, 0xFFFF, 0x0000, 0x0000, 0xFFFF, 0xFFFF, 0x0000, 0x0000, 0xFFFF, 
	0x0000, 0x0000, 0x0000, 0x0000, 0x0000, 0x0000, 0x0000, 0xFFFF, 0xFFFF, 
	0xFFFF, 0x0000, 0x0000, 0xFFFF, 0xE52C, 0xE55A, 0xE58C, 0xE5BC, 0xE5E8, 
	0xE60A, 0xE61F, 0xE622, 0xE610, 0xE5E4, 0xE59A, 0xE47D, 0xE25F, 0xE009, 
	0xDE46, 0xDDDD, 0xDE81, 0xDBBD, 0xD5A7, 0xCF90, 0xCCCC, 0x408F, 0x4047, 
	0x3FE4, 0x3F6D, 0x3EEC, 0x3E67, 0x3DE9, 0x3D78, 0x3D1D, 0x3CE0, 0x3CCA, 
	0x3D31, 0x3DFD, 0x3E97, 0x3E64, 0x3CCA, 0x3A20, 0x369A, 0x32EE, 0x300A, 
	0x2EDF, 0x122C, 0x1225, 0x121B, 0x1210, 0x1203, 0x11F6, 0x11E9, 0x11DE, 
	0x11D5, 0x11CF, 0x11CD, 0x11EE, 0x122E, 0x125E, 0x124E, 0x11CD, 0x10F6, 
	0x12A5, 0x165B, 0x1A10, 0x1BBF, 0x143B, 0x13ED, 0x1382, 0x1302, 0x1276, 
	0x11E7, 0x115E, 0x10E4, 0x1082, 0x1040, 0x1029, 0x106F, 0x10FC, 0x1165, 
	0x1142, 0x1029, 0x0E54, 0x109C, 0x15A2, 0x1AA7, 0x1CF0, 0x0000, 0x0000, 
	0x0000, 0xFFFF, 0xFFFF, 0x0000, 0xFFFF, 0x0000, 0x0000, 0x0000, 0x0000, 
	0x0000, 0x0000, 0x0000, 0xFFFF, 0x0000, 0x0000, 0x0000, 0xFFFF, 0x0000, 
	0xFFFF, 0xFFFF, 0xFFFF, 0xFFFF, 0xFFFF, 0x0000, 0xFFFF, 0x0000, 0x0000, 
	0x0000, 0x0000, 0x0000, 0x0000, 0xFFFF, 0x0000, 0xFFFF, 0x0000, 0x0000, 
	0x0000, 0x0000, 0x0000, 0xFFFF, 0x0000, 0xFFFF, 0xFFFF, 0xFFFF, 0x0000, 
	0x0000, 0x0000, 0x0000, 0xFFFF, 0x0000, 0xFFFF, 0xFFFF, 0x0000, 0xFFFF, 
	0x0000, 0x0000, 0x0000, 0x0000, 0x0000, 0x0000, 0xFFFF, 0xFFFF, 0xFFFF, 
	0x0000, 0x0000, 0x0000, 0xFFFF, 0x0000, 0xFFFF, 0xC5E3, 0xC5E3, 0xC5E3, 
	0xC5E3, 0xC5E3, 0xC5E3, 0xC5E3, 0xC5E3, 0xC5E3, 0xC5E3, 0xC5E3, 0xC5E3, 
	0xC5E3, 0xC5E3, 0xC5E3, 0xC5E3, 0xC5EC, 0xC601, 0xC61A, 0xC62C, 0xC62F, 
	0xC61A, 0xC5E3, 0xC55F, 0xC488, 0xC391, 0xC2A8, 0xC1BF, 0xC0C5, 0xBFEA, 
	0xBF5E, 0xBF23, 0xBF13, 0xBF1F, 0xBF39, 0xBF52, 0xBF5E, 0xF96A, 0xF9FA, 
	0xFA8E, 0xFB24, 0xFBB5, 0xFC3F, 0xFCBC, 0xFD29, 0xFD81, 0xFDC0, 0xFDE2, 
	0xFD61, 0xFC1E, 0xFAAC, 0xF9A1, 0xF990, 0xFAB9, 0xFCB8, 0xFF26, 0x019D, 
	0x03B7, 0x050C, 0x0538, 0x0336, 0xFEF1, 0xF965, 0xF392, 0xECA2, 0xE46A, 
	0xDCEC, 0xD826, 0xD63F, 0xD5B6, 0xD618, 0xD6EE, 0xD7C5, 0xD826, 0xF580, 
	0xF451, 0xF311, 0xF1C9, 0xF07D, 0xEF35, 0xEDF7, 0xECC9, 0xEBB2, 0xEAB8, 
	0xE9E1, 0xE978, 0xE996, 0xE9FD, 0xEA6D, 0xEAA7, 0xEAB6, 0xEACA, 0xEADB, 
	0xEAE1, 0xEAD2, 0xEAA8, 0xEA5A, 0xE995, 0xE85C, 0xE725, 0xE665, 0xE655, 
	0xE6AF, 0xE727, 0xE771, 0xE784, 0xE789, 0xE786, 0xE77D, 0xE775, 0xE771, 
	0xA41F, 0xA1E2, 0x9FA1, 0x9D66, 0x9B3A, 0x9928, 0x9739, 0x9577, 0x93EC, 
	0x92A2, 0x91A2, 0x922B, 0x9495, 0x9793, 0x99DA, 0x9A1C, 0x97F8, 0x945D, 
	0x8FF3, 0x8B63, 0x8755, 0x8474, 0x8366, 0x85D8, 0x8BCD, 0x9376, 0x9B04, 
	0xA33C, 0xACAB, 0xB52A, 0xBA93, 0xBCC4, 0xBD62, 0xBCF1, 0xBBFB, 0xBB04, 
	0xBA93, 0x0000, 0xFFFF, 0x0000, 0xFFFF, 0x0000, 0xFFFF, 0xFFFF, 0x0000, 
	0xFFFF, 0x0000, 0xFFFF, 0x0000, 0xFFFF, 0x0000, 0xFFFF, 0x0000, 0x0000, 
	0xFFFF, 0x0000, 0x0000, 0x0000, 0x0000, 0xFFFF, 0xFFFF, 0x0000, 0xFFFF, 
	0x0000, 0xFFFF, 0x0000, 0x0000, 0xFFFF, 0xFFFF, 0x0000, 0xFFFF, 0x0000, 
	0x0000, 0xFFFF, 0x0000, 0xFFFF, 0x0000, 0xFFFF, 0x0000, 0x0000, 0xFFFF, 
	0x0000, 0xFFFF, 0xFFFF, 0xFFFF, 0x0000, 0x0000, 0x0000, 0x0000, 0x0000, 
	0x0000, 0x0000, 0x0000, 0xFFFF, 0xFFFF, 0x0000, 0x0000, 0x0000, 0x0000, 
	0x0000, 0x0000, 0x0000, 0x0000, 0xFFFF, 0x0000, 0x0000, 0xFFFF, 0x0000, 
	0xFFFF, 0x0000, 0x45A0, 0x459F, 0x4564, 0x4506, 0x449C, 0x443D, 0x4401, 
	0x43FE, 0x444C, 0x4502, 0x4637, 0x494F, 0x4EA8, 0x54D3, 0x5A5E, 0x5DD8, 
	0x5F7E, 0x6085, 0x60F8, 0x60E3, 0x604F, 0x5F48, 0x5DD8, 0x5B08, 0x567A, 
	0x5121, 0x4BF2, 0x4673, 0x405F, 0x3AFC, 0x378C, 0x3622, 0x35BC, 0x3605, 
	0x36A4, 0x3744, 0x378C, 0x0000, 0xFFFF, 0x0000, 0xFFFF, 0xFFFF, 0xFFFF, 
	0xFFFF, 0x0000, 0x0000, 0x0000, 0xFFFF, 0x0020, 0x0060, 0x0090, 0x0080, 
	0x0000, 0xFEED, 0xFD6B, 0xFBAE, 0xF9EC, 0xF859, 0xF72A, 0xF694, 0xF769, 
	0xF998, 0xFC08, 0xFD9C, 0xFDEA, 0xFD92, 0xFD0F, 0xFCDD, 0xFD18, 0xFD7B, 
	0xFDEF, 0xFE5F, 0xFEB2, 0xFED3, 0x0000, 0xFFFF, 0x0000, 0x0000, 0xFFFF, 
	0xFFFF, 0xFFFF, 0x0000, 0x0000, 0xFFFF, 0xFFFF, 0xFFE8, 0xFFB9, 0xFF95, 
	0xFFA1, 0x0000, 0x00C9, 0x01E4, 0x032B, 0x0475, 0x059D, 0x067B, 0x06E8, 
	0x0658, 0x04D2, 0x030A, 0x01B7, 0x0100, 0x0087, 0x0039, 0xFFFF, 0xFFD4, 
	0xFFB8, 0xFFA9, 0xFFA2, 0xFFA1, 0xD708, 0xD6C6, 0xD67A, 0xD62E, 0xD5EB, 
	0xD5BC, 0xD5AB, 0xD5C0, 0xD605, 0xD685, 0xD749, 0xDA12, 0xDF2B, 0xE46C, 
	0xE7AC, 0xE6C4, 0xE15D, 0xD93B, 0xCF60, 0xC4CD, 0xBA85, 0xB189, 0xAADB, 
	0xA83D, 0xA94E, 0xABD9, 0xADAB, 0xAE72, 0xAF44, 0xB009, 0xB0AC, 0xB138, 
	0xB1C3, 0xB242, 0xB2A9, 0xB2F0, 0xB309, 0x0000, 0x0000, 0x0000, 0xFFFF, 
	0xFFFF, 0x0000, 0xFFFF, 0xFFFF, 0x0000, 0x0000, 0xFFFF, 0xFFFF, 0x0000, 
	0xFFFF, 0xFFFF, 0x0000, 0xFFFF, 0xFFFF, 0xFFFF, 0xFFFF, 0x0000, 0x0000, 
	0x0000, 0x0000, 0xFFFF, 0xFFFF, 0x0000, 0x0000, 0x0000, 0x0000, 0x0000, 
	0xFFFF, 0x0000, 0xFFFF, 0xFFFF, 0xFFFF, 0x0000, 0xFFFF, 0xFFFF, 0xFFFF, 
	0x0000, 0x0000, 0x0000, 0x0000, 0x0000, 0x0000, 0xFFFF, 0x0000, 0xFFFF, 
	0xFFFF, 0xFFFF, 0xFFFF, 0x0000, 0xFFFF, 0xFFFF, 0xFFFF, 0x0000, 0x0000, 
	0x0000, 0xFFFF, 0x0000, 0x0000, 0xFFFF, 0x0000, 0xFFFF, 0x0000, 0x0000, 
	0x0000, 0xFFFF, 0x0000, 0xFFFF, 0xFFFF, 0x0000, 0xFFFF, 0xBF5E, 0x03AC, 
	0x0332, 0x02AB, 0x021D, 0x018E, 0x0105, 0x0086, 0x0019, 0xFFC4, 0xFF8B, 
	0xFF77, 0x001C, 0x0199, 0x0340, 0x0461, 0x044E, 0x02C2, 0x003C, 0xFD2E, 
	0xFA0A, 0xF743, 0xF54A, 0xF493, 0xF657, 0xFA97, 0xFFED, 0x04F3, 0x0A02, 
	0x0F9C, 0x1495, 0x17C1, 0x1910, 0x196D, 0x192B, 0x1897, 0x1804, 0x17C1, 
	0x057F, 0x070D, 0x08BE, 0x0A87, 0x0C5D, 0x0E34, 0x1002, 0x11BB, 0x1354, 
	0x14C1, 0x15F9, 0x16AC, 0x16BE, 0x166D, 0x15F7, 0x1598, 0x1549, 0x14E2, 
	0x146F, 0x13FB, 0x1390, 0x133C, 0x1308, 0x1315, 0x1365, 0x13D3, 0x143B, 
	0x14A4, 0x151C, 0x1588, 0x15CC, 0x15E8, 0x15F0, 0x15EB, 0x15DE, 0x15D2, 
	0x15CC, 0xBF8A, 0xBBE7, 0xB7E1, 0xB399, 0xAF32, 0xAACC, 0xA68A, 0xA28E, 
	0x9EF8, 0x9BEC, 0x9989, 0x9988, 0x9C4F, 0xA009, 0xA2E1, 0xA301, 0xA008, 
	0x9B50, 0x9594, 0x8F94, 0x8A0D, 0x85BE, 0x8365, 0x84C3, 0x89C4, 0x9067, 
	0x96A9, 0x9CFA, 0xA41B, 0xAA7C, 0xAE8D, 0xB035, 0xB0AC, 0xB057, 0xAF9D, 
	0xAEE2, 0xAE8D, 0x0000, 0x0000, 0xFFFF, 0xFFFF, 0xFFFF, 0xFFFF, 0xFFFF, 
	0xFFFF, 0x0000, 0xFFFF, 0x0000, 0xFFFF, 0xFFFF, 0x0000, 0xFFFF, 0x0000, 
	0xFFFF, 0x0000, 0x0000, 0x0000, 0xFFFF, 0xFFFF, 0x0000, 0xFFFF, 0x0000, 
	0x0000, 0xFFFF, 0xFFFF, 0xFFFF, 0x0000, 0xFFFF, 0x0000, 0x0000, 0xFFFF, 
	0x0000, 0xFFFF, 0x0000, 0x0000, 0x0000, 0x0000, 0xFFFF, 0x0000, 0xFFFF, 
	0x0000, 0x0000, 0x0000, 0x0000, 0x0000, 0xFFFF, 0xFFFF, 0xFFFF, 0xFFFF, 
	0x0000, 0x0000, 0xFFFF, 0x0000, 0x0000, 0x0000, 0x0000, 0x0000, 0x0000, 
	0xFFFF, 0x0000, 0xFFFF, 0x0000, 0xFFFF, 0xFFFF, 0x0000, 0xFFFF, 0xFFFF, 
	0xFFFF, 0x0000, 0xFFFF, 0x3388, 0x3514, 0x36A2, 0x383A, 0x39E4, 0x3BA5, 
	0x3D86, 0x3F8C, 0x41C0, 0x4427, 0x46C9, 0x4AE6, 0x50CD, 0x5717, 0x5C5E, 
	0x5F3B, 0x5FC9, 0x5F41, 0x5DE1, 0x5BEB, 0x59A0, 0x5740, 0x550B, 0x52B9, 
	0x4FDE, 0x4C8D, 0x48D7, 0x441A, 0x3E86, 0x395F, 0x35EB, 0x3432, 0x333E, 
	0x32DC, 0x32D6, 0x32FA, 0x3311, 0x0000, 0xFFFF, 0x0000, 0xFFFF, 0xFFFF, 
	0x0000, 0xFFFF, 0xFFFF, 0xFFFF, 0x0000, 0x0000, 0xFFDC, 0xFF96, 0xFF61, 
	0xFF73, 0x0000, 0x012A, 0x02CC, 0x04AE, 0x0697, 0x084F, 0x099E, 0x0A4C, 
	0x0979, 0x0739, 0x04BA, 0x032E, 0x031B, 0x03CE, 0x049C, 0x04DA, 0x045A, 
	0x0380, 0x0281, 0x018C, 0x00D4, 0x008C, 0xFFFF, 0xFFFF, 0xFFFF, 0xFFFF, 
	0xFFFF, 0xFFFF, 0x0000, 0x0000, 0xFFFF, 0xFFFF, 0x0000, 0x000B, 0x0022, 
	0x0033, 0x002D, 0x0000, 0xFF9A, 0xFF09, 0xFE61, 0xFDBA, 0xFD29, 0xFCC5, 
	0xFCA4, 0xFD10, 0xFE0B, 0xFF40, 0x0056, 0x0167, 0x0290, 0x0386, 0x03FB, 
	0x03DE, 0x036A, 0x02C9, 0x0223, 0x01A1, 0x016D, 0xC595, 0xC6DF, 0xC83F, 
	0xC9B2, 0xCB32, 0xCCBC, 0xCE4B, 0xCFDC, 0xD16A, 0xD2F2, 0xD46F, 0xD682, 
	0xD937, 0xDBA9, 0xDCF2, 0xDC2D, 0xD93D, 0xD4EF, 0xCFBA, 0xCA17, 0xC47E, 
	0xBF67, 0xBB4B, 0xB89D, 0xB72D, 0xB67E, 0xB610, 0xB5F0, 0xB652, 0xB6F4, 
	0xB797, 0xB844, 0xB91C, 0xB9FE, 0xBAC9, 0xBB5B, 0xBB93, 

},{ 
	0x0001, 0x0000, 0x0025, 0x0001, 0x0024, 0x0026, 0x0001, 0x004A, 0x0001, 
	0x004B, 0x0001, 0x004C, 0x0019, 0x004D, 0x0001, 0x0066, 0x0025, 0x0067, 
	0x0022, 0x008C, 0x0024, 0x00AE, 0x0025, 0x00D2, 0x0025, 0x00F7, 0x0025, 
	0x011C, 0x0025, 0x0141, 0x0025, 0x0166, 0x0025, 0x018B, 0x0025, 0x01B0, 
	0x0025, 0x01D5, 0x0025, 0x01FA, 0x0024, 0x021F, 0x0021, 0x0243, 0x0023, 
	0x0264, 0x0015, 0x0287, 0x0015, 0x029C, 0x0015, 0x02B1, 0x0015, 0x02C6, 
	0x0001, 0x02DB, 0x0001, 0x02DC, 0x0025, 0x02DD, 0x0015, 0x0302, 0x0015, 
	0x0317, 0x0015, 0x032C, 0x0024, 0x0341, 0x001A, 0x0365, 0x0015, 0x037F, 
	0x0015, 0x0394, 0x0015, 0x03A9, 0x0015, 0x03BE, 0x0025, 0x03D3, 0x0022, 
	0x03F8, 0x0025, 0x041A, 0x0025, 0x043F, 0x0025, 0x0464, 0x0025, 0x0489, 
	0x0025, 0x04AE, 0x0024, 0x04D3, 0x0025, 0x04F7, 0x0025, 0x051C, 0x0024, 
	0x0541, 0x0025, 0x0565, 0x0025, 0x058A, 0x0025, 0x05AF, 0x0001, 0x05D4, 
	0x0025, 0x05D5, 0x0025, 0x05FA, 0x0025, 0x061F, 0x0025, 0x0644, 0x0024, 
	0x0669, 0x0025, 0x068D, 0x0025, 0x06B2, 0x0025, 0x06D7, 0x0025, 0x06FC, 
	

});

-- Waluigi
smlua_anim_util_register_animation('JWAL_MENU',0, 0, 0, 0, 41, { 
	0x0000, 0x0079, 0x0079, 0x0078, 0x0078, 0x0078, 0x0077, 0x0077, 0x0076, 
	0x0075, 0x0075, 0x0074, 0x0073, 0x0072, 0x0072, 0x0071, 0x0070, 0x0070, 
	0x006F, 0x006F, 0x006F, 0x006E, 0x006E, 0x006E, 0x006F, 0x006F, 0x006F, 
	0x0070, 0x0070, 0x0071, 0x0072, 0x0072, 0x0073, 0x0074, 0x0075, 0x0075, 
	0x0076, 0x0077, 0x0077, 0x0078, 0x0078, 0x0078, 0x0079, 0x0000, 0x0000, 
	0x0000, 0x0000, 0x6A32, 0x0000, 0x4000, 0xFFA4, 0xFFA3, 0xFF9E, 0xFF97, 
	0xFF8E, 0xFF83, 0xFF76, 0xFF68, 0xFF58, 0xFF48, 0xFF38, 0xFF27, 0xFF16, 
	0xFF06, 0xFEF7, 0xFEE9, 0xFEDC, 0xFED0, 0xFEC7, 0xFEC0, 0xFEBC, 0xFEBA, 
	0xFEBC, 0xFEC0, 0xFEC7, 0xFED0, 0xFEDC, 0xFEE9, 0xFEF7, 0xFF06, 0xFF16, 
	0xFF27, 0xFF38, 0xFF48, 0xFF58, 0xFF68, 0xFF76, 0xFF83, 0xFF8E, 0xFF97, 
	0xFF9E, 0xFFA3, 0xF554, 0xF553, 0xF54F, 0xF548, 0xF540, 0xF536, 0xF52A, 
	0xF51D, 0xF50F, 0xF501, 0xF4F2, 0xF4E2, 0xF4D3, 0xF4C5, 0xF4B7, 0xF4AA, 
	0xF49E, 0xF494, 0xF48C, 0xF485, 0xF481, 0xF480, 0xF481, 0xF485, 0xF48C, 
	0xF494, 0xF49E, 0xF4AA, 0xF4B7, 0xF4C5, 0xF4D3, 0xF4E2, 0xF4F2, 0xF501, 
	0xF50F, 0xF51D, 0xF52A, 0xF536, 0xF540, 0xF548, 0xF54F, 0xF553, 0x160D, 
	0x1613, 0x1624, 0x163F, 0x1663, 0x168F, 0x16C1, 0x16F8, 0x1734, 0x1772, 
	0x17B2, 0x17F3, 0x1833, 0x1871, 0x18AD, 0x18E4, 0x1916, 0x1941, 0x1965, 
	0x1980, 0x1992, 0x1998, 0x1992, 0x1980, 0x1965, 0x1941, 0x1916, 0x18E4, 
	0x18AD, 0x1871, 0x1833, 0x17F3, 0x17B2, 0x1772, 0x1734, 0x16F8, 0x16C1, 
	0x168F, 0x1663, 0x163F, 0x1624, 0x1613, 0x036B, 0x037B, 0x03A7, 0x03E8, 
	0x0437, 0x048D, 0x04E2, 0x0531, 0x0572, 0x059E, 0x05AE, 0x05AE, 0x05AD, 
	0x05AA, 0x05A3, 0x0598, 0x0588, 0x0571, 0x0553, 0x052C, 0x04FC, 0x04C0, 
	0x0472, 0x040E, 0x039B, 0x0320, 0x02A5, 0x0230, 0x01C9, 0x0176, 0x0140, 
	0x012C, 0x0139, 0x015E, 0x0195, 0x01D9, 0x0224, 0x0272, 0x02BE, 0x0302, 
	0x0339, 0x035D, 0xF5D3, 0xF5D8, 0xF5E5, 0xF5F9, 0xF611, 0xF62C, 0xF646, 
	0xF65E, 0xF672, 0xF680, 0xF685, 0xF678, 0xF657, 0xF624, 0xF5E3, 0xF599, 
	0xF549, 0xF4F8, 0xF4AA, 0xF461, 0xF424, 0xF3F5, 0xF3D2, 0xF3B6, 0xF3A0, 
	0xF390, 0xF384, 0xF37C, 0xF378, 0xF375, 0xF374, 0xF374, 0xF382, 0xF3A9, 
	0xF3E3, 0xF42A, 0xF47A, 0xF4CD, 0xF51C, 0xF564, 0xF59E, 0xF5C5, 0xE9E7, 
	0xE9A5, 0xE8F4, 0xE7EE, 0xE6B0, 0xE556, 0xE3FC, 0xE2BE, 0xE1B8, 0xE106, 
	0xE0C5, 0xE0C6, 0xE0CC, 0xE0DD, 0xE0FE, 0xE135, 0xE186, 0xE1F7, 0xE28C, 
	0xE34D, 0xE43D, 0xE562, 0xE6BD, 0xE841, 0xE9DB, 0xEB78, 0xED08, 0xEE78, 
	0xEFB5, 0xF0AE, 0xF151, 0xF18B, 0xF15D, 0xF0E0, 0xF026, 0xEF3F, 0xEE3E, 
	0xED34, 0xEC33, 0xEB4C, 0xEA91, 0xEA14, 0x0000, 0xFFFF, 0xBFFF, 0xE8FB, 
	0xE903, 0xE919, 0xE93B, 0xE969, 0xE9A1, 0xE9E0, 0xEA27, 0xEA73, 0xEAC2, 
	0xEB14, 0xEB67, 0xEBB8, 0xEC08, 0xEC54, 0xEC9A, 0xECDA, 0xED12, 0xED3F, 
	0xED62, 0xED78, 0xED7F, 0xED78, 0xED62, 0xED3F, 0xED12, 0xECDA, 0xEC9A, 
	0xEC54, 0xEC08, 0xEBB8, 0xEB67, 0xEB14, 0xEAC2, 0xEA73, 0xEA27, 0xE9E0, 
	0xE9A1, 0xE969, 0xE93B, 0xE919, 0xE903, 0xAA0D, 0xAA0E, 0xAA10, 0xAA14, 
	0xAA18, 0xAA1E, 0xAA25, 0xAA2D, 0xAA35, 0xAA3D, 0xAA46, 0xAA4E, 0xAA57, 
	0xAA60, 0xAA68, 0xAA6F, 0xAA76, 0xAA7C, 0xAA81, 0xAA84, 0xAA87, 0xAA87, 
	0xAA87, 0xAA84, 0xAA81, 0xAA7C, 0xAA76, 0xAA6F, 0xAA68, 0xAA60, 0xAA57, 
	0xAA4E, 0xAA46, 0xAA3D, 0xAA35, 0xAA2D, 0xAA25, 0xAA1E, 0xAA18, 0xAA14, 
	0xAA10, 0xAA0E, 0x1124, 0x1122, 0x111B, 0x1111, 0x1103, 0x10F3, 0x10DF, 
	0x10CA, 0x10B4, 0x109C, 0x1083, 0x106B, 0x1052, 0x103A, 0x1024, 0x100F, 
	0x0FFC, 0x0FEB, 0x0FDD, 0x0FD3, 0x0FCC, 0x0FCA, 0x0FCC, 0x0FD3, 0x0FDD, 
	0x0FEB, 0x0FFC, 0x100F, 0x1024, 0x103A, 0x1052, 0x106B, 0x1083, 0x109C, 
	0x10B4, 0x10CA, 0x10DF, 0x10F3, 0x1103, 0x1111, 0x111B, 0x1122, 0xFFFF, 
	0xFFFF, 0xFFFF, 0xFFFF, 0xFFFF, 0xFFFF, 0xFFFF, 0xFFFF, 0xFFFF, 0xFFFF, 
	0xFFFF, 0xFFFF, 0xFFFF, 0xFFFF, 0xFFFF, 0xFFFF, 0xFFFF, 0xFFFF, 0xFFFF, 
	0xFFFF, 0xFFFF, 0xFFFF, 0xFFFF, 0xFFFF, 0xFFFF, 0xFFFF, 0xFFFF, 0xFFFF, 
	0xFFFF, 0xFFFF, 0xFFFF, 0x0000, 0xFFFF, 0xFFFF, 0xFFFF, 0xFFFF, 0xFFFF, 
	0xFFFF, 0xFFFF, 0xFFFF, 0x0000, 0xFFFF, 0x0000, 0xAFC7, 0xAFC1, 0xAFAF, 
	0xAF92, 0xAF6B, 0xAF3C, 0xAF05, 0xAEC8, 0xAE85, 0xAE3D, 0xADF2, 0xADA4, 
	0xAD55, 0xAD05, 0xACB6, 0xAC68, 0xAC1D, 0xABD6, 0xAB93, 0xAB56, 0xAB1F, 
	0xAAF1, 0xAACB, 0xAAAD, 0xAA97, 0xAA88, 0xAA7F, 0xAA7C, 0xAA8D, 0xAABE, 
	0xAB09, 0xAB6A, 0xABDB, 0xAC59, 0xACDE, 0xAD65, 0xADEA, 0xAE68, 0xAED9, 
	0xAF3A, 0xAF85, 0xAFB6, 0x23DF, 0x23E1, 0x278D, 0x0000, 0xFFFF, 0xBFFF, 
	0x0CE8, 0x0D02, 0x0D4D, 0x0DC3, 0x0E60, 0x0F1F, 0x0FF9, 0x10EB, 0x11EF, 
	0x12FF, 0x1417, 0x1532, 0x164A, 0x175B, 0x185F, 0x1950, 0x1A2B, 0x1AE9, 
	0x1B86, 0x1BFD, 0x1C48, 0x1C62, 0x1C48, 0x1BFD, 0x1B86, 0x1AE9, 0x1A2B, 
	0x1950, 0x185F, 0x175B, 0x164A, 0x1532, 0x1417, 0x12FF, 0x11EF, 0x10EB, 
	0x0FF9, 0x0F1F, 0x0E60, 0x0DC3, 0x0D4D, 0x0D02, 0x5332, 0x5330, 0x532A, 
	0x5320, 0x5313, 0x5304, 0x52F2, 0x52DE, 0x52C8, 0x52B2, 0x529B, 0x5284, 
	0x526D, 0x5256, 0x5241, 0x522D, 0x521B, 0x520B, 0x51FF, 0x51F5, 0x51EF, 
	0x51ED, 0x51EF, 0x51F5, 0x51FF, 0x520B, 0x521B, 0x522D, 0x5241, 0x5256, 
	0x526D, 0x5284, 0x529B, 0x52B2, 0x52C8, 0x52DE, 0x52F2, 0x5304, 0x5313, 
	0x5320, 0x532A, 0x5330, 0xFB9B, 0xFBB3, 0xFBF8, 0xFC64, 0xFCF4, 0xFDA3, 
	0xFE6C, 0xFF49, 0x0039, 0x0133, 0x0234, 0x0337, 0x0439, 0x0533, 0x0621, 
	0x06FF, 0x07C7, 0x0876, 0x0906, 0x0973, 0x09B8, 0x09CF, 0x09B8, 0x0973, 
	0x0906, 0x0876, 0x07C7, 0x06FF, 0x0621, 0x0533, 0x0439, 0x0337, 0x0234, 
	0x0133, 0x0039, 0xFF49, 0xFE6C, 0xFDA3, 0xFCF4, 0xFC64, 0xFBF8, 0xFBB3, 
	0xFD25, 0xFD25, 0xFD24, 0xFD23, 0xFD22, 0xFD20, 0xFD1E, 0xFD1B, 0xFD19, 
	0xFD16, 0xFD14, 0xFD11, 0xFD0F, 0xFD0C, 0xFD0A, 0xFD07, 0xFD05, 0xFD03, 
	0xFD02, 0xFD01, 0xFD00, 0xFD00, 0xFD00, 0xFD01, 0xFD02, 0xFD03, 0xFD05, 
	0xFD07, 0xFD0A, 0xFD0C, 0xFD0F, 0xFD11, 0xFD14, 0xFD16, 0xFD19, 0xFD1B, 
	0xFD1E, 0xFD20, 0xFD22, 0xFD23, 0xFD24, 0xFD25, 0xFEA7, 0xFEA7, 0xFEA9, 
	0xFEAC, 0xFEAF, 0xFEB4, 0xFEB9, 0xFEBF, 0xFEC5, 0xFECB, 0xFED2, 0xFED9, 
	0xFEDF, 0xFEE6, 0xFEEC, 0xFEF1, 0xFEF7, 0xFEFB, 0xFEFF, 0xFF02, 0xFF03, 
	0xFF04, 0xFF03, 0xFF02, 0xFEFF, 0xFEFB, 0xFEF7, 0xFEF1, 0xFEEC, 0xFEE6, 
	0xFEDF, 0xFED9, 0xFED2, 0xFECB, 0xFEC5, 0xFEBF, 0xFEB9, 0xFEB4, 0xFEAF, 
	0xFEAC, 0xFEA9, 0xFEA7, 0xF546, 0xF54F, 0xF567, 0xF58E, 0xF5C2, 0xF600, 
	0xF648, 0xF697, 0xF6EC, 0xF745, 0xF7A1, 0xF7FE, 0xF85A, 0xF8B3, 0xF909, 
	0xF958, 0xF99F, 0xF9DE, 0xFA11, 0xFA38, 0xFA51, 0xFA59, 0xFA51, 0xFA38, 
	0xFA11, 0xF9DE, 0xF99F, 0xF958, 0xF909, 0xF8B3, 0xF85A, 0xF7FE, 0xF7A1, 
	0xF745, 0xF6EC, 0xF697, 0xF648, 0xF600, 0xF5C2, 0xF58E, 0xF567, 0xF54F, 
	0xBD90, 0xBDE2, 0xBEC5, 0xC01C, 0xC1CD, 0xC3BB, 0xC5CA, 0xC7DF, 0xC9DD, 
	0xCBAE, 0xCD4E, 0xCEBF, 0xD004, 0xD11F, 0xD211, 0xD2DC, 0xD382, 0x5407, 
	0x546A, 0x54AE, 0x54D6, 0x54E2, 0x54E0, 0x54D1, 0x54AE, 0x546B, 0x53FF, 
	0x5361, 0x5287, 0x5166, 0x4FFA, 0xCE4E, 0xCC73, 0xCA79, 0xC870, 0xC667, 
	0xC46F, 0xC299, 0xC0F4, 0xBF91, 0xBE7F, 0xBDCE, 0x59DC, 0x59E2, 0x59FE, 
	0x5A3C, 0x5AA9, 0x5B50, 0x5C3F, 0x5D81, 0x5F24, 0x612D, 0x638D, 0x662D, 
	0x68F7, 0x6BD5, 0x6EAF, 0x7171, 0x7403, 0x09B0, 0x07BF, 0x0641, 0x054B, 
	0x04F5, 0x0508, 0x0547, 0x05B8, 0x0661, 0x0748, 0x0874, 0x09EA, 0x0BB1, 
	0x0DCC, 0x6FD6, 0x6D47, 0x6A9B, 0x67E5, 0x6539, 0x62A9, 0x6049, 0x5E2C, 
	0x5C66, 0x5B0A, 0x5A2A, 0x200C, 0x200B, 0x2003, 0x1FEF, 0x1FC7, 0x1F86, 
	0x1F25, 0x1E9D, 0x1DE9, 0x1BE3, 0x17B2, 0x11BD, 0x0A6B, 0x0226, 0xF954, 
	0xF05E, 0xE7AD, 0x5FA7, 0x58B4, 0x533D, 0x4FAA, 0x4E61, 0x4E66, 0x4E88, 
	0x4EE3, 0x4F93, 0x50B7, 0x526A, 0x54C9, 0x57F1, 0x5C36, 0xE1AB, 0xE80D, 
	0xEF18, 0xF686, 0xFE14, 0x057E, 0x0C7F, 0x12D3, 0x1835, 0x1C63, 0x1F16, 
	0xFFFF, 0xFFFF, 0xBFFF, 0xF4AC, 0xF4B5, 0xF4CE, 0xF4F7, 0xF52C, 0xF56D, 
	0xF5B8, 0xF60A, 0xF663, 0xF6C0, 0xF720, 0xF780, 0xF7E0, 0xF83D, 0xF896, 
	0xF8E8, 0xF933, 0xF974, 0xF9A9, 0xF9D2, 0xF9EB, 0xF9F4, 0xF9EB, 0xF9D2, 
	0xF9A9, 0xF974, 0xF933, 0xF8E8, 0xF896, 0xF83D, 0xF7E0, 0xF780, 0xF720, 
	0xF6C0, 0xF663, 0xF60A, 0xF5B8, 0xF56D, 0xF52C, 0xF4F7, 0xF4CE, 0xF4B5, 
	0xDAD5, 0xDAD4, 0xDAD0, 0xDAC9, 0xDAC0, 0xDAB6, 0xDAA9, 0xDA9C, 0xDA8D, 
	0xDA7E, 0xDA6E, 0xDA5E, 0xDA4F, 0xDA3F, 0xDA31, 0xDA23, 0xDA17, 0xDA0D, 
	0xDA04, 0xD9FD, 0xD9F9, 0xD9F7, 0xD9F9, 0xD9FD, 0xDA04, 0xDA0D, 0xDA17, 
	0xDA23, 0xDA31, 0xDA3F, 0xDA4F, 0xDA5E, 0xDA6E, 0xDA7E, 0xDA8D, 0xDA9C, 
	0xDAA9, 0xDAB6, 0xDAC0, 0xDAC9, 0xDAD0, 0xDAD4, 0x8DEF, 0x8DE4, 0x8DC3, 
	0x8D91, 0x8D4E, 0x8CFC, 0x8C9F, 0x8C37, 0x8BC8, 0x8B54, 0x8ADC, 0x8A63, 
	0x89EB, 0x8976, 0x8907, 0x88A0, 0x8842, 0x87F1, 0x87AE, 0x877B, 0x875B, 
	0x8750, 0x875B, 0x877B, 0x87AE, 0x87F1, 0x8842, 0x88A0, 0x8907, 0x8976, 
	0x89EB, 0x8A63, 0x8ADC, 0x8B54, 0x8BC8, 0x8C37, 0x8C9F, 0x8CFC, 0x8D4E, 
	0x8D91, 0x8DC3, 0x8DE4, 0x0002, 0x0002, 0x0002, 0x0002, 0x0002, 0x0002, 
	0x0002, 0x0002, 0x0002, 0x0002, 0x0002, 0x0002, 0x0001, 0x0001, 0x0001, 
	0x0001, 0x0001, 0x0001, 0x0001, 0x0001, 0x0001, 0x0001, 0x0001, 0x0001, 
	0x0001, 0x0001, 0x0001, 0x0001, 0x0001, 0x0001, 0x0001, 0x0002, 0xFFF9, 
	0xFFF9, 0xFFF9, 0xFFF9, 0xFFF9, 0xFFF9, 0xFFF9, 0xFFF9, 0xFFF9, 0xFFF9, 
	0xFFF9, 0xFFF9, 0xFFF8, 0xFFF8, 0xFFF8, 0xFFF8, 0xFFF8, 0xFFF8, 0xFFF8, 
	0xFFF8, 0xFFF8, 0xFFF8, 0xFFF8, 0xFFF8, 0xFFF8, 0xFFF8, 0xFFF8, 0xFFF8, 
	0xFFF8, 0xFFF8, 0xFFF8, 0xFFF9, 0x4003, 0x400C, 0x4024, 0x4049, 0x407B, 
	0x40B8, 0x40FE, 0x414B, 0x419D, 0x41F4, 0x424D, 0x42A7, 0x4301, 0x4357, 
	0x43AA, 0x43F7, 0x443D, 0x4479, 0x44AB, 0x44D1, 0x44E9, 0x44F1, 0x44E9, 
	0x44D1, 0x44AB, 0x4479, 0x443D, 0x43F7, 0x43AA, 0x4357, 0x4301, 0x42A7, 
	0x424D, 0x41F4, 0x419D, 0x414B, 0x40FE, 0x40B8, 0x407B, 0x4049, 0x4024, 
	0x400C, 0xFFDD, 0xFFF8, 0xFFF8, 0xFFF8, 0xFFF8, 0xFFF8, 0xFFF8, 0xFFF8, 
	0xFFF8, 0xFFF8, 0xFFF8, 0xFFF8, 0xFFF8, 0xFFF8, 0xFFF7, 0xFFF7, 0xFFF7, 
	0xFFF7, 0xFFF7, 0xFFF7, 0xFFF7, 0xFFF7, 0xFFF7, 0xFFF7, 0xFFF7, 0xFFF7, 
	0xFFF7, 0xFFF7, 0xFFF7, 0xFFF7, 0xFFF7, 0xFFF8, 0xC68C, 0xC68B, 0xC688, 
	0xC683, 0xC67D, 0xC675, 0xC66C, 0xC662, 0xC658, 0xC64C, 0xC641, 0xC635, 
	0xC62A, 0xC61E, 0xC614, 0xC60A, 0xC601, 0xC5F9, 0xC5F3, 0xC5EE, 0xC5EB, 
	0xC5EA, 0xC5EB, 0xC5EE, 0xC5F3, 0xC5F9, 0xC601, 0xC60A, 0xC614, 0xC61E, 
	0xC62A, 0xC635, 0xC641, 0xC64C, 0xC658, 0xC662, 0xC66C, 0xC675, 0xC67D, 
	0xC683, 0xC688, 0xC68B, 0xFFFF, 0xFFFF, 0xBFFF, 0x2B34, 0x2B34, 0x2B31, 
	0x2B2D, 0x2B27, 0x2B21, 0x2B19, 0x2B11, 0x2B08, 0x2AFF, 0x2AF5, 0x2AEB, 
	0x2AE2, 0x2AD8, 0x2ACF, 0x2AC7, 0x2ABF, 0x2AB9, 0x2AB3, 0x2AAF, 0x2AAD, 
	0x2AAC, 0x2AAD, 0x2AAF, 0x2AB3, 0x2AB9, 0x2ABF, 0x2AC7, 0x2ACF, 0x2AD8, 
	0x2AE2, 0x2AEB, 0x2AF5, 0x2AFF, 0x2B08, 0x2B11, 0x2B19, 0x2B21, 0x2B27, 
	0x2B2D, 0x2B31, 0x2B34, 0x2E77, 0x2E78, 0x2E7A, 0x2E7D, 0x2E81, 0x2E86, 
	0x2E8C, 0x2E93, 0x2E9A, 0x2EA2, 0x2EA9, 0x2EB1, 0x2EB9, 0x2EC0, 0x2EC7, 
	0x2ECE, 0x2ED4, 0x2ED9, 0x2EDE, 0x2EE1, 0x2EE3, 0x2EE4, 0x2EE3, 0x2EE1, 
	0x2EDE, 0x2ED9, 0x2ED4, 0x2ECE, 0x2EC7, 0x2EC0, 0x2EB9, 0x2EB1, 0x2EA9, 
	0x2EA2, 0x2E9A, 0x2E93, 0x2E8C, 0x2E86, 0x2E81, 0x2E7D, 0x2E7A, 0x2E78, 
	0xACDB, 0xACDA, 0xACD7, 0xACD3, 0xACCD, 0xACC6, 0xACBE, 0xACB4, 0xACAB, 
	0xACA0, 0xAC96, 0xAC8B, 0xAC80, 0xAC76, 0xAC6C, 0xAC63, 0xAC5B, 0xAC54, 
	0xAC4E, 0xAC49, 0xAC46, 0xAC45, 0xAC46, 0xAC49, 0xAC4E, 0xAC54, 0xAC5B, 
	0xAC63, 0xAC6C, 0xAC76, 0xAC80, 0xAC8B, 0xAC96, 0xACA0, 0xACAB, 0xACB4, 
	0xACBE, 0xACC6, 0xACCD, 0xACD3, 0xACD7, 0xACDA, 0x0002, 0x0002, 0x0002, 
	0x0002, 0x0002, 0x0002, 0x0002, 0x0002, 0x0002, 0x0002, 0x0002, 0x0002, 
	0x0002, 0x0002, 0x0002, 0x0001, 0x0001, 0x0001, 0x0001, 0x0001, 0x0001, 
	0x0001, 0x0001, 0x0001, 0x0001, 0x0001, 0x0001, 0x0001, 0x0001, 0x0002, 
	0x0003, 0x17BD, 0x17B2, 0x1792, 0x175B, 0x170E, 0x16AA, 0x1630, 0x159D, 
	0x14F3, 0x1430, 0x1355, 0x1262, 0x115F, 0x1053, 0x0F47, 0x0E44, 0x0D52, 
	0x0C79, 0x0BC2, 0x0B35, 0x0ADA, 0x0ABA, 0x0AD0, 0x0B0F, 0x0B72, 0x0BF6, 
	0x0C96, 0x0D4E, 0x0E19, 0x0EF4, 0x0FD9, 0x10C4, 0x11B2, 0x129E, 0x1383, 
	0x145D, 0x1528, 0x15E0, 0x1680, 0x1704, 0x1768, 0x17A7, 0xFFF3, 0xFFF3, 
	0xFFF3, 0xFFF3, 0xFFF2, 0xFFF2, 0xFFF2, 0xFFF2, 0xFFF2, 0xFFF2, 0xFFF2, 
	0xFFF2, 0xFFF3, 0xFFF4, 0xFFF5, 0xFFF6, 0xFFF7, 0xFFF9, 0xFFFA, 0xFFFB, 
	0xFFFC, 0xFFFC, 0xFFFC, 0xFFFD, 0xFFFD, 0xFFFD, 0xFFFD, 0xFFFD, 0xFFFD, 
	0xFFFD, 0xFFFD, 0xFFFD, 0xFFFC, 0xFFFB, 0xFFFA, 0xFFF9, 0xFFF8, 0xFFF7, 
	0xFFF5, 0xFFF4, 0xFFF4, 0xFFF3, 0xFFF2, 0xFFF2, 0xFFF2, 0xFFF3, 0xFFF3, 
	0xFFF3, 0xFFF4, 0xFFF4, 0xFFF4, 0xFFF4, 0xFFF4, 0xFFF4, 0xFFF4, 0xFFF3, 
	0xFFF2, 0xFFF1, 0xFFF0, 0xFFF0, 0xFFEF, 0xFFEE, 0xFFEE, 0xFFED, 0xFFED, 
	0xFFEE, 0xFFEE, 0xFFEE, 0xFFEE, 0xFFEE, 0xFFEE, 0xFFEE, 0xFFEE, 0xFFEE, 
	0xFFEF, 0xFFEF, 0xFFF0, 0xFFF0, 0xFFF0, 0xFFF1, 0xFFF1, 0xFFF2, 0xE7CE, 
	0xE7F5, 0xE85F, 0xE8FB, 0xE9B9, 0xEA88, 0xEB57, 0xEC15, 0xECB1, 0xED1B, 
	0xED42, 0xEC98, 0xEAC4, 0xE807, 0xE4A0, 0xE0D0, 0xDCD7, 0xD8F6, 0xD56C, 
	0xD27A, 0xD060, 0xCF5D, 0xCF07, 0xCEC3, 0xCE91, 0xCE6D, 0xCE54, 0xCE45, 
	0xCE3E, 0xCE3B, 0xCE3B, 0xCEBC, 0xD020, 0xD23A, 0xD4DC, 0xD7D9, 0xDB04, 
	0xDE2F, 0xE12C, 0xE3CF, 0xE5E9, 0xE74D, 
	},{ 
	0x0001, 0x0000, 0x002A, 0x0001, 0x0001, 0x002B, 0x0001, 0x002C, 0x0001, 
	0x002D, 0x0001, 0x002E, 0x0001, 0x002F, 0x0001, 0x0030, 0x0001, 0x0031, 
	0x002A, 0x0032, 0x002A, 0x005C, 0x002A, 0x0086, 0x002A, 0x00B0, 0x002A, 
	0x00DA, 0x002A, 0x0104, 0x0001, 0x012E, 0x0001, 0x012F, 0x0001, 0x0130, 
	0x002A, 0x0131, 0x002A, 0x015B, 0x002A, 0x0185, 0x002A, 0x01AF, 0x0001, 
	0x01D9, 0x002A, 0x01DA, 0x0001, 0x0204, 0x0001, 0x0205, 0x0001, 0x0206, 
	0x0001, 0x0207, 0x0001, 0x0208, 0x0001, 0x0209, 0x002A, 0x020A, 0x002A, 
	0x0234, 0x002A, 0x025E, 0x002A, 0x0288, 0x002A, 0x02B2, 0x002A, 0x02DC, 
	0x002A, 0x0306, 0x002A, 0x0330, 0x002A, 0x035A, 0x0001, 0x0384, 0x0001, 
	0x0385, 0x0001, 0x0386, 0x002A, 0x0387, 0x002A, 0x03B1, 0x002A, 0x03DB, 
	0x0020, 0x0405, 0x0020, 0x0425, 0x002A, 0x0445, 0x0001, 0x046F, 0x001F, 
	0x0470, 0x002A, 0x048F, 0x0001, 0x04B9, 0x0001, 0x04BA, 0x0001, 0x04BB, 
	0x002A, 0x04BC, 0x002A, 0x04E6, 0x002A, 0x0510, 0x001E, 0x053A, 0x0001, 
	0x0558, 0x002A, 0x0559, 0x002A, 0x0583, 0x0028, 0x05AD, 0x002A, 0x05D5, 
});
smlua_anim_util_register_animation('JWAL_RUN',0, 0, 0, 0, 80, { 
	0x0000, 0x00AE, 0x00AF, 0x00B2, 0x00B5, 0x00BA, 0x00C0, 0x00C5, 0x00CB, 
	0x00D0, 0x00D5, 0x00D9, 0x00DB, 0x00DC, 0x00DC, 0x00DB, 0x00D9, 0x00D5, 
	0x00D1, 0x00CB, 0x00C3, 0x00BB, 0x00B3, 0x00AB, 0x00A3, 0x009C, 0x0096, 
	0x0092, 0x008F, 0x008D, 0x008C, 0x008C, 0x008B, 0x008B, 0x008C, 0x008F, 
	0x0093, 0x0098, 0x009E, 0x00A5, 0x00AC, 0x00B3, 0x00BA, 0x00C1, 0x00C8, 
	0x00CE, 0x00D3, 0x00D8, 0x00DC, 0x00DF, 0x00E1, 0x00E3, 0x00E5, 0x00E5, 
	0x00E6, 0x00E4, 0x00E0, 0x00D9, 0x00D1, 0x00C7, 0x00BD, 0x00B2, 0x00A7, 
	0x009E, 0x0095, 0x008F, 0x008A, 0x0089, 0x0089, 0x008B, 0x008D, 0x0090, 
	0x0093, 0x0097, 0x009B, 0x009F, 0x00A3, 0x00A6, 0x00A9, 0x00AC, 0x00AE, 
	0x0000, 0x0000, 0x4000, 0x0000, 0xFFFF, 0x0000, 0x3A85, 0xEC09, 0xEC09, 
	0xEC09, 0xEC09, 0xEC0A, 0xEC0B, 0xEC0C, 0xEC0D, 0xEC0F, 0xEC12, 0xEC15, 
	0xEC1A, 0xEC1F, 0xEC38, 0xEC76, 0xECD6, 0xED55, 0xEDEF, 0xEEA2, 0xEF69, 
	0xF042, 0xF12A, 0xF21C, 0xF317, 0xF416, 0xF516, 0xF615, 0xF710, 0xF810, 
	0xF91D, 0xFA42, 0xFB86, 0xFCF4, 0xFE91, 0x0053, 0x0227, 0x03FE, 0x05CA, 
	0x077A, 0x08FF, 0x0A49, 0x0B48, 0x0BEC, 0x0C27, 0x0C27, 0x0C27, 0x0C27, 
	0x0C27, 0x0C27, 0x0C27, 0x0C27, 0x0C27, 0x0C27, 0x0C27, 0x0C10, 0x0BCE, 
	0x0B68, 0x0AE4, 0x0A48, 0x0999, 0x08DF, 0x081E, 0x075D, 0x06A2, 0x05F3, 
	0x0557, 0x04D2, 0x0465, 0x03FC, 0x037C, 0x02C8, 0x01C8, 0x005F, 0xFE71, 
	0xFBE7, 0xF8BA, 0xF53A, 0xF1CF, 0xEEDE, 0xECCF, 0xEC09, 0xFFFF, 0xFFF5, 
	0xFFDB, 0xFFB3, 0xFF81, 0xFF48, 0xFF0B, 0xFECF, 0xFE96, 0xFE63, 0xFE3B, 
	0xFE21, 0xFE17, 0xFE24, 0xFE49, 0xFE82, 0xFECC, 0xFF24, 0xFF86, 0xFFEF, 
	0x005E, 0x00CC, 0x0137, 0x019C, 0x01F8, 0x0248, 0x0287, 0x02B5, 0x02D4, 
	0x02E7, 0x02F1, 0x02F4, 0x02F5, 0x02E7, 0x02C3, 0x028C, 0x0249, 0x01FD, 
	0x01AF, 0x0164, 0x0121, 0x00EA, 0x00C6, 0x00B8, 0x00B8, 0x00B8, 0x00B8, 
	0x00B8, 0x00B8, 0x00B8, 0x00B8, 0x00B8, 0x00B8, 0x00B8, 0x00B1, 0x009B, 
	0x007B, 0x0051, 0x0021, 0xFFEB, 0xFFB4, 0xFF7D, 0xFF49, 0xFF19, 0xFEF0, 
	0xFED1, 0xFEBD, 0xFEB1, 0xFEA8, 0xFEA2, 0xFE9E, 0xFE9B, 0xFE9A, 0xFE99, 
	0xFE99, 0xFEB4, 0xFEF6, 0xFF4C, 0xFFA2, 0xFFE5, 0xFFFF, 0xFF6D, 0xFF5B, 
	0xFF29, 0xFEDE, 0xFE7F, 0xFE14, 0xFDA3, 0xFD31, 0xFCC6, 0xFC68, 0xFC1C, 
	0xFBEB, 0xFBD9, 0xFBE9, 0xFC19, 0xFC65, 0xFCCB, 0xFD48, 0xFDD9, 0xFE7B, 
	0xFF2C, 0xFFE8, 0x00AE, 0x0179, 0x0247, 0x0315, 0x03E1, 0x04A6, 0x055D, 
	0x05FB, 0x0678, 0x06CA, 0x06E7, 0x06CC, 0x067D, 0x0600, 0x055C, 0x0495, 
	0x03B1, 0x02B6, 0x01A9, 0x0090, 0xFF70, 0xFE4F, 0xFD33, 0xFC21, 0xFB1D, 
	0xFA2C, 0xF953, 0xF896, 0xF7FC, 0xF787, 0xF73E, 0xF724, 0xF743, 0xF79D, 
	0xF82A, 0xF8E4, 0xF9C3, 0xFAC0, 0xFBD6, 0xFCFC, 0xFE2C, 0xFF60, 0x0090, 
	0x01B4, 0x02C7, 0x03C2, 0x04A3, 0x0567, 0x060B, 0x068F, 0x06F0, 0x072B, 
	0x0740, 0x06AB, 0x0539, 0x0357, 0x0175, 0x0002, 0xFF6D, 0x140A, 0x1409, 
	0x1407, 0x1405, 0x1402, 0x13FE, 0x13FA, 0x13F6, 0x13F1, 0x13ED, 0x13E9, 
	0x13E6, 0x13E3, 0x13E0, 0x13DB, 0x13D1, 0x13BE, 0x13A1, 0x1375, 0x1338, 
	0x12E7, 0x127E, 0x11FC, 0x115C, 0x109D, 0x0FBA, 0x0EB1, 0x0D6E, 0x0BE8, 
	0x0A2C, 0x0848, 0x0649, 0x043E, 0x0233, 0x0032, 0xFE41, 0xFC6B, 0xFAB9, 
	0xF931, 0xF7DE, 0xF6C6, 0xF5F3, 0xF56D, 0xF53C, 0xF53A, 0xF538, 0xF536, 
	0xF535, 0xF534, 0xF533, 0xF533, 0xF533, 0xF533, 0xF533, 0xF533, 0xF534, 
	0xF536, 0xF53B, 0xF542, 0xF54E, 0xF55E, 0xF573, 0xF58F, 0xF5B1, 0xF5DB, 
	0xF60D, 0xF648, 0xF6AD, 0xF761, 0xF869, 0xF9CF, 0xFB98, 0xFDCC, 0x0073, 
	0x0391, 0x0720, 0x0AD5, 0x0E54, 0x1144, 0x1349, 0x140A, 0x0263, 0x0268, 
	0x0278, 0x0290, 0x02AD, 0x02CF, 0x02F3, 0x0316, 0x0338, 0x0355, 0x036D, 
	0x037D, 0x0382, 0x037D, 0x036C, 0x0352, 0x032F, 0x0304, 0x02D2, 0x029A, 
	0x025D, 0x021B, 0x01D5, 0x018E, 0x0144, 0x00F9, 0x00AF, 0x0066, 0x001E, 
	0xFFD6, 0xFF92, 0xFF50, 0xFF11, 0xFED5, 0xFE9D, 0xFE69, 0xFE39, 0xFE0E, 
	0xFDE9, 0xFDC9, 0xFDB0, 0xFD9D, 0xFD92, 0xFD8E, 0xFD8F, 0xFD91, 0xFD95, 
	0xFD9A, 0xFDA0, 0xFDA6, 0xFDAC, 0xFDB2, 0xFDB7, 0xFDBC, 0xFDBF, 0xFDC2, 
	0xFDC3, 0xFDC4, 0xFDC5, 0xFDC6, 0xFDC7, 0xFDC9, 0xFDCB, 0xFDCE, 0xFDD2, 
	0xFDD8, 0xFDDF, 0xFDF2, 0xFE19, 0xFE52, 0xFE9B, 0xFEF3, 0xFF58, 0xFFC7, 
	0x0041, 0x00C1, 0x013E, 0x01B0, 0x020D, 0x024C, 0x0263, 0xFD18, 0xFD0D, 
	0xFCF0, 0xFCC4, 0xFC8C, 0xFC4D, 0xFC0A, 0xFBC7, 0xFB88, 0xFB50, 0xFB24, 
	0xFB06, 0xFAFC, 0xFAFC, 0xFAFF, 0xFB07, 0xFB16, 0xFB30, 0xFB56, 0xFB8B, 
	0xFBD2, 0xFC2D, 0xFC9E, 0xFD29, 0xFDCF, 0xFE93, 0xFF78, 0x0089, 0x01B5, 
	0x02DC, 0x03D9, 0x048A, 0x04CD, 0x04C0, 0x049E, 0x046A, 0x042A, 0x03E3, 
	0x0399, 0x0352, 0x0312, 0x02DE, 0x02BC, 0x02AF, 0x02B2, 0x02B9, 0x02C4, 
	0x02D2, 0x02E4, 0x02F8, 0x030F, 0x0327, 0x0340, 0x035A, 0x0374, 0x038E, 
	0x03A8, 0x03C1, 0x03D8, 0x03EE, 0x0403, 0x0415, 0x0424, 0x0431, 0x043B, 
	0x0441, 0x0443, 0x03B4, 0x023D, 0x002B, 0xFDCA, 0xFB6A, 0xF958, 0xF7E1, 
	0xF753, 0xF7C0, 0xF8D2, 0xFA35, 0xFB99, 0xFCAB, 0xFD18, 0x0000, 0xFFFF, 
	0xBFFF, 0xA496, 0xA4FC, 0xA61F, 0xA7EC, 0xAA4E, 0xAD32, 0xB083, 0xB42D, 
	0xB81C, 0xBC3B, 0xC077, 0xC4BC, 0xC8F4, 0xCD0F, 0xD104, 0xD4CD, 0xD862, 
	0xDBBE, 0xDEDB, 0xE1B1, 0xE43C, 0xE673, 0xE852, 0xE9D1, 0xEAEB, 0xEB99, 
	0xEBD4, 0xEB6B, 0xEA62, 0xE906, 0xE7A4, 0xE688, 0xE600, 0xE5E1, 0xE5CD, 
	0xE5C1, 0xE5BC, 0xE5BB, 0xE5BB, 0xE5B9, 0xE5B4, 0xE5A9, 0xE595, 0xE576, 
	0xE4E9, 0xE3AA, 0xE1E6, 0xDFCC, 0xDD88, 0xDB48, 0xD93A, 0xD789, 0xD664, 
	0xD5F9, 0xD646, 0xD71E, 0xD867, 0xDA08, 0xDBE8, 0xDDED, 0xDFFF, 0xE205, 
	0xE3E5, 0xE585, 0xE6CE, 0xE7A6, 0xE7F4, 0xE7F3, 0xE7ED, 0xE7DD, 0xE7BE, 
	0xE78A, 0xE73E, 0xE6D2, 0xE644, 0xE0F6, 0xD4AD, 0xC4F3, 0xB555, 0xA95D, 
	0xA496, 0xC4D9, 0xC4D7, 0xC4D0, 0xC4C7, 0xC4BB, 0xC4AD, 0xC49F, 0xC491, 
	0xC483, 0xC477, 0xC46E, 0xC467, 0xC465, 0xC46A, 0xC480, 0xC4AC, 0xC4F8, 
	0xC56A, 0xC60A, 0xC6E1, 0xC7F5, 0xC94E, 0xCAF4, 0xCCEF, 0xCF45, 0xD200, 
	0xD526, 0xD8AF, 0xDC54, 0xDFC1, 0xE29E, 0xE494, 0xE54F, 0xE527, 0xE4B8, 
	0xE413, 0xE347, 0xE264, 0xE178, 0xE095, 0xDFC9, 0xDF23, 0xDEB5, 0xDE8D, 
	0xDE98, 0xDEB8, 0xDEE7, 0xDF20, 0xDF5E, 0xDF9D, 0xDFD6, 0xE005, 0xE024, 
	0xE030, 0xE02D, 0xE021, 0xE00E, 0xDFF3, 0xDFD0, 0xDFA5, 0xDF71, 0xDF34, 
	0xDEEE, 0xDE9F, 0xDE47, 0xDDE5, 0xDD7A, 0xDD02, 0xDC6F, 0xDBB2, 0xDABB, 
	0xD978, 0xD7D9, 0xD5CF, 0xD349, 0xD048, 0xCD11, 0xC9FA, 0xC75A, 0xC588, 
	0xC4D9, 0xF9C3, 0xF92A, 0xF782, 0xF502, 0xF1E0, 0xEE52, 0xEA8E, 0xE6C9, 
	0xE33B, 0xE019, 0xDD99, 0xDBF2, 0xDB58, 0xDB9A, 0xDC51, 0xDD6A, 0xDED2, 
	0xE075, 0xE23F, 0xE41D, 0xE5FA, 0xE7C4, 0xE967, 0xEACF, 0xEBE8, 0xEC9F, 
	0xECE1, 0xECD3, 0xECAD, 0xEC73, 0xEC2B, 0xEBDA, 0xEB84, 0xEB2F, 0xEADC, 
	0xEA8C, 0xEA41, 0xE9FC, 0xE9BE, 0xE988, 0xE95C, 0xE93C, 0xE927, 0xE920, 
	0xE97C, 0xEA77, 0xEBE8, 0xEDA8, 0xEF90, 0xF178, 0xF338, 0xF4AA, 0xF5A4, 
	0xF600, 0xF5FF, 0xF5F6, 0xF5DD, 0xF5AC, 0xF55B, 0xF4E3, 0xF43B, 0xF35B, 
	0xF23C, 0xF0D5, 0xEF1F, 0xED12, 0xEAA5, 0xE64A, 0xDF25, 0xD642, 0xCCA9, 
	0xC363, 0xBB7B, 0xB5FA, 0xB3EA, 0xB916, 0xC606, 0xD6D6, 0xE7A7, 0xF497, 
	0xF9C3, 0xFFFF, 0xFFFF, 0xFFFF, 0xFFFF, 0xFFFF, 0x0000, 0xFFFF, 0xFFFF, 
	0xFFFF, 0xFFFF, 0x0000, 0x0000, 0x0000, 0xFFFF, 0xFFFF, 0xFFFF, 0xFFFF, 
	0xFFFF, 0xFFFF, 0xFFFF, 0xFFFF, 0xFFFF, 0xFFFF, 0xFFFF, 0xFFFF, 0xFFFF, 
	0xFFFF, 0xFFFF, 0xFFFF, 0xFFFF, 0xFFFF, 0xFFFF, 0xFFFF, 0xFFFF, 0xFFFF, 
	0xFFFF, 0xFFFF, 0xFFFF, 0xFFFF, 0xFFFF, 0xFFFF, 0xFFFF, 0xFFFF, 0xFFFF, 
	0xFFFF, 0xFFFF, 0xFFFF, 0xFFFF, 0xFFFF, 0xFFFF, 0xFFFF, 0xFFFF, 0xFFFF, 
	0xFFFF, 0xFFFF, 0xFFFF, 0xFFFF, 0xFFFF, 0xFFFF, 0xFFFF, 0xFFFF, 0xFFFF, 
	0xFFFF, 0xFFFF, 0xFFFF, 0xFFFF, 0xFFFF, 0x0000, 0x0000, 0x0000, 0x0000, 
	0x0000, 0xFFFF, 0xFFFF, 0xFFFF, 0x0000, 0x0000, 0x0000, 0x0000, 0xFFFF, 
	0xFFFF, 0x0000, 0x0000, 0x0000, 0x0000, 0x0000, 0x0000, 0x0000, 0x0000, 
	0x0000, 0x0000, 0xFFFF, 0x0000, 0xFFFF, 0xCAFF, 0xCAD2, 0xCA56, 0xC99A, 
	0xC8AF, 0xC7A4, 0xC68A, 0xC56F, 0xC464, 0xC379, 0xC2BD, 0xC241, 0xC214, 
	0xC28D, 0xC3E0, 0xC5E9, 0xC883, 0xCB8B, 0xCEDA, 0xD24F, 0xD5C3, 0xD913, 
	0xDC1A, 0xDEB4, 0xE0BD, 0xE210, 0xE289, 0xE159, 0xDE62, 0xDA86, 0xD6AA, 
	0xD3B3, 0xD283, 0xD2AB, 0xD320, 0xD3D8, 0xD4CC, 0xD5F3, 0xD746, 0xD8BB, 
	0xDA4B, 0xDBED, 0xDD99, 0xDF48, 0xE0F0, 0xE28B, 0xE412, 0xE57C, 0xE6C2, 
	0xE7DD, 0xE8C7, 0xE976, 0xE9E5, 0xEA0C, 0xE9B5, 0xE8BF, 0xE73C, 0xE53E, 
	0xE2DA, 0xE022, 0xDD2A, 0xDA05, 0xD6C5, 0xD37E, 0xD042, 0xCD26, 0xCA3C, 
	0xC795, 0xC538, 0xC32A, 0xC171, 0xC011, 0xBF0F, 0xBE71, 0xBE3B, 0xBF2D, 
	0xC18A, 0xC49D, 0xC7B0, 0xCA0D, 0xCAFF, 0xDFFF, 0xF8E3, 0xEE38, 0x0000, 
	0xFFFF, 0xBFFF, 0x12E6, 0x130E, 0x137B, 0x1421, 0x14F0, 0x15DC, 0x16D5, 
	0x17CE, 0x18BA, 0x1989, 0x1A2F, 0x1A9C, 0x1AC4, 0x1A74, 0x1990, 0x182F, 
	0x1666, 0x1449, 0x11EF, 0x0F6C, 0x0CD5, 0x0A41, 0x07C4, 0x0573, 0x0363, 
	0x01AB, 0x005E, 0xFF78, 0xFEDF, 0xFE82, 0xFE53, 0xFE41, 0xFE3E, 0xFED6, 
	0x0075, 0x02E0, 0x05DD, 0x0932, 0x0CA5, 0x0FFA, 0x12F7, 0x1562, 0x1701, 
	0x1798, 0x16B0, 0x143C, 0x109E, 0x0C3A, 0x0773, 0x02AB, 0xFE46, 0xFAA8, 
	0xF834, 0xF74C, 0xF7DB, 0xF966, 0xFBC1, 0xFEBE, 0x022E, 0x05E3, 0x09AF, 
	0x0D64, 0x10D3, 0x13D0, 0x162B, 0x17B6, 0x1844, 0x1823, 0x17C8, 0x1742, 
	0x169D, 0x15E9, 0x1533, 0x1488, 0x13F7, 0x138A, 0x133F, 0x130F, 0x12F4, 
	0x12E8, 0x12E6, 0x3224, 0x320A, 0x31C1, 0x3154, 0x30CB, 0x302F, 0x2F8A, 
	0x2EE5, 0x2E4A, 0x2DC1, 0x2D53, 0x2D0B, 0x2CF1, 0x2D12, 0x2D70, 0x2E00, 
	0x2EB8, 0x2F8F, 0x3079, 0x316E, 0x3263, 0x334D, 0x3424, 0x34DC, 0x356C, 
	0x35CA, 0x35EB, 0x3563, 0x340C, 0x324F, 0x3092, 0x2F3C, 0x2EB3, 0x2EE6, 
	0x2F71, 0x3040, 0x3140, 0x325E, 0x3385, 0x34A3, 0x35A3, 0x3672, 0x36FD, 
	0x3730, 0x3720, 0x36F6, 0x36B3, 0x365C, 0x35F4, 0x357F, 0x34FF, 0x347A, 
	0x33F3, 0x336C, 0x32E9, 0x3267, 0x31E5, 0x3160, 0x30D4, 0x303F, 0x2F9E, 
	0x2EEF, 0x2E2E, 0x2D5A, 0x2C6E, 0x2B6A, 0x2A49, 0x290C, 0x27C2, 0x267B, 
	0x254A, 0x243E, 0x2369, 0x22DD, 0x22AA, 0x23D0, 0x26AD, 0x2A67, 0x2E21, 
	0x30FE, 0x3224, 0xF556, 0xF585, 0xF608, 0xF6CC, 0xF7C3, 0xF8DB, 0xFA04, 
	0xFB2D, 0xFC45, 0xFD3C, 0xFE01, 0xFE83, 0xFEB2, 0xFE6D, 0xFDA5, 0xFC63, 
	0xFAB1, 0xF897, 0xF621, 0xF357, 0xF042, 0xECED, 0xE961, 0xE5A7, 0xE1C8, 
	0xDDD0, 0xD9C6, 0xD5B8, 0xD1C0, 0xCDFD, 0xCA8B, 0xC788, 0xC513, 0xC33E, 
	0xC1F1, 0xC108, 0xC060, 0xBFD6, 0xBF47, 0xBE8F, 0xBD8B, 0xBC17, 0xBA11, 
	0xB755, 0xB3CF, 0xAFAB, 0xAB26, 0xA679, 0xA1E1, 0x9D9A, 0x99DE, 0x96EA, 
	0x94F9, 0x9446, 0x959F, 0x9960, 0x9F1C, 0xA663, 0xAEC8, 0xB7DA, 0xC12E, 
	0xCA52, 0xD2DA, 0xDA57, 0xE059, 0xE474, 0xE638, 0xE691, 0xE6BF, 0xE6CF, 
	0xE6D2, 0xE6D4, 0xE6E5, 0xE713, 0xE76C, 0xE8C4, 0xEB6E, 0xEEB8, 0xF1EE, 
	0xF45E, 0xF556, 0xFFFF, 0xFFFF, 0x0000, 0x0000, 0x0000, 0x0000, 0x0000, 
	0xFFFF, 0xFFFF, 0xFFFF, 0xFFFF, 0x0000, 0x0000, 0x0000, 0xFFFF, 0xFFFF, 
	0x0000, 0xFFFF, 0xFFFF, 0x0000, 0x0000, 0x0000, 0x0000, 0xFFFF, 0xFFFF, 
	0xFFFF, 0x0000, 0x0000, 0x0000, 0x0000, 0x0000, 0x0000, 0x0000, 0x0000, 
	0x0000, 0x0000, 0x0000, 0x0000, 0x0000, 0x0000, 0x0000, 0x0000, 0x0000, 
	0x0000, 0x0000, 0x0000, 0x0000, 0x0000, 0x0000, 0x0000, 0x0000, 0x0000, 
	0x0000, 0x0000, 0x0000, 0x0000, 0x0000, 0x0000, 0x0000, 0x0000, 0x0000, 
	0x0000, 0x0000, 0x0000, 0x0000, 0x0000, 0x0000, 0x0000, 0x0000, 0x0000, 
	0x0000, 0x0000, 0x0000, 0x0000, 0x0000, 0x0000, 0x0000, 0x0000, 0x0000, 
	0x0000, 0xFFFF, 0xFFFF, 0xFFFF, 0x0000, 0xFFFF, 0xFFFF, 0xFFFF, 0xFFFF, 
	0x0000, 0x0000, 0x0000, 0xFFFF, 0xFFFF, 0x0000, 0xFFFF, 0xFFFF, 0xFFFF, 
	0x0000, 0xFFFF, 0x0000, 0x0000, 0xFFFF, 0x0000, 0x0000, 0xFFFF, 0xFFFF, 
	0x0000, 0xFFFF, 0xFFFF, 0x0000, 0xFFFF, 0xFFFF, 0xFFFF, 0x0000, 0x0000, 
	0x0000, 0xFFFF, 0xFFFF, 0x0000, 0xFFFF, 0xFFFF, 0x0000, 0x0000, 0x0000, 
	0x0000, 0x0000, 0x0000, 0x0000, 0x0000, 0x0000, 0x0000, 0x0000, 0x0000, 
	0xFFFF, 0xFFFF, 0xFFFF, 0x0000, 0x0000, 0x0000, 0x0000, 0xFFFF, 0x0000, 
	0x0000, 0x0000, 0x0000, 0x0000, 0xFFFF, 0xFFFF, 0xFFFF, 0xFFFF, 0xFFFF, 
	0xFFFF, 0x0000, 0xFFFF, 0xFFFF, 0x0000, 0xFFFF, 0xFFFF, 0xFFFF, 0x0000, 
	0xFFFF, 0xE258, 0xE258, 0xE257, 0xE253, 0xE24C, 0xE240, 0xE22E, 0xE216, 
	0xE1F5, 0xE1CB, 0xE197, 0xE157, 0xE10B, 0xE0B0, 0xE047, 0xDFCD, 0xDF42, 
	0xDEA4, 0xDDF3, 0xDD2D, 0xDC51, 0xDB5D, 0xDA52, 0xD92D, 0xD7ED, 0xD692, 
	0xD519, 0xD33A, 0xD0CC, 0xCDFF, 0xCB04, 0xC80A, 0xC541, 0xC2D2, 0xC0BD, 
	0xBEFD, 0xBD8B, 0xBC61, 0xBB76, 0xBAC5, 0xBA48, 0xB9F6, 0xB9CA, 0xB9BD, 
	0xB9BD, 0xB9BF, 0xB9C4, 0xB9CE, 0xB9DE, 0xB9F6, 0xBA18, 0xBA45, 0xBA7E, 
	0xBAC6, 0xBB47, 0xBC24, 0xBD52, 0xBEC5, 0xC074, 0xC252, 0xC454, 0xC671, 
	0xC89C, 0xCACB, 0xCCF3, 0xCF09, 0xD102, 0xD2D5, 0xD485, 0xD618, 0xD793, 
	0xD8FC, 0xDA57, 0xDBAB, 0xDCFD, 0xDE4D, 0xDF8D, 0xE0A8, 0xE18B, 0xE221, 
	0xE258, 0x2000, 0x071C, 0xEE38, 0x0000, 0x0000, 0xBFFF, 0xE305, 0xE305, 
	0xE305, 0xE305, 0xE305, 0xE305, 0xE305, 0xE305, 0xE305, 0xE305, 0xE305, 
	0xE305, 0xE305, 0xE306, 0xE30E, 0xE323, 0xE34D, 0xE393, 0xE3FA, 0xE48A, 
	0xE54B, 0xE641, 0xE775, 0xE8ED, 0xEAB1, 0xECC6, 0xEF33, 0xF281, 0xF6BD, 
	0xFB39, 0xFF45, 0x0234, 0x0354, 0x0354, 0x0354, 0x0351, 0x034D, 0x0346, 
	0x033C, 0x032D, 0x031A, 0x0301, 0x02E2, 0x02BC, 0x0259, 0x018F, 0x0073, 
	0xFF13, 0xFD86, 0xFBDC, 0xFA27, 0xF87A, 0xF6E8, 0xF583, 0xF452, 0xF350, 
	0xF27A, 0xF1CA, 0xF13D, 0xF0CF, 0xF07D, 0xF042, 0xF01A, 0xF002, 0xEFF6, 
	0xEFF1, 0xEFF1, 0xEFF1, 0xEFF1, 0xEFF1, 0xEFF1, 0xEFF1, 0xEFF1, 0xEFF1, 
	0xEFF1, 0xEEFC, 0xEC97, 0xE97B, 0xE65E, 0xE3FA, 0xE305, 0xE7B1, 0xE7B1, 
	0xE7B1, 0xE7B1, 0xE7B1, 0xE7B1, 0xE7B1, 0xE7B1, 0xE7B1, 0xE7B1, 0xE7B1, 
	0xE7B1, 0xE7B1, 0xE7B1, 0xE7B0, 0xE7AE, 0xE7AC, 0xE7AA, 0xE7A8, 0xE7A5, 
	0xE7A3, 0xE7A0, 0xE79E, 0xE79C, 0xE79A, 0xE799, 0xE799, 0xE7C4, 0xE833, 
	0xE8CE, 0xE97B, 0xEA23, 0xEAAC, 0xEB11, 0xEB61, 0xEB9E, 0xEBCB, 0xEBEC, 
	0xEC03, 0xEC13, 0xEC1F, 0xEC2B, 0xEC38, 0xEC4B, 0xEC66, 0xEC89, 0xECB5, 
	0xECEA, 0xED27, 0xED6E, 0xEDBF, 0xEE19, 0xEE7D, 0xEEEB, 0xEF63, 0xEFE3, 
	0xF067, 0xF0EC, 0xF170, 0xF1EF, 0xF267, 0xF2D5, 0xF335, 0xF385, 0xF3C2, 
	0xF3E8, 0xF3F6, 0xF3F6, 0xF3F6, 0xF3F6, 0xF3F6, 0xF3F6, 0xF3F6, 0xF3F6, 
	0xF3F6, 0xF30D, 0xF0C8, 0xEDD4, 0xEADF, 0xE89A, 0xE7B1, 0xCCB3, 0xCCC9, 
	0xCD06, 0xCD62, 0xCDD4, 0xCE57, 0xCEE1, 0xCF6B, 0xCFEE, 0xD061, 0xD0BC, 
	0xD0F9, 0xD10F, 0xD10D, 0xD0FF, 0xD0DA, 0xD092, 0xD01B, 0xCF6A, 0xCE72, 
	0xCD29, 0xCB82, 0xC972, 0xC6ED, 0xC3E7, 0xC055, 0xBC2B, 0xB5D8, 0xACC6, 
	0xA25A, 0x97FC, 0x8F15, 0x890C, 0x8547, 0x8230, 0x7FB7, 0x7DCB, 0x7C58, 
	0x7B4F, 0x7A9D, 0x7A31, 0x79FA, 0x79E5, 0x79E2, 0x7A6E, 0x7BF3, 0x7E48, 
	0x8140, 0x84B2, 0x8872, 0x8C54, 0x902E, 0x93D6, 0x971F, 0x99E8, 0x9C37, 
	0x9E1B, 0x9FA3, 0xA0DE, 0xA1DA, 0xA2A6, 0xA353, 0xA3EE, 0xA487, 0xA52C, 
	0xA5ED, 0xA6D8, 0xA7FC, 0xA963, 0xAB17, 0xAD22, 0xAF8D, 0xB261, 0xB5A9, 
	0xB96F, 0xBDA8, 0xC202, 0xC616, 0xC97F, 0xCBD5, 0xCCB3, 0xFFFF, 0xFFFF, 
	0x0000, 0xFFFF, 0x0000, 0xFFFF, 0x0000, 0xFFFF, 0x0000, 0xFFFF, 0x0000, 
	0xFFFF, 0x0000, 0x0000, 0x0000, 0x0000, 0x0000, 0x0000, 0x0000, 0x0000, 
	0x0000, 0x0000, 0x0000, 0x0000, 0x0000, 0x0000, 0x0000, 0x0000, 0x0000, 
	0x0000, 0x0000, 0x0000, 0x0000, 0x0000, 0x0000, 0x0000, 0x0000, 0x0000, 
	0x0000, 0x0000, 0x0000, 0x0000, 0x0000, 0x0000, 0x0000, 0x0000, 0x0000, 
	0x0000, 0x0000, 0x0000, 0x0000, 0x0000, 0x0000, 0x0000, 0x0000, 0x0000, 
	0xFFFF, 0xFFFF, 0x0000, 0x0000, 0x0000, 0x0000, 0x0000, 0x0000, 0x0000, 
	0x0000, 0x0000, 0x0000, 0x0000, 0x0000, 0x0000, 0x0000, 0x0000, 0x0000, 
	0x0000, 0x0000, 0x0000, 0x0000, 0x0000, 0xFFFF, 0x0000, 0x0000, 0x0000, 
	0x0000, 0x0000, 0x0000, 0xFFFF, 0xFFFF, 0xFFFF, 0x0000, 0xFFFF, 0xFFFF, 
	0xFFFF, 0xFFFF, 0xFFFF, 0xFFFF, 0xFFFF, 0x0000, 0x0000, 0x0000, 0x0000, 
	0xFFFF, 0x0000, 0xFFFF, 0x0000, 0x318B, 0x31CC, 0x3283, 0x339D, 0x3506, 
	0x36AD, 0x387E, 0x3A66, 0x3C53, 0x3E32, 0x3FEF, 0x4179, 0x42BC, 0x43C1, 
	0x44A1, 0x455F, 0x45FE, 0x467F, 0x46E7, 0x4738, 0x4774, 0x47A0, 0x47BD, 
	0x47CF, 0x47D8, 0x47DB, 0x47DC, 0x47A5, 0x4705, 0x4606, 0x44AE, 0x4308, 
	0x411A, 0x3EEE, 0x3C8B, 0x39FA, 0x3744, 0x3471, 0x3188, 0x2E93, 0x2B9A, 
	0x28A5, 0x25BD, 0x22E9, 0x2033, 0x1DA3, 0x1B40, 0x1914, 0x1726, 0x157F, 
	0x1428, 0x1328, 0x1289, 0x1252, 0x12EA, 0x1493, 0x171A, 0x1A4E, 0x1DFE, 
	0x21F8, 0x260B, 0x2A06, 0x2DB5, 0x30EA, 0x3371, 0x351A, 0x35B2, 0x351D, 
	0x3395, 0x316A, 0x2EEE, 0x2C72, 0x2A47, 0x28BF, 0x282A, 0x28DC, 0x2A99, 
	0x2CDB, 0x2F1D, 0x30D9, 0x318B, 0xFFFF, 0xFFFF, 0xFFFF, 0x0000, 0xFFFF, 
	0xFFFF, 0x0000, 0x0000, 0x0000, 0x0000, 0x0000, 0x0000, 0x0000, 0xFFFF, 
	0x0000, 0xFFFF, 0x0000, 0xFFFF, 0x0000, 0xFFFF, 0xFFFF, 0x0000, 0xFFFF, 
	0x0000, 0xFFFF, 0x0000, 0x0000, 0x0000, 0x0000, 0x0000, 0x0000, 0x0000, 
	0x0000, 0x0000, 0x0000, 0x0000, 0x0000, 0x0000, 0x0000, 0x0000, 0x0000, 
	0x0000, 0x0000, 0xFFFF, 0x0000, 0x0000, 0x0000, 0x0000, 0x0000, 0x0000, 
	0xFFFF, 0x0000, 0x0000, 0x0000, 0xFFFF, 0x0000, 0x0000, 0x0000, 0xFFFF, 
	0x0000, 0xC7D0, 0xC816, 0xC8DE, 0xCA17, 0xCBB1, 0xCD9B, 0xCFC6, 0xD220, 
	0xD49B, 0xD724, 0xD9AD, 0xDC24, 0xDE79, 0xE0A0, 0xE296, 0xE45C, 0xE5F4, 
	0xE75F, 0xE89F, 0xE9B4, 0xEAA0, 0xEB65, 0xEC03, 0xEC7B, 0xECD0, 0xED01, 
	0xED12, 0xECC8, 0xEBFA, 0xEABE, 0xE929, 0xE753, 0xE551, 0xE337, 0xE106, 
	0xDEC1, 0xDC66, 0xD9F6, 0xD771, 0xD4D6, 0xD227, 0xCF62, 0xCC88, 0xC99A, 
	0xC699, 0xC397, 0xC0A7, 0xBDDB, 0xBB49, 0xB903, 0xB71C, 0xB5A9, 0xB4BB, 
	0xB468, 0xB483, 0xB4CD, 0xB53E, 0xB5CD, 0xB672, 0xB724, 0xB7DA, 0xB88C, 
	0xB931, 0xB9C0, 0xBA31, 0xBA7B, 0xBA96, 0xBA5B, 0xB9BE, 0xB8E2, 0xB7E5, 
	0xB6E8, 0xB60B, 0xB56F, 0xB534, 0xB695, 0xBA07, 0xBE82, 0xC2FD, 0xC66F, 
	0xC7D0, 0x0000, 0x0000, 0xBFFF, 0xFC7D, 0xFCE0, 0xFDF1, 0xFF8E, 0x0194, 
	0x03DF, 0x064D, 0x08BB, 0x0B06, 0x0D0B, 0x0EA8, 0x0FB9, 0x101C, 0x0FFF, 
	0x0FB0, 0x0F36, 0x0E9A, 0x0DE5, 0x0D1E, 0x0C4F, 0x0B80, 0x0ABA, 0x0A05, 
	0x0969, 0x08EF, 0x089F, 0x0883, 0x0883, 0x0883, 0x0883, 0x0883, 0x0883, 
	0x0883, 0x08AE, 0x0924, 0x09D7, 0x0AB7, 0x0BB6, 0x0CC5, 0x0DD5, 0x0ED7, 
	0x0FBD, 0x1077, 0x10F6, 0x114A, 0x118E, 0x11C2, 0x11E9, 0x1206, 0x1219, 
	0x1224, 0x122A, 0x122C, 0x122C, 0x1206, 0x1199, 0x10EE, 0x100D, 0x0F00, 
	0x0DCE, 0x0C81, 0x0B22, 0x09B8, 0x084E, 0x06EA, 0x0597, 0x045D, 0x0342, 
	0x0246, 0x0165, 0x009D, 0xFFE9, 0xFF4A, 0xFEBA, 0xFE37, 0xFDBF, 0xFD55, 
	0xFCFC, 0xFCB8, 0xFC8D, 0xFC7D, 0x0F2B, 0x0F21, 0x0F04, 0x0ED6, 0x0E9B, 
	0x0E54, 0x0E03, 0x0DAC, 0x0D50, 0x0CF1, 0x0C93, 0x0C37, 0x0BE0, 0x0B8F, 
	0x0B45, 0x0B02, 0x0AC5, 0x0A8F, 0x0A60, 0x0A36, 0x0A13, 0x09F5, 0x09DD, 
	0x09CB, 0x09BE, 0x09B6, 0x09B4, 0x09B4, 0x09B4, 0x09B4, 0x09B4, 0x09B4, 
	0x09B4, 0x09C4, 0x09F1, 0x0A37, 0x0A8F, 0x0AF5, 0x0B64, 0x0BD7, 0x0C49, 
	0x0CB4, 0x0D14, 0x0D63, 0x0D9F, 0x0DCC, 0x0DF0, 0x0E13, 0x0E3A, 0x0E6B, 
	0x0EAF, 0x0F0A, 0x0F84, 0x1022, 0x10EA, 0x11D4, 0x12D8, 0x13EE, 0x150B, 
	0x1628, 0x173C, 0x183D, 0x1923, 0x19E6, 0x1A7B, 0x1ADC, 0x1AFE, 0x1A8A, 
	0x1958, 0x17A4, 0x15AA, 0x13A6, 0x11D6, 0x1075, 0x0FC0, 0x0F81, 0x0F57, 
	0x0F3D, 0x0F30, 0x0F2B, 0x7AE8, 0x7B72, 0x7CF5, 0x7F47, 0x8241, 0x85B9, 
	0x8988, 0x8D85, 0x9187, 0x9566, 0x98F8, 0x9C17, 0x9E98, 0xA07E, 0xA1F0, 
	0xA301, 0xA3C0, 0xA440, 0xA491, 0xA4C5, 0xA4ED, 0xA519, 0xA55C, 0xA5C6, 
	0xA668, 0xA754, 0xA89A, 0xAA45, 0xAC40, 0xAE70, 0xB0B9, 0xB2FF, 0xB526, 
	0xB718, 0xB8D4, 0xBA5E, 0xBBB9, 0xBCEA, 0xBDF4, 0xBEDB, 0xBFA4, 0xC051, 
	0xC0E8, 0xC16C, 0xC1E0, 0xC245, 0xC29D, 0xC2E6, 0xC323, 0xC354, 0xC379, 
	0xC393, 0xC3A2, 0xC3A6, 0xC3A5, 0xC398, 0xC376, 0xC334, 0xC2C6, 0xC223, 
	0xC140, 0xC011, 0xBE8C, 0xBCA6, 0xBA55, 0xB78D, 0xB445, 0xAF8D, 0xA8F1, 
	0xA120, 0x98C7, 0x9094, 0x8934, 0x8355, 0x7FA5, 0x7DA6, 0x7C50, 0x7B80, 
	0x7B15, 0x7AEE, 0x7AE8, 0xFFFF, 0xFFFF, 0xFFFF, 0xFFFF, 0xFFFF, 0xFFFF, 
	0xFFFF, 0xFFFF, 0xFFFF, 0xFFFF, 0xFFFF, 0xFFFF, 0xFFFF, 0xFFFF, 0xFFFF, 
	0xFFFF, 0xFFFF, 0xFFFF, 0xFFFF, 0xFFFF, 0xFFFF, 0xFFFF, 0xFFFF, 0xFFFF, 
	0xFFFF, 0xFFFF, 0xFFFF, 0xFFFF, 0xFFFF, 0xFFFF, 0xFFFF, 0xFFFF, 0xFFFF, 
	0xFFFF, 0xFFFF, 0xFFFF, 0xFFFF, 0xFFFF, 0x0000, 0xFFFF, 0xFFFF, 0xFFFF, 
	0xFFFF, 0xFFFF, 0xFFFF, 0x0000, 0xFFFF, 0xFFFF, 0x0000, 0x0000, 0x0000, 
	0xFFFF, 0xFFFF, 0xFFFF, 0x0000, 0x0000, 0xFFFF, 0x0000, 0x0000, 0x0000, 
	0x0000, 0x0000, 0x0000, 0x0000, 0x0000, 0x0000, 0x0000, 0x0000, 0x0000, 
	0x0000, 0x0000, 0x0000, 0x0000, 0x0000, 0x0000, 0x0000, 0x0000, 0x0000, 
	0xFFFF, 0xFFFF, 0x0000, 0x0000, 0x0000, 0x0000, 0x0000, 0x0000, 0x0000, 
	0x0000, 0x0000, 0xFFFF, 0x0000, 0xFFFF, 0xFFFF, 0xFFFF, 0xFFFF, 0xFFFF, 
	0xFFFF, 0xFFFF, 0xFFFF, 0xFFFF, 0xFFFF, 0xFFFF, 0xFFFF, 0xFFFF, 0xFFFF, 
	0x0000, 0x0000, 0x0000, 0x0000, 0x0000, 0x0000, 0xFFFF, 0xFFFF, 0x0000, 
	0xFFFF, 0xFFFF, 0xFFFF, 0xFFFF, 0x0000, 0x0000, 0xFFFF, 0x0000, 0x0000, 
	0x0000, 0x0000, 0x0000, 0x0000, 0x0000, 0x0000, 0x0000, 0x0000, 0x0000, 
	0xFFFF, 0x0000, 0x0000, 0xFFFF, 0xFFFF, 0x0000, 0xFFFF, 0x0000, 0x0000, 
	0x0000, 0xFFFF, 0x0000, 0xFFFF, 0xFFFF, 0xFFFF, 0x0000, 0xFFFF, 0xFFFF, 
	0xFFFF, 0xFFFF, 0xFFFF, 0xFFFF, 0x0000, 0x0000, 0xFFFF, 0xFFFF, 0x0000, 
	0xFFFF, 0x3BFF, 0x3B14, 0x3889, 0x34B2, 0x2FE2, 0x2A6C, 0x24A3, 0x1EDA, 
	0x1964, 0x1494, 0x10BD, 0x0E33, 0x0D47, 0x0DCC, 0x0F3E, 0x1177, 0x1450, 
	0x17A0, 0x1B40, 0x1F08, 0x22D1, 0x2674, 0x29C8, 0x2CA6, 0x2EE7, 0x3063, 
	0x30F2, 0x30FC, 0x3103, 0x3107, 0x3109, 0x310A, 0x310A, 0x3109, 0x3106, 
	0x3103, 0x30FE, 0x30F9, 0x30F4, 0x30EF, 0x30EA, 0x30E7, 0x30E4, 0x30E3, 
	0x310F, 0x3189, 0x3245, 0x3335, 0x344D, 0x357F, 0x36BE, 0x37FD, 0x392F, 
	0x3A46, 0x3B3A, 0x3C0A, 0x3CBA, 0x3D4F, 0x3DCC, 0x3E35, 0x3E8E, 0x3EDC, 
	0x3F21, 0x3F63, 0x3FA4, 0x3FE8, 0x4034, 0x408A, 0x40E6, 0x4143, 0x419B, 
	0x41E9, 0x4227, 0x4251, 0x4260, 0x41E7, 0x40B8, 0x3F2F, 0x3DA6, 0x3C78, 
	0x3BFF, 0x0000, 0x0000, 0x0000, 0x0000, 0x0000, 0x0000, 0x0000, 0x0000, 
	0x0000, 0x0000, 0x0000, 0x0000, 0x0000, 0x0000, 0x0000, 0x0000, 0x0000, 
	0x0000, 0x0000, 0x0000, 0x0000, 0xFFFF, 0xFFFF, 0x0000, 0x0000, 0xFFFF, 
	0x0000, 0x0000, 0x0000, 0x0000, 0x0000, 0x0000, 0x0000, 0x0000, 0x0000, 
	0x0000, 0x0000, 0x0000, 0x0000, 0x0000, 0x0000, 0x0000, 0x0000, 0x0000, 
	0x0000, 0x0000, 0x0000, 0x0000, 0x0000, 0x0000, 0x0000, 0x0000, 0x0000, 
	0x0000, 0x0000, 0x0000, 0x0000, 0x0000, 0x0000, 0x0000, 0x0000, 0x0000, 
	0x0000, 0x0000, 0x0000, 0x0000, 0xFFFF, 0x0000, 0xFFFF, 0xFFFF, 0xFFFF, 
	0xFFFF, 0xFFFF, 0xFFFF, 0x0000, 0x0000, 0x0000, 0x0000, 0xFFFF, 0x0000, 
	0xFFFF, 0xFFFF, 0xFFFF, 0xFFFF, 0xFFFF, 0xFFFF, 0xFFFF, 0xFFFF, 0xFFFF, 
	0xFFFF, 0xFFFF, 0xFFFF, 0xFFFF, 0xFFFF, 0x0000, 0xFFFF, 0xFFFF, 0xFFFF, 
	0x0000, 0x0000, 0xFFFF, 0xFFFF, 0xFFFF, 0xFFFF, 0xFFFF, 0xFFFF, 0xFFFF, 
	0xFFFF, 0xFFFF, 0xFFFF, 0xFFFF, 0xFFFF, 0xFFFF, 0xFFFF, 0xFFFF, 0xFFFF, 
	0xFFFF, 0xFFFF, 0xFFFF, 0xFFFF, 0xFFFF, 0xFFFF, 0x0000, 0x0000, 0xFFFF, 
	0xFFFF, 0x0000, 0x0000, 0xFFFF, 0xFFFF, 0x0000, 0xFFFF, 0xBB6C, 0xBB6D, 
	0xBB6E, 0xBB71, 0xBB75, 0xBB7A, 0xBB80, 0xBB86, 0xBB8D, 0xBB95, 0xBB9D, 
	0xBBA5, 0xBBAD, 0xBBB6, 0xBBBE, 0xBBC6, 0xBBCF, 0xBBD6, 0xBBDE, 0xBBE5, 
	0xBBEB, 0xBBF1, 0xBBF6, 0xBBFA, 0xBBFD, 0xBBFE, 0xBBFF, 0xBAFD, 0xB879, 
	0xB534, 0xB1EF, 0xAF6A, 0xAE69, 0xAE9B, 0xAF2B, 0xB00E, 0xB139, 0xB2A1, 
	0xB43D, 0xB602, 0xB7E4, 0xB9DA, 0xBBD8, 0xBDD5, 0xBFC8, 0xC1B7, 0xC3AB, 
	0xC5AB, 0xC7C1, 0xC9F4, 0xCC4E, 0xCED6, 0xD195, 0xD493, 0xD7D4, 0xDB48, 
	0xDEDB, 0xE278, 0xE60B, 0xE97F, 0xECC0, 0xEFB9, 0xF255, 0xF481, 0xF627, 
	0xF734, 0xF792, 0xF6E1, 0xF4E7, 0xF1CE, 0xEDBB, 0xE8D7, 0xE349, 0xDD39, 
	0xD6CD, 0xD03B, 0xC9E3, 0xC434, 0xBF9D, 0xBC8B, 0xBB6C, 
	},{ 
	0x0001, 0x0000, 0x0050, 0x0001, 0x0001, 0x0051, 0x0001, 0x0052, 0x0001, 
	0x0053, 0x0001, 0x0054, 0x0001, 0x0055, 0x0001, 0x0056, 0x0001, 0x0057, 
	0x0051, 0x0058, 0x0051, 0x00A9, 0x0051, 0x00FA, 0x0051, 0x014B, 0x0051, 
	0x019C, 0x0051, 0x01ED, 0x0001, 0x023E, 0x0001, 0x023F, 0x0001, 0x0240, 
	0x0051, 0x0241, 0x0051, 0x0292, 0x0051, 0x02E3, 0x000E, 0x0334, 0x0050, 
	0x0342, 0x0051, 0x0392, 0x0001, 0x03E3, 0x0001, 0x03E4, 0x0001, 0x03E5, 
	0x0001, 0x03E6, 0x0001, 0x03E7, 0x0001, 0x03E8, 0x0051, 0x03E9, 0x0051, 
	0x043A, 0x0051, 0x048B, 0x0051, 0x04DC, 0x0050, 0x052D, 0x0051, 0x057D, 
	0x0001, 0x05CE, 0x0001, 0x05CF, 0x0001, 0x05D0, 0x0001, 0x05D1, 0x0001, 
	0x05D2, 0x0001, 0x05D3, 0x0051, 0x05D4, 0x0051, 0x0625, 0x0051, 0x0676, 
	0x0050, 0x06C7, 0x0019, 0x0717, 0x0051, 0x0730, 0x002C, 0x0781, 0x0010, 
	0x07AD, 0x0051, 0x07BD, 0x0001, 0x080E, 0x0001, 0x080F, 0x0001, 0x0810, 
	0x0051, 0x0811, 0x0050, 0x0862, 0x0051, 0x08B2, 0x004F, 0x0903, 0x0051, 
	0x0952, 0x0051, 0x09A3, 0x0050, 0x09F4, 0x0034, 0x0A44, 0x0051, 0x0A78, 
});
smlua_anim_util_register_animation('JWAL_SH_BASH',0, 0, 0, 0, 80, { 
	0x0000, 0x00AC, 0x00AC, 0x00AC, 0x00AB, 0x00AA, 0x00A9, 0x00A8, 0x00A6, 
	0x00A5, 0x00A3, 0x00A2, 0x00A0, 0x009F, 0x009D, 0x009C, 0x009A, 0x0099, 
	0x0098, 0x0098, 0x0097, 0x0097, 0x0097, 0x0098, 0x0098, 0x0099, 0x009A, 
	0x009C, 0x009D, 0x009F, 0x00A0, 0x00A2, 0x00A3, 0x00A5, 0x00A6, 0x00A8, 
	0x00A9, 0x00AA, 0x00AB, 0x00AC, 0x00AC, 0x00AC, 0x00AC, 0x00AC, 0x00AB, 
	0x00AA, 0x00A9, 0x00A8, 0x00A6, 0x00A5, 0x00A3, 0x00A2, 0x00A0, 0x009F, 
	0x009D, 0x009C, 0x009A, 0x0099, 0x0098, 0x0098, 0x0097, 0x0097, 0x0097, 
	0x0098, 0x0098, 0x0099, 0x009A, 0x009C, 0x009D, 0x009F, 0x00A0, 0x00A2, 
	0x00A3, 0x00A5, 0x00A6, 0x00A8, 0x00A9, 0x00AA, 0x00AB, 0x00AC, 0x0000, 
	0x0000, 0x0000, 0x0000, 0x2FDF, 0x0000, 0x4000, 0xE920, 0xE921, 0xE921, 
	0xE922, 0xE924, 0xE926, 0xE928, 0xE92B, 0xE92E, 0xE931, 0xE934, 0xE938, 
	0xE93C, 0xE940, 0xE944, 0xE949, 0xE94D, 0xE952, 0xE957, 0xE95C, 0xE960, 
	0xE965, 0xE96A, 0xE96F, 0xE973, 0xE978, 0xE97C, 0xE981, 0xE985, 0xE989, 
	0xE98D, 0xE990, 0xE993, 0xE996, 0xE999, 0xE99B, 0xE99D, 0xE99F, 0xE9A0, 
	0xE9A0, 0xE9A1, 0xE9A0, 0xE9A0, 0xE99F, 0xE99D, 0xE99B, 0xE999, 0xE996, 
	0xE993, 0xE990, 0xE98D, 0xE989, 0xE985, 0xE981, 0xE97C, 0xE978, 0xE973, 
	0xE96F, 0xE96A, 0xE965, 0xE960, 0xE95C, 0xE957, 0xE952, 0xE94D, 0xE949, 
	0xE944, 0xE940, 0xE93C, 0xE938, 0xE934, 0xE931, 0xE92E, 0xE92B, 0xE928, 
	0xE926, 0xE924, 0xE922, 0xE921, 0xE921, 0xE920, 0x02D7, 0x02D7, 0x02D8, 
	0x02D9, 0x02DB, 0x02DD, 0x02E0, 0x02E3, 0x02E6, 0x02EA, 0x02EE, 0x02F3, 
	0x02F8, 0x02FC, 0x0302, 0x0307, 0x030C, 0x0312, 0x0318, 0x031D, 0x0323, 
	0x0329, 0x032E, 0x0334, 0x033A, 0x033F, 0x0344, 0x0349, 0x034E, 0x0353, 
	0x0358, 0x035C, 0x035F, 0x0363, 0x0366, 0x0369, 0x036B, 0x036D, 0x036E, 
	0x036F, 0x036F, 0x036F, 0x036E, 0x036D, 0x036B, 0x0369, 0x0366, 0x0363, 
	0x035F, 0x035C, 0x0358, 0x0353, 0x034E, 0x0349, 0x0344, 0x033F, 0x033A, 
	0x0334, 0x032E, 0x0329, 0x0323, 0x031D, 0x0318, 0x0312, 0x030C, 0x0307, 
	0x0302, 0x02FC, 0x02F8, 0x02F3, 0x02EE, 0x02EA, 0x02E6, 0x02E3, 0x02E0, 
	0x02DD, 0x02DB, 0x02D9, 0x02D8, 0x02D7, 0x1D50, 0x1D4F, 0x1D4C, 0x1D48, 
	0x1D43, 0x1D3C, 0x1D33, 0x1D2A, 0x1D1F, 0x1D13, 0x1D07, 0x1CF9, 0x1CEB, 
	0x1CDC, 0x1CCC, 0x1CBC, 0x1CAB, 0x1C9A, 0x1C89, 0x1C78, 0x1C66, 0x1C55, 
	0x1C43, 0x1C32, 0x1C21, 0x1C10, 0x1C00, 0x1BF1, 0x1BE1, 0x1BD3, 0x1BC6, 
	0x1BB9, 0x1BAD, 0x1BA2, 0x1B99, 0x1B91, 0x1B8A, 0x1B84, 0x1B80, 0x1B7D, 
	0x1B7D, 0x1B7D, 0x1B80, 0x1B84, 0x1B8A, 0x1B91, 0x1B99, 0x1BA2, 0x1BAD, 
	0x1BB9, 0x1BC6, 0x1BD3, 0x1BE1, 0x1BF1, 0x1C00, 0x1C10, 0x1C21, 0x1C32, 
	0x1C43, 0x1C55, 0x1C66, 0x1C78, 0x1C89, 0x1C9A, 0x1CAB, 0x1CBC, 0x1CCC, 
	0x1CDC, 0x1CEB, 0x1CF9, 0x1D07, 0x1D13, 0x1D1F, 0x1D2A, 0x1D33, 0x1D3C, 
	0x1D43, 0x1D48, 0x1D4C, 0x1D4F, 0x1D50, 0x14CA, 0x14C6, 0x14BD, 0x14AF, 
	0x149E, 0x148B, 0x1479, 0x1468, 0x145A, 0x1450, 0x144D, 0x144E, 0x1454, 
	0x145D, 0x1468, 0x1476, 0x1485, 0x1496, 0x14A7, 0x14B8, 0x14CA, 0x14DA, 
	0x14EA, 0x14F9, 0x1506, 0x1512, 0x151C, 0x1524, 0x152A, 0x152E, 0x152F, 
	0x152E, 0x152A, 0x1524, 0x151C, 0x1512, 0x1506, 0x14F9, 0x14EA, 0x14DA, 
	0x14CA, 0x14B8, 0x14A7, 0x1496, 0x1485, 0x1476, 0x1468, 0x145D, 0x1454, 
	0x144E, 0x144D, 0x144E, 0x1454, 0x145D, 0x1468, 0x1476, 0x1485, 0x1496, 
	0x14A7, 0x14B8, 0x14CA, 0x14DA, 0x14EA, 0x14F9, 0x1506, 0x1512, 0x151C, 
	0x1524, 0x152A, 0x152E, 0x152F, 0x152C, 0x1524, 0x1519, 0x150B, 0x14FC, 
	0x14ED, 0x14E0, 0x14D4, 0x14CC, 0x14CA, 0x0B45, 0x0B54, 0x0B7D, 0x0BBA, 
	0x0C04, 0x0C54, 0x0CA4, 0x0CEE, 0x0D2B, 0x0D54, 0x0D63, 0x0D5C, 0x0D46, 
	0x0D23, 0x0CF5, 0x0CBD, 0x0C7C, 0x0C35, 0x0BE9, 0x0B98, 0x0B45, 0x0AF1, 
	0x0A9E, 0x0A4D, 0x0A01, 0x09BC, 0x097F, 0x094D, 0x0926, 0x090E, 0x0905, 
	0x090E, 0x0926, 0x094D, 0x097F, 0x09BC, 0x0A01, 0x0A4D, 0x0A9E, 0x0AF1, 
	0x0B45, 0x0B98, 0x0BE9, 0x0C35, 0x0C7C, 0x0CBD, 0x0CF5, 0x0D23, 0x0D46, 
	0x0D5C, 0x0D63, 0x0D5C, 0x0D46, 0x0D23, 0x0CF5, 0x0CBD, 0x0C7C, 0x0C35, 
	0x0BE9, 0x0B98, 0x0B45, 0x0AF1, 0x0A9E, 0x0A4D, 0x0A01, 0x09BC, 0x097F, 
	0x094D, 0x0926, 0x090E, 0x0905, 0x0915, 0x0941, 0x0982, 0x09D0, 0x0A25, 
	0x0A7A, 0x0AC8, 0x0B09, 0x0B35, 0x0B45, 0xE74E, 0xE741, 0xE71E, 0xE6EA, 
	0xE6AB, 0xE666, 0xE621, 0xE5E2, 0xE5AE, 0xE58A, 0xE57D, 0xE584, 0xE597, 
	0xE5B6, 0xE5DE, 0xE60E, 0xE645, 0xE682, 0xE6C4, 0xE708, 0xE74E, 0xE795, 
	0xE7DA, 0xE81C, 0xE85B, 0xE893, 0xE8C5, 0xE8EE, 0xE90E, 0xE921, 0xE928, 
	0xE921, 0xE90E, 0xE8EE, 0xE8C5, 0xE893, 0xE85B, 0xE81C, 0xE7DA, 0xE795, 
	0xE74E, 0xE708, 0xE6C4, 0xE682, 0xE645, 0xE60E, 0xE5DE, 0xE5B6, 0xE597, 
	0xE584, 0xE57D, 0xE584, 0xE597, 0xE5B6, 0xE5DE, 0xE60E, 0xE645, 0xE682, 
	0xE6C4, 0xE708, 0xE74E, 0xE795, 0xE7DA, 0xE81C, 0xE85B, 0xE893, 0xE8C5, 
	0xE8EE, 0xE90E, 0xE921, 0xE928, 0xE91B, 0xE8F7, 0xE8C2, 0xE882, 0xE83B, 
	0xE7F5, 0xE7B5, 0xE780, 0xE75C, 0xE74E, 0x0000, 0xFFFF, 0xBFFF, 0x3F09, 
	0xF184, 0x9894, 0x0000, 0x0000, 0xB9F4, 0xDFFF, 0xF8E3, 0xEE38, 0x0000, 
	0xFFFF, 0xBFFF, 0x120D, 0x120A, 0x11FF, 0x11EF, 0x11DA, 0x11C0, 0x11A2, 
	0x1181, 0x115C, 0x1136, 0x110E, 0x10E5, 0x10BB, 0x1092, 0x106A, 0x1044, 
	0x1020, 0x0FFE, 0x0FE0, 0x0FC6, 0x0FB1, 0x0FA1, 0x0F97, 0x0F93, 0x0F99, 
	0x0FAB, 0x0FC7, 0x0FEC, 0x1017, 0x1048, 0x107D, 0x10B4, 0x10EC, 0x1123, 
	0x1158, 0x1189, 0x11B4, 0x11D9, 0x11F5, 0x1207, 0x120D, 0x120A, 0x11FF, 
	0x11EF, 0x11DA, 0x11C0, 0x11A2, 0x1181, 0x115C, 0x1136, 0x110E, 0x10E5, 
	0x10BB, 0x1092, 0x106A, 0x1044, 0x1020, 0x0FFE, 0x0FE0, 0x0FC6, 0x0FB1, 
	0x0FA1, 0x0F97, 0x0F93, 0x0F99, 0x0FAB, 0x0FC7, 0x0FEC, 0x1017, 0x1048, 
	0x107D, 0x10B4, 0x10EC, 0x1123, 0x1158, 0x1189, 0x11B4, 0x11D9, 0x11F5, 
	0x1207, 0x120D, 0x16CE, 0x16D0, 0x16D7, 0x16E2, 0x16F0, 0x1701, 0x1715, 
	0x172C, 0x1744, 0x175E, 0x1779, 0x1794, 0x17B0, 0x17CB, 0x17E6, 0x17FF, 
	0x1818, 0x182E, 0x1842, 0x1854, 0x1862, 0x186D, 0x1873, 0x1876, 0x1871, 
	0x1865, 0x1853, 0x183A, 0x181D, 0x17FD, 0x17D9, 0x17B4, 0x178F, 0x176A, 
	0x1747, 0x1726, 0x1709, 0x16F1, 0x16DE, 0x16D2, 0x16CE, 0x16D0, 0x16D7, 
	0x16E2, 0x16F0, 0x1701, 0x1715, 0x172C, 0x1744, 0x175E, 0x1779, 0x1794, 
	0x17B0, 0x17CB, 0x17E6, 0x17FF, 0x1818, 0x182E, 0x1842, 0x1854, 0x1862, 
	0x186D, 0x1873, 0x1876, 0x1871, 0x1865, 0x1853, 0x183A, 0x181D, 0x17FD, 
	0x17D9, 0x17B4, 0x178F, 0x176A, 0x1747, 0x1726, 0x1709, 0x16F1, 0x16DE, 
	0x16D2, 0x16CE, 0x025B, 0x0255, 0x0243, 0x0225, 0x01FF, 0x01CF, 0x0198, 
	0x015B, 0x0119, 0x00D3, 0x008A, 0x003F, 0xFFF3, 0xFFA8, 0xFF5F, 0xFF19, 
	0xFED7, 0xFE9A, 0xFE63, 0xFE33, 0xFE0C, 0xFDEF, 0xFDDD, 0xFDD7, 0xFDE2, 
	0xFE03, 0xFE36, 0xFE78, 0xFEC8, 0xFF21, 0xFF81, 0xFFE5, 0x004C, 0x00B1, 
	0x0111, 0x016A, 0x01B9, 0x01FC, 0x022F, 0x0250, 0x025B, 0x0255, 0x0243, 
	0x0225, 0x01FF, 0x01CF, 0x0198, 0x015B, 0x0119, 0x00D3, 0x008A, 0x003F, 
	0xFFF3, 0xFFA8, 0xFF5F, 0xFF19, 0xFED7, 0xFE9A, 0xFE63, 0xFE33, 0xFE0C, 
	0xFDEF, 0xFDDD, 0xFDD7, 0xFDE2, 0xFE03, 0xFE36, 0xFE78, 0xFEC8, 0xFF21, 
	0xFF81, 0xFFE5, 0x004C, 0x00B1, 0x0111, 0x016A, 0x01B9, 0x01FC, 0x022F, 
	0x0250, 0x025B, 0x0121, 0x011F, 0x011A, 0x0112, 0x0108, 0x00FE, 0x00F4, 
	0x00EA, 0x00E2, 0x00DD, 0x00DB, 0x00DD, 0x00E4, 0x00EE, 0x00FC, 0x010B, 
	0x011B, 0x012C, 0x013C, 0x014B, 0x0158, 0x0162, 0x0169, 0x016B, 0x016B, 
	0x016B, 0x0169, 0x0168, 0x0165, 0x0163, 0x015F, 0x015B, 0x0157, 0x0152, 
	0x014D, 0x0147, 0x0140, 0x0139, 0x0132, 0x012A, 0x0121, 0x0117, 0x010E, 
	0x0104, 0x00FB, 0x00F3, 0x00EB, 0x00E4, 0x00DF, 0x00DC, 0x00DB, 0x00DD, 
	0x00E4, 0x00EE, 0x00FC, 0x010B, 0x011B, 0x012C, 0x013C, 0x014B, 0x0158, 
	0x0162, 0x0169, 0x016B, 0x016B, 0x0169, 0x0165, 0x0161, 0x015C, 0x0156, 
	0x0150, 0x0149, 0x0143, 0x013C, 0x0136, 0x0130, 0x012B, 0x0127, 0x0124, 
	0x0122, 0x0121, 0xFD0D, 0xFD12, 0xFD1E, 0xFD2F, 0xFD45, 0xFD5C, 0xFD73, 
	0xFD88, 0xFD9A, 0xFDA6, 0xFDAA, 0xFDA9, 0xFDA4, 0xFD9D, 0xFD93, 0xFD88, 
	0xFD7C, 0xFD6F, 0xFD62, 0xFD56, 0xFD49, 0xFD3F, 0xFD35, 0xFD2E, 0xFD29, 
	0xFD24, 0xFD20, 0xFD1C, 0xFD19, 0xFD16, 0xFD14, 0xFD12, 0xFD11, 0xFD10, 
	0xFD0F, 0xFD0E, 0xFD0E, 0xFD0E, 0xFD0D, 0xFD0D, 0xFD0D, 0xFD12, 0xFD1E, 
	0xFD2F, 0xFD45, 0xFD5C, 0xFD73, 0xFD88, 0xFD9A, 0xFDA6, 0xFDAA, 0xFDA9, 
	0xFDA4, 0xFD9D, 0xFD93, 0xFD88, 0xFD7C, 0xFD6F, 0xFD62, 0xFD56, 0xFD49, 
	0xFD3F, 0xFD35, 0xFD2E, 0xFD29, 0xFD24, 0xFD20, 0xFD1C, 0xFD19, 0xFD16, 
	0xFD14, 0xFD12, 0xFD11, 0xFD10, 0xFD0F, 0xFD0E, 0xFD0E, 0xFD0E, 0xFD0D, 
	0xB84A, 0xB85A, 0xB887, 0xB8C9, 0xB919, 0xB971, 0xB9C8, 0xBA18, 0xBA5A, 
	0xBA87, 0xBA98, 0xBA7C, 0xBA2F, 0xB9B9, 0xB924, 0xB878, 0xB7BF, 0xB701, 
	0xB648, 0xB59C, 0xB507, 0xB492, 0xB444, 0xB429, 0xB42E, 0xB43E, 0xB458, 
	0xB47C, 0xB4A7, 0xB4DB, 0xB516, 0xB557, 0xB59D, 0xB5E9, 0xB639, 0xB68C, 
	0xB6E3, 0xB73B, 0xB795, 0xB7EF, 0xB84A, 0xB8A3, 0xB8FB, 0xB94E, 0xB99B, 
	0xB9E2, 0xBA1F, 0xBA51, 0xBA77, 0xBA8F, 0xBA98, 0xBA7C, 0xBA2F, 0xB9B9, 
	0xB924, 0xB878, 0xB7BF, 0xB701, 0xB648, 0xB59C, 0xB507, 0xB492, 0xB444, 
	0xB429, 0xB433, 0xB451, 0xB480, 0xB4BD, 0xB505, 0xB557, 0xB5AF, 0xB60B, 
	0xB668, 0xB6C4, 0xB71C, 0xB76D, 0xB7B6, 0xB7F3, 0xB821, 0xB83F, 0xB84A, 
	0x2000, 0x071C, 0xEE38, 0x0000, 0xFFFF, 0xBFFF, 0xF38E, 0xF37C, 0xF349, 
	0xF2FF, 0xF2A4, 0xF242, 0xF1DF, 0xF185, 0xF13A, 0xF108, 0xF0F5, 0xF0F5, 
	0xF0F6, 0xF0F9, 0xF0FD, 0xF104, 0xF10F, 0xF11F, 0xF133, 0xF14D, 0xF16E, 
	0xF197, 0xF1C9, 0xF203, 0xF244, 0xF28A, 0xF2D5, 0xF322, 0xF372, 0xF3C2, 
	0xF411, 0xF45F, 0xF4AA, 0xF4F0, 0xF531, 0xF56C, 0xF59E, 0xF5C8, 0xF5E7, 
	0xF5FA, 0xF601, 0xF5EC, 0xF5B3, 0xF55C, 0xF4EC, 0xF46B, 0xF3DE, 0xF34C, 
	0xF2BB, 0xF232, 0xF1B7, 0xF14F, 0xF0FA, 0xF0B5, 0xF07F, 0xF057, 0xF039, 
	0xF026, 0xF01A, 0xF014, 0xF012, 0xF019, 0xF02B, 0xF048, 0xF06F, 0xF09E, 
	0xF0D3, 0xF10E, 0xF14C, 0xF18E, 0xF1D0, 0xF213, 0xF254, 0xF293, 0xF2CE, 
	0xF303, 0xF332, 0xF358, 0xF375, 0xF388, 0xF38E, 0x0A85, 0x0A84, 0x0A7E, 
	0x0A6D, 0x0A4D, 0x0A17, 0x09C7, 0x0958, 0x08C3, 0x0805, 0x0717, 0x05E9, 
	0x047B, 0x02DE, 0x0123, 0xFF5D, 0xFD9D, 0xFBF6, 0xFA78, 0xF936, 0xF842, 
	0xF783, 0xF6D8, 0xF63E, 0xF5B6, 0xF53E, 0xF4D4, 0xF479, 0xF42B, 0xF3E9, 
	0xF3B1, 0xF384, 0xF360, 0xF344, 0xF32F, 0xF31F, 0xF315, 0xF30F, 0xF30C, 
	0xF30B, 0xF30B, 0xF321, 0xF35F, 0xF3BF, 0xF439, 0xF4C6, 0xF560, 0xF600, 
	0xF69F, 0xF736, 0xF7BF, 0xF834, 0xF898, 0xF8F0, 0xF941, 0xF990, 0xF9E1, 
	0xFA3A, 0xFA9F, 0xFB15, 0xFBA1, 0xFC46, 0xFD03, 0xFDD3, 0xFEB3, 0xFFA1, 
	0x0099, 0x0197, 0x0296, 0x0396, 0x0491, 0x0584, 0x066C, 0x0746, 0x080E, 
	0x08C1, 0x095A, 0x09D8, 0x0A36, 0x0A71, 0x0A85, 0xDB60, 0xDB5A, 0xDB3F, 
	0xDB03, 0xDA97, 0xD9EF, 0xD8FD, 0xD7B4, 0xD607, 0xD3E8, 0xD14A, 0xCE27, 
	0xCA95, 0xC6B1, 0xC299, 0xBE69, 0xBA3F, 0xB639, 0xB273, 0xAF0A, 0xAC1C, 
	0xA997, 0xA753, 0xA54B, 0xA37D, 0xA1E6, 0xA081, 0x9F4B, 0x9E42, 0x9D62, 
	0x9CA7, 0x9C0D, 0x9B93, 0x9B33, 0x9AEB, 0x9AB8, 0x9A95, 0x9A81, 0x9A76, 
	0x9A72, 0x9A71, 0x9AC0, 0x9B9B, 0x9CEB, 0x9E96, 0xA083, 0xA29A, 0xA4C2, 
	0xA6E2, 0xA8E2, 0xAAA8, 0xAC23, 0xAD5B, 0xAE61, 0xAF42, 0xB010, 0xB0D9, 
	0xB1AC, 0xB29B, 0xB3B3, 0xB505, 0xB69B, 0xB872, 0xBA7F, 0xBCB9, 0xBF18, 
	0xC192, 0xC41E, 0xC6B3, 0xC948, 0xCBD3, 0xCE4C, 0xD0A9, 0xD2E1, 0xD4EB, 
	0xD6BE, 0xD850, 0xD999, 0xDA90, 0xDB2A, 0xDB60, 0x0003, 0x0002, 0xFFFD, 
	0xFFF7, 0xFFF0, 0xFFE8, 0xFFDF, 0xFFD6, 0xFFCE, 0xFFC7, 0xFFC1, 0xFFBD, 
	0xFFB9, 0xFFB7, 0xFFB5, 0xFFB3, 0xFFB2, 0xFFB2, 0xFFB1, 0xFFB1, 0xFFB1, 
	0xFFB2, 0xFFB5, 0xFFBA, 0xFFC1, 0xFFC9, 0xFFD2, 0xFFDB, 0xFFE6, 0xFFF1, 
	0xFFFC, 0x0009, 0x0014, 0x001E, 0x0028, 0x0031, 0x0039, 0x003F, 0x0044, 
	0x0047, 0x0048, 0x0048, 0x0046, 0x0044, 0x0040, 0x003C, 0x0037, 0x0032, 
	0x002C, 0x0026, 0x0020, 0x001A, 0x0014, 0x000F, 0x000A, 0x0005, 0x0001, 
	0xFFFC, 0xFFF9, 0xFFF8, 0xFFF7, 0xFFF7, 0xFFF7, 0xFFF8, 0xFFF8, 0xFFF9, 
	0xFFFA, 0xFFFA, 0xFFFB, 0xFFFC, 0xFFFD, 0xFFFE, 0xFFFE, 0x0000, 0x0001, 
	0x0002, 0x0002, 0x0003, 0xFFF9, 0xFFF9, 0xFFF8, 0xFFF7, 0xFFF5, 0xFFF3, 
	0xFFF1, 0xFFF0, 0xFFEE, 0xFFEE, 0xFFED, 0xFFED, 0xFFED, 0xFFED, 0xFFEE, 
	0xFFEE, 0xFFEF, 0xFFF0, 0xFFF1, 0xFFF2, 0xFFF4, 0xFFF6, 0xFFF9, 0xFFFB, 
	0xFFFE, 0x0003, 0x0006, 0x0009, 0x000D, 0x0010, 0x0014, 0x0017, 0x001A, 
	0x001D, 0x0020, 0x0022, 0x0025, 0x0026, 0x0028, 0x0028, 0x0029, 0x0028, 
	0x0027, 0x0025, 0x0022, 0x001F, 0x001B, 0x0017, 0x0013, 0x000E, 0x000A, 
	0x0005, 0x0000, 0xFFFB, 0xFFF7, 0xFFF3, 0xFFF0, 0xFFED, 0xFFEB, 0xFFEA, 
	0xFFEA, 0xFFEA, 0xFFEA, 0xFFEA, 0xFFEB, 0xFFEC, 0xFFED, 0xFFEE, 0xFFEF, 
	0xFFF0, 0xFFF1, 0xFFF3, 0xFFF4, 0xFFF5, 0xFFF6, 0xFFF7, 0xFFF8, 0xFFF8, 
	0xFFF9, 0x362D, 0x3656, 0x36C9, 0x377C, 0x3863, 0x3974, 0x3AA4, 0x3BE8, 
	0x3D35, 0x3E80, 0x3FBE, 0x40E6, 0x41F4, 0x42E9, 0x43C1, 0x447B, 0x4517, 
	0x4593, 0x45ED, 0x4625, 0x4637, 0x45BD, 0x4460, 0x4239, 0x3F62, 0x3BF3, 
	0x3806, 0x33B4, 0x2F17, 0x2A47, 0x255E, 0x2074, 0x1BA4, 0x1707, 0x12B5, 
	0x0EC8, 0x0B59, 0x0882, 0x065B, 0x04FE, 0x0484, 0x04B9, 0x0552, 0x0647, 
	0x078E, 0x091F, 0x0AF0, 0x0CFA, 0x0F32, 0x1191, 0x140C, 0x169D, 0x1938, 
	0x1BD7, 0x1E6F, 0x20F8, 0x2369, 0x25B9, 0x27E0, 0x29D4, 0x2B8D, 0x2D11, 
	0x2E6E, 0x2FA6, 0x30BC, 0x31B1, 0x3288, 0x3342, 0x33E1, 0x3468, 0x34D9, 
	0x3535, 0x357F, 0x35B8, 0x35E3, 0x3602, 0x3617, 0x3623, 0x362A, 0x362C, 
	0x362D, 0xFFDF, 0xFFDE, 0xFFDE, 0xFFDD, 0xFFDC, 0xFFDC, 0xFFDB, 0xFFDA, 
	0xFFD9, 0xFFD9, 0xFFD9, 0xFFD9, 0xFFD9, 0xFFDA, 0xFFDB, 0xFFDD, 0xFFDE, 
	0xFFDF, 0xFFE1, 0xFFE2, 0xFFE2, 0xFFE3, 0xFFE3, 0xFFE4, 0xFFE4, 0xFFE4, 
	0xFFE5, 0xFFE5, 0xFFE5, 0xFFE5, 0xFFE5, 0xFFE5, 0xFFE5, 0xFFE5, 0xFFE5, 
	0xFFE5, 0xFFE5, 0xFFE6, 0xFFE6, 0xFFE6, 0xFFE7, 0xFFE7, 0xFFE8, 0xFFE9, 
	0xFFEA, 0xFFEA, 0xFFEB, 0xFFEC, 0xFFEC, 0xFFEC, 0xFFEC, 0xFFEC, 0xFFEA, 
	0xFFE7, 0xFFE4, 0xFFE1, 0xFFDD, 0xFFDA, 0xFFD7, 0xFFD6, 0xFFD5, 0xFFD5, 
	0xFFD5, 0xFFD5, 0xFFD6, 0xFFD6, 0xFFD7, 0xFFD8, 0xFFD8, 0xFFD9, 0xFFDA, 
	0xFFDA, 0xFFDB, 0xFFDC, 0xFFDD, 0xFFDD, 0xFFDE, 0xFFDE, 0xFFDE, 0xFFDF, 
	0x000C, 0x000A, 0x0005, 0xFFFD, 0xFFF4, 0xFFEA, 0xFFE0, 0xFFD7, 0xFFD0, 
	0xFFCB, 0xFFC9, 0xFFCC, 0xFFD3, 0xFFDE, 0xFFEC, 0xFFFA, 0x000A, 0x0017, 
	0x0022, 0x002A, 0x002D, 0x002D, 0x002D, 0x002D, 0x002D, 0x002D, 0x002C, 
	0x002C, 0x002C, 0x002C, 0x002B, 0x002B, 0x002A, 0x002A, 0x0029, 0x0028, 
	0x0028, 0x0026, 0x0025, 0x0024, 0x0023, 0x0021, 0x001E, 0x001A, 0x0016, 
	0x0012, 0x000E, 0x000B, 0x0008, 0x0006, 0x0005, 0x0007, 0x000B, 0x0012, 
	0x001A, 0x0023, 0x002B, 0x0033, 0x003A, 0x003F, 0x0040, 0x0040, 0x003F, 
	0x003D, 0x003B, 0x0038, 0x0035, 0x0032, 0x002E, 0x002A, 0x0026, 0x0022, 
	0x001F, 0x001B, 0x0018, 0x0014, 0x0012, 0x000F, 0x000E, 0x000D, 0x000C, 
	0xDDDF, 0xDE27, 0xDEEB, 0xE00B, 0xE169, 0xE2E6, 0xE463, 0xE5C1, 0xE6E2, 
	0xE7A5, 0xE7ED, 0xE69E, 0xE310, 0xDDD3, 0xD777, 0xD08B, 0xC99F, 0xC343, 
	0xBE06, 0xBA78, 0xB929, 0xB929, 0xB92A, 0xB92D, 0xB933, 0xB93C, 0xB94B, 
	0xB95F, 0xB979, 0xB99B, 0xB9C6, 0xB9FA, 0xBA38, 0xBA82, 0xBAD8, 0xBB3B, 
	0xBBAC, 0xBC2D, 0xBCBD, 0xBD5E, 0xBE11, 0xBF0A, 0xC067, 0xC20A, 0xC3D6, 
	0xC5AC, 0xC770, 0xC904, 0xCA49, 0xCB21, 0xCB70, 0xCAA1, 0xC86F, 0xC532, 
	0xC144, 0xBCFD, 0xB8B7, 0xB4C9, 0xB18C, 0xAF5A, 0xAE8B, 0xAEE2, 0xAFDE, 
	0xB16B, 0xB377, 0xB5F0, 0xB8C4, 0xBBE0, 0xBF34, 0xC2AB, 0xC635, 0xC9BF, 
	0xCD36, 0xD089, 0xD3A6, 0xD67A, 0xD8F3, 0xDAFF, 0xDC8C, 0xDD87, 0xDDDF, 
	0x0000, 0xFFFF, 0xBFFF, 0xF838, 0xF817, 0xF7BD, 0xF734, 0xF688, 0xF5C5, 
	0xF4F4, 0xF423, 0xF35C, 0xF2AA, 0xF219, 0xF1A7, 0xF14D, 0xF106, 0xF0D1, 
	0xF0AB, 0xF092, 0xF082, 0xF07B, 0xF078, 0xF077, 0xF07C, 0xF08B, 0xF0A1, 
	0xF0BF, 0xF0E3, 0xF10C, 0xF13A, 0xF16A, 0xF19D, 0xF1D1, 0xF204, 0xF237, 
	0xF267, 0xF295, 0xF2BE, 0xF2E2, 0xF300, 0xF317, 0xF325, 0xF32A, 0xF322, 
	0xF30B, 0xF2E8, 0xF2BC, 0xF289, 0xF253, 0xF21D, 0xF1E8, 0xF1B8, 0xF190, 
	0xF170, 0xF156, 0xF142, 0xF133, 0xF128, 0xF121, 0xF11D, 0xF11A, 0xF11A, 
	0xF119, 0xF127, 0xF14C, 0xF188, 0xF1D7, 0xF236, 0xF2A3, 0xF31B, 0xF39B, 
	0xF420, 0xF4A9, 0xF531, 0xF5B6, 0xF636, 0xF6AE, 0xF71B, 0xF77A, 0xF7C9, 
	0xF805, 0xF82A, 0xF838, 0xF1C5, 0xF1DF, 0xF229, 0xF29B, 0xF32B, 0xF3D0, 
	0xF484, 0xF53C, 0xF5F2, 0xF69B, 0xF72F, 0xF7AA, 0xF80D, 0xF85F, 0xF8A6, 
	0xF8E8, 0xF92B, 0xF974, 0xF9CA, 0xFA33, 0xFAB4, 0xFB52, 0xFC0B, 0xFCDA, 
	0xFDBD, 0xFEAF, 0xFFAD, 0x00B4, 0x01BE, 0x02C8, 0x03CF, 0x04CE, 0x05C3, 
	0x06A9, 0x077D, 0x083A, 0x08DD, 0x0963, 0x09C7, 0x0A06, 0x0A1C, 0x0A1B, 
	0x0A17, 0x0A0B, 0x09F4, 0x09CE, 0x0995, 0x0945, 0x08DC, 0x0854, 0x07AA, 
	0x06C3, 0x058F, 0x0420, 0x0285, 0x00D1, 0xFF12, 0xFD5C, 0xFBBE, 0xFA49, 
	0xF90F, 0xF805, 0xF715, 0xF63F, 0xF580, 0xF4D8, 0xF445, 0xF3C5, 0xF358, 
	0xF2FB, 0xF2AE, 0xF26F, 0xF23C, 0xF215, 0xF1F7, 0xF1E2, 0xF1D4, 0xF1CB, 
	0xF1C6, 0xF1C5, 0x94DB, 0x9544, 0x9667, 0x9823, 0x9A55, 0x9CDB, 0x9F94, 
	0xA25D, 0xA514, 0xA797, 0xA9C3, 0xAB81, 0xACDB, 0xADE6, 0xAEB7, 0xAF62, 
	0xAFFC, 0xB099, 0xB14E, 0xB230, 0xB353, 0xB4C6, 0xB685, 0xB886, 0xBABD, 
	0xBD22, 0xBFA9, 0xC248, 0xC4F6, 0xC7A7, 0xCA53, 0xCCED, 0xCF6D, 0xD1C8, 
	0xD3F4, 0xD5E6, 0xD795, 0xD8F6, 0xD9FF, 0xDAA5, 0xDADF, 0xDADD, 0xDAD0, 
	0xDAAC, 0xDA67, 0xD9F5, 0xD94B, 0xD85E, 0xD722, 0xD58D, 0xD392, 0xD119, 
	0xCE1D, 0xCAB6, 0xC6FD, 0xC308, 0xBEF0, 0xBACB, 0xB6B3, 0xB2BE, 0xAF04, 
	0xAB98, 0xA87C, 0xA5AA, 0xA321, 0xA0DC, 0x9ED7, 0x9D0F, 0x9B7F, 0x9A25, 
	0x98FC, 0x9802, 0x9731, 0x9687, 0x95FF, 0x9597, 0x9549, 0x9514, 0x94F2, 
	0x94E0, 0x94DB, 0x0001, 0x0001, 0x0002, 0x0002, 0x0003, 0x0004, 0x0005, 
	0x0005, 0x0006, 0x0006, 0x0006, 0x0006, 0x0006, 0x0005, 0x0004, 0x0003, 
	0x0002, 0x0000, 0xFFFE, 0xFFFD, 0xFFFB, 0xFFFA, 0xFFF9, 0xFFF8, 0xFFF8, 
	0xFFF7, 0xFFF6, 0xFFF5, 0xFFF5, 0xFFF4, 0xFFF4, 0xFFF3, 0xFFF3, 0xFFF3, 
	0xFFF2, 0xFFF2, 0xFFF1, 0xFFF1, 0xFFF1, 0xFFF0, 0xFFEF, 0xFFEF, 0xFFEE, 
	0xFFED, 0xFFED, 0xFFEC, 0xFFEB, 0xFFEA, 0xFFE8, 0xFFE7, 0xFFE6, 0xFFE4, 
	0xFFE3, 0xFFE1, 0xFFE0, 0xFFDE, 0xFFDD, 0xFFDC, 0xFFDB, 0xFFDB, 0xFFDA, 
	0xFFDB, 0xFFDB, 0xFFDD, 0xFFDE, 0xFFE0, 0xFFE2, 0xFFE5, 0xFFE8, 0xFFEA, 
	0xFFED, 0xFFF0, 0xFFF3, 0xFFF5, 0xFFF8, 0xFFFA, 0xFFFC, 0xFFFE, 0xFFFF, 
	0x0001, 0x0003, 0x0005, 0x0008, 0x000E, 0x0015, 0x001C, 0x0023, 0x002A, 
	0x002F, 0x0033, 0x0034, 0x0033, 0x0030, 0x002A, 0x0024, 0x001C, 0x0015, 
	0x000E, 0x0008, 0x0003, 0xFFFF, 0xFFFD, 0xFFFC, 0xFFFA, 0xFFF9, 0xFFF8, 
	0xFFF7, 0xFFF7, 0xFFF6, 0xFFF6, 0xFFF5, 0xFFF5, 0xFFF5, 0xFFF4, 0xFFF4, 
	0xFFF4, 0xFFF4, 0xFFF4, 0xFFF3, 0xFFF3, 0xFFF3, 0xFFF2, 0xFFF2, 0xFFF1, 
	0xFFF1, 0xFFF0, 0xFFF0, 0xFFEF, 0xFFEE, 0xFFEE, 0xFFED, 0xFFEC, 0xFFEC, 
	0xFFEB, 0xFFEA, 0xFFEA, 0xFFE9, 0xFFE9, 0xFFE9, 0xFFE9, 0xFFE9, 0xFFE9, 
	0xFFE9, 0xFFEA, 0xFFEB, 0xFFED, 0xFFEE, 0xFFF0, 0xFFF2, 0xFFF3, 0xFFF5, 
	0xFFF7, 0xFFF9, 0xFFFB, 0xFFFD, 0xFFFE, 0x0001, 0x0002, 0x0002, 0x0003, 
	0x079F, 0x079C, 0x0793, 0x0786, 0x0776, 0x0765, 0x0754, 0x0744, 0x0737, 
	0x072E, 0x072B, 0x080B, 0x0A74, 0x0E0D, 0x1281, 0x1777, 0x1C99, 0x2190, 
	0x2606, 0x29A3, 0x2C10, 0x2DAE, 0x2F19, 0x3055, 0x3167, 0x3251, 0x3317, 
	0x33BE, 0x3448, 0x34BA, 0x3518, 0x3564, 0x35A4, 0x35DA, 0x360A, 0x3639, 
	0x3669, 0x369F, 0x36DE, 0x372A, 0x3787, 0x37F8, 0x387C, 0x3914, 0x39BF, 
	0x3A7C, 0x3B4A, 0x3C2A, 0x3D19, 0x3E18, 0x3F27, 0x4043, 0x4164, 0x4284, 
	0x4398, 0x449A, 0x457F, 0x4640, 0x46D5, 0x4734, 0x4756, 0x46E0, 0x458D, 
	0x4377, 0x40B5, 0x3D61, 0x3993, 0x3562, 0x30E8, 0x2C3E, 0x277A, 0x22B7, 
	0x1E0C, 0x1992, 0x1562, 0x1193, 0x0E3F, 0x0B7E, 0x0968, 0x0815, 0x079F, 
	0x0000, 0x0001, 0x0001, 0x0002, 0x0004, 0x0005, 0x0007, 0x0008, 0x0009, 
	0x000A, 0x000A, 0x0009, 0x0006, 0x0001, 0xFFFB, 0xFFF5, 0xFFEF, 0xFFEA, 
	0xFFE6, 0xFFE3, 0xFFE2, 0xFFE2, 0xFFE3, 0xFFE4, 0xFFE6, 0xFFE9, 0xFFEB, 
	0xFFEE, 0xFFF1, 0xFFF5, 0xFFF8, 0xFFFC, 0x0000, 0x0004, 0x0007, 0x000A, 
	0x000D, 0x000F, 0x0011, 0x0013, 0x0013, 0x0014, 0x0015, 0x0015, 0x0015, 
	0x0015, 0x0016, 0x0016, 0x0016, 0x0016, 0x0016, 0x0015, 0x0012, 0x000D, 
	0x0008, 0x0003, 0xFFFC, 0xFFF7, 0xFFF3, 0xFFF0, 0xFFEF, 0xFFEF, 0xFFEF, 
	0xFFF0, 0xFFF0, 0xFFF1, 0xFFF2, 0xFFF3, 0xFFF5, 0xFFF6, 0xFFF7, 0xFFF8, 
	0xFFF9, 0xFFFB, 0xFFFC, 0xFFFD, 0xFFFE, 0xFFFE, 0xFFFF, 0x0000, 0xFFED, 
	0xFFED, 0xFFEC, 0xFFEB, 0xFFEA, 0xFFE8, 0xFFE6, 0xFFE5, 0xFFE4, 0xFFE3, 
	0xFFE3, 0xFFE3, 0xFFE5, 0xFFE8, 0xFFEC, 0xFFEF, 0xFFF3, 0xFFF7, 0xFFF9, 
	0xFFFB, 0xFFFC, 0xFFFC, 0xFFFB, 0xFFFA, 0xFFF9, 0xFFF7, 0xFFF5, 0xFFF3, 
	0xFFF1, 0xFFEE, 0xFFEB, 0xFFE8, 0xFFE5, 0xFFE3, 0xFFE0, 0xFFDD, 0xFFDA, 
	0xFFD7, 0xFFD4, 0xFFD2, 0xFFCF, 0xFFCD, 0xFFCB, 0xFFC9, 0xFFC8, 0xFFC7, 
	0xFFC5, 0xFFC5, 0xFFC4, 0xFFC4, 0xFFC4, 0xFFC5, 0xFFC9, 0xFFCF, 0xFFD6, 
	0xFFDE, 0xFFE5, 0xFFED, 0xFFF2, 0xFFF6, 0xFFF8, 0xFFF8, 0xFFF8, 0xFFF7, 
	0xFFF7, 0xFFF6, 0xFFF6, 0xFFF5, 0xFFF4, 0xFFF3, 0xFFF3, 0xFFF2, 0xFFF1, 
	0xFFF0, 0xFFF0, 0xFFEF, 0xFFEE, 0xFFEE, 0xFFEE, 0xFFED, 0xC847, 0xC86E, 
	0xC8DB, 0xC97A, 0xCA3C, 0xCB0E, 0xCBE1, 0xCCA3, 0xCD42, 0xCDAE, 0xCDD6, 
	0xCCFA, 0xCAA5, 0xC736, 0xC30A, 0xBE80, 0xB9F6, 0xB5CA, 0xB25A, 0xB005, 
	0xAF29, 0xAF65, 0xB013, 0xB128, 0xB29B, 0xB462, 0xB672, 0xB8C2, 0xBB47, 
	0xBDF9, 0xC0CC, 0xC3B7, 0xC6B1, 0xC9AE, 0xCCA5, 0xCF8C, 0xD25A, 0xD503, 
	0xD77F, 0xD9C3, 0xDBC5, 0xDD7E, 0xDEF1, 0xE023, 0xE11A, 0xE1DC, 0xE26F, 
	0xE2D7, 0xE31A, 0xE33E, 0xE349, 0xE213, 0xDEC9, 0xD9F0, 0xD40C, 0xCDA4, 
	0xC73C, 0xC159, 0xBC80, 0xB935, 0xB7FF, 0xB81D, 0xB874, 0xB8FC, 0xB9B0, 
	0xBA8A, 0xBB83, 0xBC95, 0xBDBA, 0xBEEB, 0xC023, 0xC15A, 0xC28C, 0xC3B0, 
	0xC4C2, 0xC5BB, 0xC695, 0xC749, 0xC7D2, 0xC828, 0xC847, 
	},{ 
	0x0001, 0x0000, 0x004F, 0x0001, 0x0001, 0x0050, 0x0001, 0x0051, 0x0001, 
	0x0052, 0x0001, 0x0053, 0x0001, 0x0054, 0x0001, 0x0055, 0x0001, 0x0056, 
	0x0051, 0x0057, 0x0050, 0x00A8, 0x0051, 0x00F8, 0x0051, 0x0149, 0x0051, 
	0x019A, 0x0051, 0x01EB, 0x0001, 0x023C, 0x0001, 0x023D, 0x0001, 0x023E, 
	0x0001, 0x023F, 0x0001, 0x0240, 0x0001, 0x0241, 0x0001, 0x0242, 0x0001, 
	0x0243, 0x0001, 0x0244, 0x0001, 0x0245, 0x0001, 0x0246, 0x0001, 0x0247, 
	0x0001, 0x0248, 0x0001, 0x0249, 0x0001, 0x024A, 0x0051, 0x024B, 0x0051, 
	0x029C, 0x0051, 0x02ED, 0x0051, 0x033E, 0x004F, 0x038F, 0x0051, 0x03DE, 
	0x0001, 0x042F, 0x0001, 0x0430, 0x0001, 0x0431, 0x0001, 0x0432, 0x0001, 
	0x0433, 0x0001, 0x0434, 0x0051, 0x0435, 0x0051, 0x0486, 0x0051, 0x04D7, 
	0x004E, 0x0528, 0x004F, 0x0576, 0x0051, 0x05C5, 0x0050, 0x0616, 0x0051, 
	0x0666, 0x0051, 0x06B7, 0x0001, 0x0708, 0x0001, 0x0709, 0x0001, 0x070A, 
	0x0051, 0x070B, 0x0050, 0x075C, 0x0051, 0x07AC, 0x0050, 0x07FD, 0x0050, 
	0x084D, 0x0051, 0x089D, 0x0050, 0x08EE, 0x0050, 0x093E, 0x0051, 0x098E, 
});
smlua_anim_util_register_animation('JWAL_SH_BASH_JUMP',1, 0, 0, 0, 1, { 
	0x0000, 0x00AC, 0x0000, 0x0000, 0x0000, 0x0000, 0x2FDF, 0x0000, 0x4000, 
	0xE920, 0x02D7, 0x1D50, 0x14CA, 0x0B45, 0xE74E, 0x0000, 0xFFFF, 0xBFFF, 
	0x3F09, 0xF184, 0x9894, 0x0000, 0x0000, 0xB9F4, 0xDFFF, 0xF8E3, 0xEE38, 
	0x0000, 0xFFFF, 0xBFFF, 0x120D, 0x16CE, 0x025B, 0x0121, 0xFD0D, 0xB84A, 
	0x2000, 0x071C, 0xEE38, 0x0000, 0xFFFF, 0xBFFF, 0xF38E, 0x0A85, 0xDB60, 
	0x0003, 0xFFF9, 0x362D, 0xFFDF, 0x000C, 0xDDDF, 0x0000, 0xFFFF, 0xBFFF, 
	0xF838, 0xF1C5, 0x94DB, 0x0001, 0x0003, 0x079F, 0x0000, 0xFFED, 0xC847, 
	},{ 
	0x0001, 0x0000, 0x0001, 0x0001, 0x0001, 0x0002, 0x0001, 0x0003, 0x0001, 
	0x0004, 0x0001, 0x0005, 0x0001, 0x0006, 0x0001, 0x0007, 0x0001, 0x0008, 
	0x0001, 0x0009, 0x0001, 0x000A, 0x0001, 0x000B, 0x0001, 0x000C, 0x0001, 
	0x000D, 0x0001, 0x000E, 0x0001, 0x000F, 0x0001, 0x0010, 0x0001, 0x0011, 
	0x0001, 0x0012, 0x0001, 0x0013, 0x0001, 0x0014, 0x0001, 0x0015, 0x0001, 
	0x0016, 0x0001, 0x0017, 0x0001, 0x0018, 0x0001, 0x0019, 0x0001, 0x001A, 
	0x0001, 0x001B, 0x0001, 0x001C, 0x0001, 0x001D, 0x0001, 0x001E, 0x0001, 
	0x001F, 0x0001, 0x0020, 0x0001, 0x0021, 0x0001, 0x0022, 0x0001, 0x0023, 
	0x0001, 0x0024, 0x0001, 0x0025, 0x0001, 0x0026, 0x0001, 0x0027, 0x0001, 
	0x0028, 0x0001, 0x0029, 0x0001, 0x002A, 0x0001, 0x002B, 0x0001, 0x002C, 
	0x0001, 0x002D, 0x0001, 0x002E, 0x0001, 0x002F, 0x0001, 0x0030, 0x0001, 
	0x0031, 0x0001, 0x0032, 0x0001, 0x0033, 0x0001, 0x0034, 0x0001, 0x0035, 
	0x0001, 0x0036, 0x0001, 0x0037, 0x0001, 0x0038, 0x0001, 0x0039, 0x0001, 
	0x003A, 0x0001, 0x003B, 0x0001, 0x003C, 0x0001, 0x003D, 0x0001, 0x003E, 
});
smlua_anim_util_register_animation('JWAL_CORKSCREW',1, 0, 0, 0, 55, { 
	0x0000, 0x007D, 0x007D, 0x007D, 0x007D, 0x007D, 0x007D, 0x007D, 0x007D, 
	0x007D, 0x007D, 0x007D, 0x007D, 0x007D, 0x007D, 0x007D, 0x007D, 0x007D, 
	0x007D, 0x007D, 0x007D, 0x007D, 0x007D, 0x007D, 0x007D, 0x007D, 0x007D, 
	0x007D, 0x007D, 0x007D, 0x007D, 0x007D, 0x007D, 0x007D, 0x007D, 0x007D, 
	0x007D, 0x007D, 0x007D, 0x007D, 0x007D, 0x007D, 0x007D, 0x007C, 0x007C, 
	0x007B, 0x007A, 0x0078, 0x0077, 0x0076, 0x0075, 0x0074, 0x0072, 0x0072, 
	0x0071, 0x0070, 0x0000, 0x0000, 0x4000, 0x4000, 0x4000, 0x4000, 0x4000, 
	0x4000, 0x4000, 0x4000, 0x4000, 0x4000, 0x4000, 0x4000, 0x4000, 0x4000, 
	0x4000, 0x4000, 0x40ED, 0x4395, 0x47C6, 0x4D50, 0x5400, 0x5BA6, 0x6410, 
	0x6D0E, 0x766E, 0x8000, 0x8991, 0x92F1, 0x9BEF, 0xA459, 0xABFF, 0xB2AF, 
	0xB839, 0xBC6A, 0xBF12, 0xBFFF, 0x0000, 0xBFFF, 0xBFFF, 0xBFFF, 0xBFFF, 
	0xBFFF, 0xBFFF, 0xBFFF, 0xBFFF, 0xBFFF, 0xBFFF, 0xBFFF, 0xBFFF, 0xBFFF, 
	0xBFFF, 0xBFFF, 0xBFFF, 0xBED4, 0xBB80, 0xB644, 0xAF64, 0xA722, 0x9DC1, 
	0x9382, 0x88A9, 0x7D77, 0x7231, 0x6717, 0x5C6C, 0x5274, 0x4970, 0x41A3, 
	0x3B44, 0x3658, 0x32DB, 0x30C8, 0x3018, 0x305D, 0x311D, 0x323D, 0x33A5, 
	0x353C, 0x36F7, 0x390D, 0x3BC2, 0x3F5A, 0x441B, 0x4A2C, 0x5146, 0x5902, 
	0x60FE, 0x68D4, 0x701E, 0x767A, 0x7B81, 0x7ECF, 0x7FFF, 0x0000, 0x0000, 
	0x0000, 0x0000, 0x0000, 0x0000, 0x0000, 0x0000, 0x0000, 0x0000, 0x0000, 
	0x0000, 0x0000, 0x0000, 0x0000, 0x0000, 0x0009, 0x0021, 0x0048, 0x007C, 
	0x00BB, 0x0104, 0x0155, 0x01AC, 0x0208, 0x0268, 0x02C9, 0x032B, 0x038B, 
	0x03E8, 0x0441, 0x0493, 0x04DE, 0x051F, 0x0555, 0x057F, 0x059C, 0x05AE, 
	0x05B7, 0x05BA, 0x05BB, 0x05AD, 0x0586, 0x0545, 0x04ED, 0x047D, 0x03F9, 
	0x0366, 0x02CA, 0x022D, 0x0196, 0x010A, 0x0092, 0x0034, 0xFFF5, 0xFFDF, 
	0x4000, 0x4000, 0x4000, 0x4000, 0x4000, 0x4000, 0x4000, 0x4000, 0x4000, 
	0x4000, 0x4000, 0x4000, 0x4000, 0x4000, 0x4000, 0x4000, 0x3FF9, 0x3FE4, 
	0x3FC5, 0x3F9D, 0x3F6D, 0x3F39, 0x3F02, 0x3EC9, 0x3E92, 0x3E5E, 0x3E2F, 
	0x3E06, 0x3DE7, 0x3DD3, 0x3DCC, 0x3DCC, 0x3DCC, 0x3DCE, 0x3DD1, 0x3DD7, 
	0x3DE9, 0x3E0C, 0x3E39, 0x3E66, 0x3E8D, 0x3EA6, 0x3EB4, 0x3EBC, 0x3EC0, 
	0x3EC6, 0x3ED1, 0x3EE1, 0x3EF3, 0x3F08, 0x3F1D, 0x3F31, 0x3F43, 0x3F51, 
	0x3F5B, 0x3F5E, 0xFFFF, 0xFFFF, 0xFFFF, 0xFFFF, 0xFFFF, 0xFFFF, 0xFFFF, 
	0xFFFF, 0xFFFF, 0xFFFF, 0xFFFF, 0xFFFF, 0xFFFF, 0xFFFF, 0xFFFF, 0xFFFF, 
	0xFFFF, 0xFFFF, 0xFFFF, 0xFFFF, 0xFFFF, 0xFFFF, 0xFFFF, 0xFFFF, 0xFFFF, 
	0xFFFF, 0xFFFF, 0xFFFF, 0xFFFF, 0xFFFF, 0xFFFF, 0xFFFF, 0xFFFF, 0xFFFF, 
	0xFFFF, 0xFFFF, 0xFFFF, 0xFFFF, 0xFFFF, 0xFFFF, 0xFFFF, 0x0020, 0x0079, 
	0x0103, 0x01B5, 0x0286, 0x036D, 0x0461, 0x055A, 0x064E, 0x0735, 0x0806, 
	0x08B8, 0x0942, 0x099B, 0x09BB, 0x0000, 0x0000, 0x0000, 0x0000, 0x0000, 
	0x0000, 0x0000, 0x0000, 0x0000, 0x0000, 0x0000, 0x0000, 0x0000, 0x0000, 
	0x0000, 0x0000, 0xFFFF, 0xFFFF, 0xFFFF, 0xFFFF, 0xFFFF, 0xFFFF, 0xFFFF, 
	0xFFFF, 0xFFFF, 0xFFFF, 0xFFFF, 0xFFFF, 0xFFFF, 0xFFFF, 0xFFFF, 0xFFFF, 
	0xFFFF, 0xFFFF, 0xFFFF, 0xFFFF, 0xFFFF, 0xFFFF, 0xFFFF, 0xFFFF, 0xFFFF, 
	0x0002, 0x0009, 0x0014, 0x0021, 0x0031, 0x0043, 0x0055, 0x0068, 0x007B, 
	0x008D, 0x009D, 0x00AA, 0x00B5, 0x00BC, 0x00BE, 0xFF25, 0xFF25, 0xFF25, 
	0xFF25, 0xFF25, 0xFF25, 0xFF25, 0xFF25, 0xFF25, 0xFF25, 0xFF25, 0xFF25, 
	0xFF25, 0xFF25, 0xFF25, 0xFF25, 0xFF25, 0xFF26, 0xFF28, 0xFF2A, 0xFF2D, 
	0xFF30, 0xFF34, 0xFF37, 0xFF3B, 0xFF3F, 0xFF43, 0xFF47, 0xFF4A, 0xFF4E, 
	0xFF51, 0xFF53, 0xFF56, 0xFF57, 0xFF59, 0xFF59, 0xFF59, 0xFF59, 0xFF59, 
	0xFF59, 0xFF59, 0xFF5A, 0xFF5E, 0xFF63, 0xFF6A, 0xFF73, 0xFF7C, 0xFF86, 
	0xFF90, 0xFF9A, 0xFFA3, 0xFFAB, 0xFFB3, 0xFFB8, 0xFFBC, 0xFFBD, 0x0000, 
	0x0000, 0x0000, 0x0000, 0x0000, 0x0000, 0x0000, 0x0000, 0x0000, 0x0000, 
	0x0000, 0x0000, 0x0000, 0x0000, 0x0000, 0x0000, 0x005C, 0x0160, 0x02F7, 
	0x050B, 0x0785, 0x0A4F, 0x0D53, 0x107B, 0x13B1, 0x16DF, 0x19EE, 0x1CC8, 
	0x1F58, 0x2187, 0x2340, 0x2473, 0x2533, 0x259C, 0x25C7, 0x25D0, 0x25D0, 
	0x25D0, 0x25D0, 0x25D0, 0x25D0, 0x25CA, 0x25A6, 0x2542, 0x2480, 0x2340, 
	0x20C7, 0x1CBC, 0x178C, 0x11A6, 0x0B79, 0x0573, 0x0004, 0xFB98, 0xF8A0, 
	0xF78A, 0x0000, 0x0000, 0x0000, 0x0000, 0x0000, 0x0000, 0x0000, 0x0000, 
	0x0000, 0x0000, 0x0000, 0x0000, 0x0000, 0x0000, 0x0000, 0x0000, 0x0009, 
	0x0024, 0x004C, 0x0081, 0x00BE, 0x0102, 0x014A, 0x0193, 0x01DB, 0x021F, 
	0x025C, 0x0291, 0x02B9, 0x02D4, 0x02DD, 0x02D2, 0x02B9, 0x029B, 0x0282, 
	0x0277, 0x0277, 0x0277, 0x0277, 0x0277, 0x0277, 0x027C, 0x0289, 0x029E, 
	0x02BB, 0x02DD, 0x0305, 0x0330, 0x035D, 0x038A, 0x03B5, 0x03DC, 0x03FD, 
	0x0418, 0x0429, 0x042F, 0xE9B4, 0xE9B4, 0xE9B4, 0xE9B4, 0xE9B4, 0xE9B4, 
	0xE9B4, 0xE9B4, 0xE9B4, 0xE9B4, 0xE9B4, 0xE9B4, 0xE9B4, 0xE9B4, 0xE9B4, 
	0xE9B4, 0xE9EE, 0xEA90, 0xEB8C, 0xECD0, 0xEE4C, 0xEFF1, 0xF1AE, 0xF373, 
	0xF530, 0xF6D4, 0xF851, 0xF995, 0xFA90, 0xFB33, 0xFB6D, 0xFADC, 0xF983, 
	0xF7E8, 0xF68F, 0xF5FE, 0xF5FE, 0xF5FE, 0xF5FE, 0xF5FE, 0xF5FE, 0xF622, 
	0xF6A1, 0xF799, 0xF928, 0xFB6D, 0xFE76, 0x021B, 0x0623, 0x0A56, 0x0E7D, 
	0x1260, 0x15C8, 0x187B, 0x1A43, 0x1AE7, 0x0000, 0xFFFF, 0xBFFF, 0xFC71, 
	0xFC71, 0xFC71, 0xFC71, 0xFC71, 0xFC71, 0xFC71, 0xFC71, 0xFC71, 0xFC71, 
	0xFC71, 0xFC71, 0xFC71, 0xFC71, 0xFC71, 0xFC71, 0xFC24, 0xFB47, 0xF9EC, 
	0xF820, 0xF5F6, 0xF37B, 0xF0C1, 0xEDD7, 0xEACD, 0xE7B3, 0xE49A, 0xE190, 
	0xDEA6, 0xDBEC, 0x5972, 0x5747, 0x557C, 0x5420, 0x5344, 0x52F7, 0x52F7, 
	0x52F7, 0x52F7, 0x52F7, 0x52F7, 0x55BF, 0x5D94, 0xE9AD, 0xF946, 0x0B97, 
	0x1FD8, 0x3544, 0xCB12, 0xE07E, 0xF4BF, 0x0710, 0x16A9, 0xA2C2, 0xAA97, 
	0xAD5F, 0xFC71, 0xFC71, 0xFC71, 0xFC71, 0xFC71, 0xFC71, 0xFC71, 0xFC71, 
	0xFC71, 0xFC71, 0xFC71, 0xFC71, 0xFC71, 0xFC71, 0xFC71, 0xFC71, 0xFC1E, 
	0xFB31, 0xF9BB, 0xF7CD, 0xF579, 0xF2CE, 0xEFDF, 0xECBD, 0xE979, 0xE623, 
	0xE2CE, 0xDF89, 0xDC67, 0xD978, 0xA931, 0xAB85, 0xAD73, 0xAEE9, 0xAFD6, 
	0xB029, 0xB029, 0xB029, 0xB029, 0xB029, 0xB029, 0xB080, 0xB176, 0xCD0C, 
	0xCB23, 0xC8E4, 0xC668, 0xC3C7, 0xBEE4, 0xC185, 0xC400, 0xC63F, 0xC829, 
	0xB659, 0xB564, 0xB50C, 0x438E, 0x438E, 0x438E, 0x438E, 0x438E, 0x438E, 
	0x438E, 0x438E, 0x438E, 0x438E, 0x438E, 0x438E, 0x438E, 0x438E, 0x438E, 
	0x438E, 0x43FF, 0x4541, 0x473D, 0x49DD, 0x4D08, 0x50A8, 0x54A4, 0x58E7, 
	0x5D58, 0x61E1, 0x666A, 0x6ADB, 0x6F1E, 0x731B, 0xF6BA, 0xF9E5, 0xFC84, 
	0xFE81, 0xFFC3, 0x0035, 0x0035, 0x0035, 0x0035, 0x0035, 0x0035, 0xFEA3, 
	0xFA3B, 0x736C, 0x6AA5, 0x6057, 0x54F1, 0x48E3, 0xBC9D, 0xB090, 0xA52A, 
	0x9ADB, 0x9215, 0x0B46, 0x06DE, 0x054D, 0x0000, 0x0000, 0x0000, 0x0000, 
	0x0000, 0x0000, 0x0000, 0x0000, 0x0000, 0x0000, 0x0000, 0x0000, 0x0000, 
	0x0000, 0x0000, 0x0000, 0x0000, 0x0000, 0x0000, 0x0000, 0x0000, 0x0000, 
	0x0000, 0xFFFF, 0xFFFF, 0xFFFF, 0xFFFF, 0xFFFF, 0xFFFF, 0xFFFF, 0xFFFF, 
	0x0000, 0x0000, 0xFFFF, 0xFFFF, 0xFFFF, 0x0000, 0xFFFF, 0xFFFF, 0x0000, 
	0xFFFF, 0x0000, 0xFFFF, 0x0000, 0x0000, 0xFFFF, 0xFFFF, 0xFFFF, 0xFFFF, 
	0x0000, 0xFFFF, 0x0000, 0xFFFF, 0x0000, 0xFFFF, 0xFFFF, 0xFFFF, 0xFFFF, 
	0xFFFF, 0xFFFF, 0xFFFF, 0xFFFF, 0xFFFF, 0xFFFF, 0xFFFF, 0xFFFF, 0xFFFF, 
	0xFFFF, 0xFFFF, 0xFFFF, 0xFFFF, 0xFFFF, 0x0000, 0xFFFF, 0x0000, 0xFFFF, 
	0xFFFF, 0x0000, 0xFFFF, 0xFFFF, 0xFFFF, 0xFFFF, 0x0000, 0xFFFF, 0x0000, 
	0xFFFF, 0x0000, 0xFFFF, 0xFFFF, 0xFFFF, 0xFFFF, 0xFFFF, 0x0000, 0xFFFF, 
	0xFFFF, 0x0000, 0xFFFF, 0x0000, 0x0000, 0x0000, 0xFFFF, 0xFFFF, 0x0000, 
	0xFFFF, 0xFFFF, 0xFFFF, 0x0000, 0x0000, 0x0000, 0xFFFF, 0xF9E3, 0xF9E3, 
	0xF9E3, 0xF9E3, 0xF9E3, 0xF9E3, 0xF9E3, 0xF9E3, 0xF9E3, 0xF9E3, 0xF9E3, 
	0xF9E3, 0xF9E3, 0xF9E3, 0xF9E3, 0xF9E3, 0xF9EE, 0xFA0F, 0xFA42, 0xFA86, 
	0xFAD7, 0xFB35, 0xFB9C, 0xFC0A, 0xFC7C, 0xFCF1, 0xFD66, 0xFDD8, 0xFE46, 
	0xFEAD, 0xFF0B, 0xFF5C, 0xFFA0, 0xFFD3, 0xFFF4, 0x0000, 0xFFBB, 0xFEF9, 
	0xFDC6, 0xFC31, 0xFA48, 0xF818, 0xF5B1, 0xF31F, 0xF071, 0xEDB5, 0xEAF9, 
	0xE84B, 0xE5B9, 0xE352, 0xE122, 0xDF39, 0xDDA4, 0xDC71, 0xDBAF, 0xDB6B, 
	0xF554, 0xF554, 0xF554, 0xF554, 0xF554, 0xF554, 0xF554, 0xF554, 0xF554, 
	0xF554, 0xF554, 0xF554, 0xF554, 0xF554, 0xF554, 0xF554, 0xF568, 0xF5A1, 
	0xF5FA, 0xF670, 0xF6FF, 0xF7A2, 0xF856, 0xF916, 0xF9DE, 0xFAAA, 0xFB76, 
	0xFC3E, 0xFCFE, 0xFDB1, 0xFE54, 0xFEE3, 0xFF59, 0xFFB3, 0xFFEB, 0x0000, 
	0xFFFE, 0xFFFC, 0xFFF8, 0xFFF3, 0xFFED, 0xFFE6, 0xFFDE, 0xFFD5, 0xFFCD, 
	0xFFC4, 0xFFBB, 0xFFB3, 0xFFAA, 0xFFA2, 0xFF9B, 0xFF95, 0xFF90, 0xFF8C, 
	0xFF8A, 0xFF89, 0xFC71, 0xFC71, 0xFC71, 0xFC71, 0xFC71, 0xFC71, 0xFC71, 
	0xFC71, 0xFC71, 0xFC71, 0xFC71, 0xFC71, 0xFC71, 0xFC71, 0xFC71, 0xFC71, 
	0xFC49, 0xFBD8, 0xFB25, 0xFA39, 0xF91B, 0xF7D5, 0xF66E, 0xF4EE, 0xF35E, 
	0xF1C6, 0xF02E, 0xEE9E, 0xED1E, 0xEBB7, 0xEA71, 0xE954, 0xE867, 0xE7B4, 
	0xE743, 0xE71C, 0xE73E, 0xE79F, 0xE83A, 0xE905, 0xE9FB, 0xEB14, 0xEC4A, 
	0xED95, 0xEEED, 0xF04D, 0xF1AD, 0xF306, 0xF451, 0xF586, 0xF69F, 0xF795, 
	0xF861, 0xF8FB, 0xF95D, 0xF97F, 0xF554, 0xF554, 0xF554, 0xF554, 0xF554, 
	0xF554, 0xF554, 0xF554, 0xF554, 0xF554, 0xF554, 0xF554, 0xF554, 0xF554, 
	0xF554, 0xF554, 0xF554, 0xF554, 0xF554, 0xF554, 0xF554, 0xF554, 0xF554, 
	0xF554, 0xF554, 0xF554, 0xF554, 0xF554, 0xF554, 0xF554, 0xF554, 0xF554, 
	0xF554, 0xF554, 0xF554, 0xF554, 0xF54B, 0xF531, 0xF508, 0xF4D2, 0xF490, 
	0xF445, 0xF3F3, 0xF39B, 0xF33F, 0xF2E1, 0xF283, 0xF228, 0xF1CF, 0xF17D, 
	0xF132, 0xF0F1, 0xF0BA, 0xF091, 0xF077, 0xF06E, 0x0000, 0xFFFF, 0xBFFF, 
	0x038E, 0x038E, 0x038E, 0x038E, 0x038E, 0x038E, 0x038E, 0x038E, 0x038E, 
	0x038E, 0x038E, 0x038E, 0x038E, 0x038E, 0x038E, 0x038E, 0x0254, 0xFEDF, 
	0xF984, 0xF299, 0xEA73, 0xE166, 0xD7C8, 0xCDEE, 0xC42D, 0xBADB, 0xB24C, 
	0xAAD5, 0xA4CC, 0xA087, 0x9E59, 0x9D84, 0x9D03, 0x9CC1, 0x9CA9, 0x9CA5, 
	0x9CA5, 0x9CA5, 0x9CA5, 0x9CA5, 0x9CA5, 0x9CA9, 0x9CC1, 0x9D03, 0x9D84, 
	0x9E59, 0x9FFD, 0xA2AC, 0xA61D, 0xAA08, 0xAE21, 0xB221, 0xB5BD, 0xB8AB, 
	0x3AA4, 0x3B5D, 0x038E, 0x038E, 0x038E, 0x038E, 0x038E, 0x038E, 0x038E, 
	0x038E, 0x038E, 0x038E, 0x038E, 0x038E, 0x038E, 0x038E, 0x038E, 0x038E, 
	0x0413, 0x0589, 0x07CC, 0x0AB5, 0x0E20, 0x11E9, 0x15E8, 0x19FB, 0x1DFA, 
	0x21C2, 0x252E, 0x2817, 0x2A59, 0x2BD0, 0x2C55, 0x2BFA, 0x2B21, 0x2A1F, 
	0x2946, 0x28EC, 0x28EB, 0x28EB, 0x28EB, 0x28EB, 0x28EB, 0x291E, 0x29A7, 
	0x2A6E, 0x2B5B, 0x2C55, 0x2D48, 0x2E2E, 0x2F03, 0x2FC6, 0x3072, 0x3106, 
	0x317E, 0x31D7, 0x4DF1, 0x4DDE, 0x438E, 0x438E, 0x438E, 0x438E, 0x438E, 
	0x438E, 0x438E, 0x438E, 0x438E, 0x438E, 0x438E, 0x438E, 0x438E, 0x438E, 
	0x438E, 0x438E, 0x42A0, 0x3FFE, 0x3BE1, 0x3684, 0x3021, 0x28F2, 0x2131, 
	0x1919, 0x10E4, 0x08CC, 0x010C, 0xF9DB, 0xF378, 0xEE1A, 0xE9FD, 0xE736, 
	0xE587, 0xE4A9, 0xE458, 0xE44C, 0xE44C, 0xE44C, 0xE44C, 0xE44C, 0xE44C, 
	0xE458, 0xE4A9, 0xE587, 0xE736, 0xE9FD, 0xEF78, 0xF873, 0x03F8, 0x1110, 
	0x1EC6, 0x2C25, 0x3837, 0x4206, 0xC89C, 0xCB05, 0xFFFF, 0xFFFF, 0xFFFF, 
	0xFFFF, 0xFFFF, 0xFFFF, 0xFFFF, 0xFFFF, 0xFFFF, 0xFFFF, 0xFFFF, 0xFFFF, 
	0xFFFF, 0xFFFF, 0xFFFF, 0xFFFF, 0xFFFF, 0xFFFF, 0xFFFF, 0x0000, 0x0000, 
	0x0000, 0xFFFF, 0xFFFF, 0x0000, 0x0000, 0xFFFF, 0xFFFF, 0xFFFF, 0xFFFF, 
	0x0000, 0x0000, 0xFFFF, 0xFFFF, 0xFFFF, 0x0000, 0xFFFF, 0xFFFF, 0x0000, 
	0xFFFF, 0xFFFF, 0x0000, 0xFFFF, 0xFFFF, 0xFFFF, 0xFFFF, 0x0000, 0x0000, 
	0xFFFF, 0xFFFF, 0x0000, 0x0000, 0xFFFF, 0xFFFF, 0xFFFF, 0x0000, 0xFFFF, 
	0xFFFF, 0xFFFF, 0xFFFF, 0xFFFF, 0xFFFF, 0xFFFF, 0xFFFF, 0xFFFF, 0xFFFF, 
	0xFFFF, 0xFFFF, 0xFFFF, 0xFFFF, 0xFFFF, 0xFFFF, 0xFFFF, 0xFFFF, 0xFFFF, 
	0x0000, 0x0000, 0xFFFF, 0x0000, 0x0000, 0x0000, 0xFFFF, 0xFFFF, 0xFFFF, 
	0xFFFF, 0x0000, 0xFFFF, 0xFFFF, 0x0000, 0x0000, 0xFFFF, 0x0000, 0xFFFF, 
	0xFFFF, 0xFFFF, 0x0000, 0xFFFF, 0xFFFF, 0xFFFF, 0x0000, 0xFFFF, 0xFFFF, 
	0x0000, 0x0000, 0x0000, 0x0000, 0x0000, 0xFFFF, 0x0000, 0xFFFF, 0xFFFF, 
	0x0000, 0xFB1C, 0xFB1C, 0xFB1C, 0xFB1C, 0xFB1C, 0xFB1C, 0xFB1C, 0xFB1C, 
	0xFB1C, 0xFB1C, 0xFB1C, 0xFB1C, 0xFB1C, 0xFB1C, 0xFB1C, 0xFB1C, 0xFB25, 
	0xFB3E, 0xFB66, 0xFB9A, 0xFBDA, 0xFC23, 0xFC73, 0xFCCA, 0xFD24, 0xFD80, 
	0xFDDD, 0xFE38, 0xFE90, 0xFEE4, 0xFF30, 0xFF74, 0xFFAD, 0xFFD9, 0xFFF5, 
	0x0000, 0x0000, 0x0000, 0x0000, 0x0000, 0x0000, 0xFFFD, 0xFFF2, 0xFFD2, 
	0xFF95, 0xFF30, 0xFE69, 0xFD23, 0xFB80, 0xF9A5, 0xF7B3, 0xF5CD, 0xF416, 
	0xF2B2, 0xF1C3, 0xF16B, 0x0AAB, 0x0AAB, 0x0AAB, 0x0AAB, 0x0AAB, 0x0AAB, 
	0x0AAB, 0x0AAB, 0x0AAB, 0x0AAB, 0x0AAB, 0x0AAB, 0x0AAB, 0x0AAB, 0x0AAB, 
	0x0AAB, 0x0A91, 0x0A48, 0x09D7, 0x0942, 0x0891, 0x07C9, 0x06F1, 0x060F, 
	0x0529, 0x0444, 0x0368, 0x029A, 0x01E1, 0x0142, 0x00C4, 0x006B, 0x0032, 
	0x0011, 0x0003, 0xFFFF, 0x0020, 0x006E, 0x00CA, 0x0117, 0x0138, 0x0131, 
	0x011F, 0x0105, 0x00E5, 0x00C4, 0x00A4, 0x0086, 0x006A, 0x0050, 0x0039, 
	0x0026, 0x0016, 0x000A, 0x0003, 0xFFFF, 0x038E, 0x038E, 0x038E, 0x038E, 
	0x038E, 0x038E, 0x038E, 0x038E, 0x038E, 0x038E, 0x038E, 0x038E, 0x038E, 
	0x038E, 0x038E, 0x038E, 0x03C0, 0x044E, 0x052D, 0x064F, 0x07AA, 0x0932, 
	0x0ADA, 0x0C98, 0x0E5E, 0x1022, 0x11D7, 0x1371, 0x14E5, 0x1627, 0x172B, 
	0x17E8, 0x1868, 0x18B4, 0x18DA, 0x18E3, 0x18DC, 0x18C9, 0x18B1, 0x1899, 
	0x1887, 0x187B, 0x1866, 0x1835, 0x17D2, 0x172B, 0x15DC, 0x13B7, 0x10F7, 
	0x0DD7, 0x0A91, 0x075F, 0x047E, 0x0226, 0x0093, 0xFFFF, 0xF554, 0xF554, 
	0xF554, 0xF554, 0xF554, 0xF554, 0xF554, 0xF554, 0xF554, 0xF554, 0xF554, 
	0xF554, 0xF554, 0xF554, 0xF554, 0xF554, 0xF553, 0xF551, 0xF54C, 0xF547, 
	0xF541, 0xF53A, 0xF532, 0xF52B, 0xF523, 0xF51C, 0xF516, 0xF510, 0xF50C, 
	0xF509, 0xF509, 0xF510, 0xF523, 0xF53A, 0xF54C, 0xF554, 0xF54C, 0xF538, 
	0xF521, 0xF50D, 0xF505, 0xF505, 0xF505, 0xF506, 0xF507, 0xF509, 0xF50C, 
	0xF512, 0xF51A, 0xF522, 0xF52B, 0xF534, 0xF53C, 0xF542, 0xF546, 0xF548, 
	0xFFFF, 0xFFFF, 0xFFFF, 0xFFFF, 0xFFFF, 0xFFFF, 0xFFFF, 0xFFFF, 0xFFFF, 
	0xFFFF, 0xFFFF, 0xFFFF, 0xFFFF, 0xFFFF, 0xFFFF, 0xFFFF, 0xFFFF, 0xFFFF, 
	0xFFFF, 0xFFFF, 0x0000, 0xFFFF, 0xFFFF, 0x0000, 0x0000, 0x0000, 0x0000, 
	0x0000, 0x0000, 0x0000, 0x0000, 0xFFFF, 0x0000, 0x0000, 0xFFFF, 0xFFFF, 
	0xFFFF, 0x0000, 0x0000, 0x0000, 0x0000, 0xFFFF, 0xFFFF, 0xFFFF, 0x0000, 
	0xFFFF, 0xFFFF, 0x0000, 0x0000, 0x0000, 0xFFFF, 0xFFFF, 0x0000, 0x0000, 
	0xFFFF, 0x0000, 0x0000, 0x0000, 0x0000, 0x0000, 0x0000, 0x0000, 0x0000, 
	0x0000, 0x0000, 0x0000, 0x0000, 0x0000, 0x0000, 0x0000, 0x0000, 0x0000, 
	0x0000, 0x0000, 0xFFFF, 0x0000, 0x0000, 0x0000, 0xFFFF, 0x0000, 0x0000, 
	0x0000, 0x0000, 0x0000, 0x0000, 0xFFFF, 0xFFFF, 0xFFFF, 0x0000, 0x0000, 
	0x0000, 0x0000, 0x0000, 0x0000, 0x0000, 0x0000, 0xFFFF, 0xFFFF, 0xFFFF, 
	0x0000, 0xFFFF, 0x0000, 0x0000, 0xFFFF, 0xFFFF, 0xFFFF, 0x0000, 0xFFFF, 
	0xFFFF, 0x0000, 0xFFFF, 0xBF5E, 0xFFFF, 0xFFFF, 0xFFFF, 0xFFFF, 0xFFFF, 
	0xFFFF, 0xFFFF, 0xFFFF, 0xFFFF, 0xFFFF, 0xFFFF, 0xFFFF, 0xFFFF, 0xFFFF, 
	0xFFFF, 0xFFFF, 0xFFCE, 0xFF43, 0xFE67, 0xFD45, 0xFBE6, 0xFA55, 0xF89C, 
	0xF6C5, 0xF4D9, 0xF2E3, 0xF0EE, 0xEF02, 0xED2B, 0xEB71, 0xE9E0, 0xE882, 
	0xE760, 0xE684, 0xE5F8, 0xE5C8, 0xE5C8, 0xE5C8, 0xE5C8, 0xE5C8, 0xE5C8, 
	0xE5DF, 0xE632, 0xE6DA, 0xE7ED, 0xE983, 0xEBA8, 0xEE3F, 0xF11E, 0xF41F, 
	0xF718, 0xF9E1, 0xFC51, 0xFE42, 0xFF89, 0x0000, 0x02D8, 0x02D8, 0x02D8, 
	0x02D8, 0x02D8, 0x02D8, 0x02D8, 0x02D8, 0x02D8, 0x02D8, 0x02D8, 0x02D8, 
	0x02D8, 0x02D8, 0x02D8, 0x02D8, 0x02D4, 0x02C8, 0x02B5, 0x029C, 0x027E, 
	0x025C, 0x0236, 0x020D, 0x01E3, 0x01B8, 0x018D, 0x0163, 0x013A, 0x0114, 
	0x00F2, 0x00D4, 0x00BB, 0x00A8, 0x009C, 0x0098, 0x0098, 0x0098, 0x0098, 
	0x0098, 0x0098, 0xFFD5, 0xFDDC, 0xFB1A, 0xF7FD, 0xF4F6, 0xF260, 0xF041, 
	0xEE90, 0xED3F, 0xEC43, 0xEB90, 0xEB19, 0xEAD3, 0xEAB2, 0xEAAA, 0xAE38, 
	0xAE38, 0xAE38, 0xAE38, 0xAE38, 0xAE38, 0xAE38, 0xAE38, 0xAE38, 0xAE38, 
	0xAE38, 0xAE38, 0xAE38, 0xAE38, 0xAE38, 0xAE38, 0xAE67, 0xAEEC, 0xAFBF, 
	0xB0D5, 0xB225, 0xB3A5, 0xB54C, 0xB710, 0xB8E7, 0xBAC7, 0xBCA8, 0xBE7F, 
	0xC043, 0xC1EA, 0xC36A, 0xC4BA, 0xC5D0, 0xC6A2, 0xC728, 0xC756, 0xC756, 
	0xC756, 0xC756, 0xC756, 0xC756, 0xC672, 0xC3E1, 0xBFCC, 0xBA5D, 0xB3BE, 
	0xAC20, 0xA3D4, 0x9B33, 0x9298, 0x8A5A, 0x82D4, 0x7C5E, 0x7753, 0x740A, 
	0x72DE, 0xFC9B, 0xFC9B, 0xFC9B, 0xFC9B, 0xFC9B, 0xFC9B, 0xFC9B, 0xFC9B, 
	0xFC9B, 0xFC9B, 0xFC9B, 0xFC9B, 0xFC9B, 0xFC9B, 0xFC9B, 0xFC9B, 0xFCA5, 
	0xFCC2, 0xFCEF, 0xFD29, 0xFD6C, 0xFDB7, 0xFE06, 0xFE57, 0xFEA6, 0xFEF1, 
	0xFF35, 0xFF6E, 0xFF9B, 0xFFB8, 0xFFC2, 0x056F, 0x056F, 0x056F, 0x056F, 
	0x056F, 0x056F, 0x056F, 0x056F, 0x056F, 0x056F, 0x056F, 0x056F, 0x056F, 
	0x056F, 0x056F, 0x056F, 0x055F, 0x0532, 0x04ED, 0x0494, 0x042C, 0x03B8, 
	0x033E, 0x02C2, 0x0248, 0x01D4, 0x016C, 0x0113, 0x00CE, 0x00A1, 0x0091, 
	0x3B6D, 0x3B6D, 0x3B6D, 0x3B6D, 0x3B6D, 0x3B6D, 0x3B6D, 0x3B6D, 0x3B6D, 
	0x3B6D, 0x3B6D, 0x3B6D, 0x3B6D, 0x3B6D, 0x3B6D, 0x3B6D, 0x3B68, 0x3B5A, 
	0x3B44, 0x3B26, 0x3B00, 0x3AD3, 0x3A9F, 0x3A65, 0x3A26, 0x39E1, 0x3998, 
	0x394B, 0x38FB, 0x38A7, 0x3850, 0x37F9, 0x37A8, 0x3764, 0x3735, 0x3724, 
	0x3724, 0x3724, 0x3724, 0x3724, 0x3724, 0x3726, 0x3737, 0x3765, 0x37BE, 
	0x3850, 0x3972, 0x3B4C, 0x3DAC, 0x405F, 0x4333, 0x45F5, 0x4873, 0x4A79, 
	0x4BD4, 0x4C54, 0xFF9D, 0xFF9D, 0xFF9D, 0xFF9D, 0xFF9D, 0xFF9D, 0xFF9D, 
	0xFF9D, 0xFF9D, 0xFF9D, 0xFF9D, 0xFF9D, 0xFF9D, 0xFF9D, 0xFF9D, 0xFF9D, 
	0xFF9D, 0xFF9D, 0xFF9D, 0xFF9D, 0xFF9D, 0xFF9E, 0xFF9E, 0xFF9E, 0xFF9E, 
	0xFF9E, 0xFF9E, 0xFF9F, 0xFF9F, 0xFF9F, 0xFF9F, 0xFF9F, 0xFF9E, 0xFF9E, 
	0xFF9D, 0xFF9D, 0xFF9D, 0xFF9D, 0xFF9D, 0xFF9D, 0xFF9D, 0xFF9D, 0xFF9D, 
	0xFF9D, 0xFF9E, 0xFF9F, 0xFFA0, 0xFFA3, 0xFFA7, 0xFFAB, 0xFFAF, 0xFFB3, 
	0xFFB6, 0xFFB9, 0xFFBB, 0xFFBC, 0xFEEF, 0xFEEF, 0xFEEF, 0xFEEF, 0xFEEF, 
	0xFEEF, 0xFEEF, 0xFEEF, 0xFEEF, 0xFEEF, 0xFEEF, 0xFEEF, 0xFEEF, 0xFEEF, 
	0xFEEF, 0xFEEF, 0xFEEF, 0xFEEF, 0xFEEF, 0xFEEF, 0xFEEF, 0xFEEF, 0xFEEF, 
	0xFEEF, 0xFEEF, 0xFEEF, 0xFEEF, 0xFEEF, 0xFEEF, 0xFEEF, 0xFEEF, 0xFEEF, 
	0xFEEF, 0xFEEF, 0xFEEF, 0xFEEF, 0xFEEF, 0xFEEF, 0xFEEF, 0xFEEF, 0xFEEF, 
	0xFEEF, 0xFEEF, 0xFEEF, 0xFEEF, 0xFEEF, 0xFEEE, 0xFEED, 0xFEEC, 0xFEEB, 
	0xFEEA, 0xFEE9, 0xFEE8, 0xFEE8, 0xFEE7, 0xF087, 0xF087, 0xF087, 0xF087, 
	0xF087, 0xF087, 0xF087, 0xF087, 0xF087, 0xF087, 0xF087, 0xF087, 0xF087, 
	0xF087, 0xF087, 0xF087, 0xF084, 0xF07D, 0xF072, 0xF064, 0xF053, 0xF040, 
	0xF02C, 0xF018, 0xF004, 0xEFF2, 0xEFE1, 0xEFD2, 0xEFC7, 0xEFC0, 0xEFBD, 
	0xEFD2, 0xF004, 0xF040, 0xF072, 0xF087, 0xF087, 0xF087, 0xF087, 0xF087, 
	0xF087, 0xF085, 0xF07A, 0xF05B, 0xF020, 0xEFBD, 0xEEFB, 0xEDBD, 0xEC24, 
	0xEA54, 0xE86E, 0xE694, 0xE4E8, 0xE38D, 0xE2A3, 0xE24E, 0xFFFF, 0xFFFF, 
	0xFFFF, 0xFFFF, 0xFFFF, 0xFFFF, 0xFFFF, 0xFFFF, 0xFFFF, 0xFFFF, 0xFFFF, 
	0xFFFF, 0xFFFF, 0xFFFF, 0xFFFF, 0xFFFF, 0xFFFF, 0xFFFF, 0xFFFF, 0xFFFF, 
	0x0000, 0xFFFF, 0xFFFF, 0x0000, 0x0000, 0x0000, 0x0000, 0x0000, 0x0000, 
	0x0000, 0x0000, 0xFFFF, 0x0000, 0x0000, 0xFFFF, 0xFFFF, 0xFFFF, 0x0000, 
	0x0000, 0x0000, 0x0000, 0xFFFF, 0xFFFF, 0xFFFF, 0x0000, 0xFFFF, 0xFFFF, 
	0x0000, 0x0000, 0x0000, 0xFFFF, 0xFFFF, 0x0000, 0x0000, 0xFFFF, 0x0000, 
	0x0000, 0x0000, 0x0000, 0x0000, 0x0000, 0x0000, 0x0000, 0x0000, 0x0000, 
	0x0000, 0x0000, 0x0000, 0x0000, 0x0000, 0x0000, 0x0000, 0x0000, 0x0000, 
	0xFFFF, 0x0000, 0x0000, 0x0000, 0xFFFF, 0x0000, 0x0000, 0x0000, 0x0000, 
	0x0000, 0x0000, 0xFFFF, 0xFFFF, 0xFFFF, 0x0000, 0x0000, 0x0000, 0x0000, 
	0x0000, 0x0000, 0x0000, 0x0000, 0xFFFF, 0xFFFF, 0xFFFF, 0x0000, 0xFFFF, 
	0x0000, 0x0000, 0xFFFF, 0xFFFF, 0xFFFF, 0x0000, 0xFFFF, 0xFFFF, 0x0000, 
	0xFFFF, 0xBF5E, 0x0000, 0x0000, 0x0000, 0x0000, 0x0000, 0x0000, 0x0000, 
	0x0000, 0x0000, 0x0000, 0x0000, 0x0000, 0x0000, 0x0000, 0x0000, 0x0000, 
	0x0035, 0x00C9, 0x01AF, 0x02D8, 0x0435, 0x05B9, 0x0754, 0x08F9, 0x0A98, 
	0x0C25, 0x0D8F, 0x0EC9, 0x0FC4, 0x1072, 0x10C5, 0x10DF, 0x10EE, 0x10F7, 
	0x10FA, 0x10FA, 0x10FA, 0x10FA, 0x10FA, 0x10FA, 0x10FA, 0x10FA, 0x10F7, 
	0x10EE, 0x10DF, 0x10C5, 0x1091, 0x103D, 0x0FD1, 0x0F56, 0x0ED6, 0x0E58, 
	0x0DE7, 0x0D8B, 0x0D4E, 0x0D37, 0xFD27, 0xFD27, 0xFD27, 0xFD27, 0xFD27, 
	0xFD27, 0xFD27, 0xFD27, 0xFD27, 0xFD27, 0xFD27, 0xFD27, 0xFD27, 0xFD27, 
	0xFD27, 0xFD27, 0xFD48, 0xFDA6, 0xFE37, 0xFEF1, 0xFFCD, 0x00C1, 0x01C2, 
	0x02C9, 0x03CC, 0x04C1, 0x05A0, 0x065F, 0x06F6, 0x075A, 0x0783, 0x078A, 
	0x078E, 0x0790, 0x0791, 0x0791, 0x0791, 0x0791, 0x0791, 0x0791, 0x0791, 
	0x0791, 0x0790, 0x078E, 0x078A, 0x0783, 0x0776, 0x075F, 0x0743, 0x0722, 
	0x0701, 0x06DF, 0x06C2, 0x06A9, 0x0699, 0x0693, 0xBFFF, 0xBFFF, 0xBFFF, 
	0xBFFF, 0xBFFF, 0xBFFF, 0xBFFF, 0xBFFF, 0xBFFF, 0xBFFF, 0xBFFF, 0xBFFF, 
	0xBFFF, 0xBFFF, 0xBFFF, 0xBFFF, 0xC009, 0xC026, 0xC054, 0xC091, 0xC0DA, 
	0xC12E, 0xC18B, 0xC1EE, 0xC256, 0xC2C0, 0xC32C, 0xC395, 0xC3FC, 0xC45C, 
	0xC4B5, 0xC505, 0xC548, 0xC57B, 0xC59C, 0xC5A8, 0xC5A8, 0xC5A8, 0xC5A8, 
	0xC5A8, 0xC5A8, 0xC5A6, 0xC598, 0xC574, 0xC52C, 0xC4B5, 0xC3CC, 0xC24D, 
	0xC062, 0xBE34, 0xBBEC, 0xB9B2, 0xB7B0, 0xB60E, 0xB4F5, 0xB48E, 0x0CC7, 
	0x0CC7, 0x0CC7, 0x0CC7, 0x0CC7, 0x0CC7, 0x0CC7, 0x0CC7, 0x0CC7, 0x0CC7, 
	0x0CC7, 0x0CC7, 0x0CC7, 0x0CC7, 0x0CC7, 0x0CC7, 0x0C9D, 0x0C28, 0x0B73, 
	0x0A89, 0x0977, 0x0848, 0x0707, 0x05C0, 0x047F, 0x0350, 0x023E, 0x0154, 
	0x009F, 0x002A, 0x0000, 0x0000, 0x0000, 0xFFFF, 0x0000, 0x0000, 0xFFFF, 
	0x0000, 0x0000, 0xFFFF, 0xFFFF, 0x0000, 0x0000, 0x0000, 0x0000, 0xFFFF, 
	0xFFFF, 0xFFFF, 0xFFFF, 0xFFFF, 0xFFFF, 0x0000, 0xFFFF, 0x0000, 0xFFFF, 
	0xFE66, 0xFE66, 0xFE66, 0xFE66, 0xFE66, 0xFE66, 0xFE66, 0xFE66, 0xFE66, 
	0xFE66, 0xFE66, 0xFE66, 0xFE66, 0xFE66, 0xFE66, 0xFE66, 0xFE6B, 0xFE7A, 
	0xFE91, 0xFEAE, 0xFED0, 0xFEF6, 0xFF1E, 0xFF47, 0xFF6F, 0xFF95, 0xFFB7, 
	0xFFD4, 0xFFEB, 0xFFFA, 0xFFFF, 0x0000, 0xFFFF, 0xFFFF, 0x0000, 0xFFFF, 
	0x0000, 0xFFFF, 0x0000, 0x0000, 0xFFFF, 0xFFFF, 0xFFFF, 0x0000, 0xFFFF, 
	0x0000, 0x0000, 0xFFFF, 0x0000, 0x0000, 0x0000, 0xFFFF, 0x0000, 0xFFFF, 
	0xFFFF, 0x0000, 0x0D9A, 0x0D9A, 0x0D9A, 0x0D9A, 0x0D9A, 0x0D9A, 0x0D9A, 
	0x0D9A, 0x0D9A, 0x0D9A, 0x0D9A, 0x0D9A, 0x0D9A, 0x0D9A, 0x0D9A, 0x0D9A, 
	0x0D7B, 0x0D23, 0x0C99, 0x0BE4, 0x0B0B, 0x0A17, 0x090D, 0x07F6, 0x06D9, 
	0x05BC, 0x04A8, 0x03A3, 0x02B5, 0x01E5, 0x013A, 0x00B9, 0x0060, 0x0027, 
	0x0009, 0x0000, 0xFFFF, 0xFFFF, 0xFFFF, 0xFFFF, 0xFFFF, 0x0003, 0x0014, 
	0x0044, 0x00A1, 0x013A, 0x0268, 0x0458, 0x06D3, 0x09A6, 0x0C9A, 0x0F7C, 
	0x1216, 0x1433, 0x159F, 0x1624, 0x01E6, 0x01E6, 0x01E6, 0x01E6, 0x01E6, 
	0x01E6, 0x01E6, 0x01E6, 0x01E6, 0x01E6, 0x01E6, 0x01E6, 0x01E6, 0x01E6, 
	0x01E6, 0x01E6, 0x01E1, 0x01D2, 0x01BC, 0x019E, 0x017B, 0x0155, 0x012B, 
	0x00FF, 0x00D4, 0x00AA, 0x0082, 0x005E, 0x003F, 0x0026, 0x0015, 0x000B, 
	0x0005, 0x0001, 0x0000, 0xFFFF, 0x0000, 0x0000, 0xFFFF, 0xFFFF, 0xFFFF, 
	0x0000, 0x0001, 0x0005, 0x000B, 0x0015, 0x0029, 0x004B, 0x0075, 0x00A6, 
	0x00D8, 0x010A, 0x0137, 0x015B, 0x0173, 0x017C, 0x0166, 0x0166, 0x0166, 
	0x0166, 0x0166, 0x0166, 0x0166, 0x0166, 0x0166, 0x0166, 0x0166, 0x0166, 
	0x0166, 0x0166, 0x0166, 0x0166, 0x0163, 0x0159, 0x014A, 0x0136, 0x011E, 
	0x0104, 0x00E7, 0x00C9, 0x00AA, 0x008C, 0x006F, 0x0054, 0x003C, 0x0027, 
	0x0017, 0x000C, 0x0005, 0x0002, 0x0000, 0x0000, 0x0000, 0x0000, 0x0000, 
	0xFFFF, 0x0000, 0x0000, 0x0001, 0x0005, 0x000C, 0x0017, 0x002D, 0x0051, 
	0x0080, 0x00B5, 0x00EC, 0x0122, 0x0153, 0x017B, 0x0195, 0x019F, 0xEF6F, 
	0xEF6F, 0xEF6F, 0xEF6F, 0xEF6F, 0xEF6F, 0xEF6F, 0xEF6F, 0xEF6F, 0xEF6F, 
	0xEF6F, 0xEF6F, 0xEF6F, 0xEF6F, 0xEF6F, 0xEF6F, 0xEF77, 0xEF90, 0xEFB6, 
	0xEFE9, 0xF027, 0xF06F, 0xF0C0, 0xF117, 0xF173, 0xF1D3, 0xF235, 0xF298, 
	0xF2FB, 0xF35B, 0xF3B7, 0xF40D, 0xF459, 0xF496, 0xF4BE, 0xF4CD, 0xF4CD, 
	0xF4CD, 0xF4CD, 0xF4CD, 0xF4CD, 0xF4CB, 0xF4BB, 0xF491, 0xF43E, 0xF3B7, 
	0xF2AB, 0xF0F5, 0xEEC2, 0xEC43, 0xE9A5, 0xE718, 0xE4CB, 0xE2EC, 0xE1AA, 
	0xE134, 
	},{ 
	0x0001, 0x0000, 0x0037, 0x0001, 0x0001, 0x0038, 0x0001, 0x0039, 0x0024, 
	0x003A, 0x0001, 0x005E, 0x0038, 0x005F, 0x0038, 0x0097, 0x0038, 0x00CF, 
	0x0038, 0x0107, 0x0038, 0x013F, 0x0038, 0x0177, 0x0038, 0x01AF, 0x0038, 
	0x01E7, 0x0038, 0x021F, 0x0001, 0x0257, 0x0001, 0x0258, 0x0001, 0x0259, 
	0x0038, 0x025A, 0x0038, 0x0292, 0x0038, 0x02CA, 0x0037, 0x0302, 0x0037, 
	0x0339, 0x0038, 0x0370, 0x0038, 0x03A8, 0x0038, 0x03E0, 0x0038, 0x0418, 
	0x0001, 0x0450, 0x0001, 0x0451, 0x0001, 0x0452, 0x0038, 0x0453, 0x0038, 
	0x048B, 0x0038, 0x04C3, 0x0038, 0x04FB, 0x0038, 0x0533, 0x0038, 0x056B, 
	0x0038, 0x05A3, 0x0038, 0x05DB, 0x0038, 0x0613, 0x0038, 0x064B, 0x0037, 
	0x0683, 0x0001, 0x06BA, 0x0038, 0x06BB, 0x0038, 0x06F3, 0x0038, 0x072B, 
	0x001F, 0x0763, 0x001F, 0x0782, 0x0038, 0x07A1, 0x0038, 0x07D9, 0x0037, 
	0x0811, 0x0038, 0x0848, 0x0038, 0x0880, 0x0037, 0x08B8, 0x0001, 0x08EF, 
	0x0038, 0x08F0, 0x0038, 0x0928, 0x0038, 0x0960, 0x0037, 0x0998, 0x0038, 
	0x09CF, 0x0038, 0x0A07, 0x0038, 0x0A3F, 0x0038, 0x0A77, 0x0038, 0x0AAF, 
});
smlua_anim_util_register_animation('JWAL_SINGLE_JUMP',1, 0, 0, 0, 20, { 
	0x0000, 0x00AA, 0x0000, 0x0000, 0x3FFF, 0x0000, 0x0000, 0x0000, 0xFFFF, 
	0xFFFF, 0xFFFF, 0xFFFF, 0xFFFF, 0xFFFF, 0xFFFF, 0xFFFF, 0xFFFF, 0xFFFF, 
	0xFFFF, 0x0000, 0x40A1, 0x4041, 0x3F39, 0x3DB1, 0x3BCD, 0x39B5, 0x378D, 
	0x357D, 0x33A9, 0x3239, 0x3151, 0x30C9, 0x305D, 0x3008, 0x2FC8, 0x2F9B, 
	0x2F7C, 0x2F6A, 0x2F60, 0x2F5D, 0x2F5C, 0x0000, 0x0000, 0xF68D, 0xF737, 
	0xF905, 0xFBAE, 0xFEE8, 0x026C, 0x05F0, 0x092A, 0x0BD2, 0x0DA0, 0x0E4A, 
	0x0E3C, 0x0E16, 0x0DDE, 0x0D9A, 0x0D50, 0x0D06, 0x0CC2, 0x0C8A, 0x0C63, 
	0x0C55, 0x0000, 0x0000, 0xF101, 0xF1BD, 0xF3C0, 0xF6BF, 0xFA6F, 0xFE86, 
	0x02BA, 0x06BE, 0x0A4A, 0x0D11, 0x0ECA, 0x0FC7, 0x1092, 0x1130, 0x11A7, 
	0x11FC, 0x1235, 0x1258, 0x126A, 0x1270, 0x1271, 0xFFFE, 0x0001, 0xC170, 
	0x04F2, 0x037D, 0xFF87, 0xF9B2, 0xF29D, 0xEAE8, 0xE333, 0xDC1E, 0xD649, 
	0xD253, 0xD0DE, 0xD1EF, 0xD4D5, 0xD919, 0xDE48, 0xE3EC, 0xE98F, 0xEEBE, 
	0xF303, 0xF5E8, 0xF6F9, 0xF9B0, 0xF8A8, 0xF5D2, 0xF193, 0xEC4F, 0xE66B, 
	0xE04A, 0xDA51, 0xD4E4, 0xD067, 0xCD3F, 0xCB1E, 0xC969, 0xC814, 0xC715, 
	0xC65D, 0xC5E3, 0xC598, 0xC572, 0xC564, 0xC562, 0xC813, 0xC7FD, 0xC7B1, 
	0xC724, 0xC647, 0xC50E, 0xC36A, 0xC14F, 0xBEB0, 0xBB7E, 0xB7AE, 0xB33D, 
	0xAE58, 0xA935, 0xA40D, 0x9F18, 0x9A8C, 0x96A3, 0x9392, 0x9193, 0x90DC, 
	0x0000, 0x0000, 0x0000, 0x0000, 0x0000, 0x0000, 0x0000, 0x0000, 0x0000, 
	0x0000, 0xFFFF, 0x0000, 0xFFFF, 0xFFFF, 0xFFFF, 0xFFFF, 0xFFFF, 0xFFFF, 
	0xFFFF, 0xFFFF, 0x0000, 0x0000, 0x0000, 0xFFFF, 0xFFFF, 0xFFFF, 0x0000, 
	0x0000, 0xFFFF, 0xFFFF, 0xFFFF, 0x0000, 0xF781, 0xF5FE, 0xF1E3, 0xEBD7, 
	0xE480, 0xDC82, 0xD485, 0xCD2D, 0xC721, 0xC306, 0xC183, 0xC198, 0xC1D0, 
	0xC223, 0xC287, 0xC2F4, 0xC361, 0xC3C6, 0xC418, 0xC450, 0xC465, 0xFE60, 
	0xFE70, 0xFE9B, 0xFEDB, 0xFF2A, 0xFF82, 0xFFDD, 0x0034, 0x0081, 0x00BE, 
	0x00E5, 0x00FC, 0x010E, 0x011C, 0x0127, 0x012F, 0x0134, 0x0137, 0x0138, 
	0x0139, 0xF94A, 0xF949, 0xF946, 0xF942, 0xF93E, 0xF939, 0xF933, 0xF92F, 
	0xF92B, 0xF928, 0xF927, 0xF928, 0xF929, 0xF92A, 0xF92C, 0xF92E, 0xF930, 
	0xF932, 0xF933, 0xF934, 0xF482, 0xF424, 0xF323, 0xF1A3, 0xEFCB, 0xEDBE, 
	0xEBA2, 0xE99B, 0xE7D0, 0xE664, 0xE57D, 0xE4F4, 0xE485, 0xE430, 0xE3EF, 
	0xE3C1, 0xE3A2, 0xE38F, 0xE385, 0xE382, 0xE381, 0xFFFE, 0x0001, 0xC170, 
	0x09DC, 0x0AAA, 0x0CD9, 0x1012, 0x13FC, 0x183E, 0x1C80, 0x2069, 0x23A2, 
	0x25D2, 0x26A0, 0x24FE, 0x2091, 0x1A0B, 0x1220, 0x0981, 0x00E3, 0xF8F6, 
	0xF270, 0x6E03, 0x6C62, 0x0A09, 0x0B2F, 0x0E4E, 0x12EF, 0x189B, 0x1ED8, 
	0x2530, 0x2B29, 0x304C, 0x3422, 0x3631, 0x371C, 0x37D8, 0x386B, 0x38D9, 
	0x3928, 0x395D, 0x397D, 0x398E, 0x466C, 0x466B, 0xC794, 0xC775, 0xC70A, 
	0xC63D, 0xC4FB, 0xC32D, 0xC0BF, 0xBD9C, 0xB9AE, 0xB4E1, 0xAF20, 0xA867, 
	0xA0F9, 0x992D, 0x9156, 0x89CB, 0x82E0, 0x7CEA, 0x783F, 0xF533, 0xF41C, 
	0xFFC5, 0xFFEA, 0x004F, 0x00E2, 0x0195, 0x0258, 0x031B, 0x03CE, 0x0461, 
	0x04C5, 0x04EA, 0x04E9, 0x04E7, 0x04E4, 0x04E0, 0x04DC, 0x04D8, 0x04D4, 
	0x04D1, 0x04CE, 0xFAE4, 0xFAFF, 0xFB47, 0xFBB1, 0xFC32, 0xFCBE, 0xFD4A, 
	0xFDCB, 0xFE35, 0xFE7D, 0xFE98, 0xFE96, 0xFE8F, 0xFE85, 0xFE79, 0xFE6C, 
	0xFE5F, 0xFE53, 0xFE49, 0xFE43, 0xFE40, 0xFBA8, 0xFA21, 0xF5FC, 0xEFE0, 
	0xE876, 0xE064, 0xD852, 0xD0E7, 0xCACC, 0xC6A7, 0xC520, 0xC534, 0xC56C, 
	0xC5BE, 0xC622, 0xC68E, 0xC6FB, 0xC75E, 0xC7B0, 0xC7E8, 0xC7FC, 0x0000, 
	0x0000, 0x0000, 0x0000, 0x0000, 0x0000, 0x0000, 0x0000, 0x0000, 0x0000, 
	0xFFFF, 0x0000, 0x0000, 0x0000, 0x0000, 0xFFFF, 0x0000, 0x0000, 0x0000, 
	0x0000, 0x0000, 0x0000, 0x0000, 0x0000, 0x0000, 0x0000, 0x0000, 0x0000, 
	0x0000, 0x0000, 0x0000, 0x0000, 0xFFFF, 0xF41E, 0xF3F4, 0xF381, 0xF2D3, 
	0xF1F8, 0xF0FF, 0xEFF8, 0xEEF0, 0xEDF7, 0xED1A, 0xEC69, 0xEBE1, 0xEB75, 
	0xEB20, 0xEAE0, 0xEAB3, 0xEA94, 0xEA82, 0xEA78, 0xEA75, 0xEA74, 0x0000, 
	0x0000, 0x0000, 0x0000, 0x0000, 0x0000, 0x0000, 0xFFFF, 0x0000, 0xFFFF, 
	0xFFFF, 0x0000, 0xFFFF, 0xFFFF, 0x0000, 0x0000, 0xFFFF, 0x0000, 0xFFFF, 
	0x0000, 0xFFFF, 0xFFFF, 0xFFFF, 0xFFFF, 0x0000, 0xFFFF, 0x0000, 0x0000, 
	0xFFFF, 0x0000, 0x0000, 0x0000, 0x0000, 0xFFFF, 0xFFFF, 0xFFFF, 0x0000, 
	0xFFFF, 0x0000, 0xFFFF, 0x0000, 0xFFFF, 0xBF5E, 0xF781, 0xF753, 0xF6D7, 
	0xF620, 0xF542, 0xF450, 0xF35E, 0xF280, 0xF1C9, 0xF14D, 0xF11F, 0xF12D, 
	0xF151, 0xF187, 0xF1C8, 0xF20F, 0xF255, 0xF297, 0xF2CC, 0xF2F1, 0xF2FE, 
	0xFF1F, 0xFE45, 0xFBF4, 0xF888, 0xF45F, 0xEFD4, 0xEB44, 0xE70B, 0xE386, 
	0xE112, 0xE00A, 0xDFDD, 0xDFB8, 0xDF9C, 0xDF87, 0xDF77, 0xDF6D, 0xDF67, 
	0xDF64, 0xDF63, 0xDF62, 0xB8C7, 0xB81D, 0xB64E, 0xB39D, 0xB04F, 0xACA9, 
	0xA8EE, 0xA564, 0xA24E, 0x9FF2, 0x9E92, 0x9DDC, 0x9D4B, 0x9CD9, 0x9C84, 
	0x9C47, 0x9C1E, 0x9C05, 0x9BF8, 0x9BF3, 0xFFFF, 0x0000, 0x0000, 0xFFFF, 
	0xFFFF, 0x0000, 0xFFFF, 0xFFFF, 0x0000, 0xFFFF, 0xFFFF, 0xFFFF, 0xFFFF, 
	0xFFFF, 0xFFFF, 0xFFFF, 0xFFFF, 0xFFFF, 0xFFFF, 0xFFFF, 0x0000, 0xFFFF, 
	0xFFFF, 0xFFFF, 0xFFFF, 0x0000, 0x0000, 0x0000, 0x0000, 0x0000, 0x0000, 
	0xFFFF, 0x13CD, 0x14A4, 0x16EC, 0x1A48, 0x1E5D, 0x22CD, 0x273E, 0x2B53, 
	0x2EAF, 0x30F7, 0x31CE, 0x31C0, 0x3199, 0x3161, 0x311D, 0x30D3, 0x3089, 
	0x3045, 0x300D, 0x2FE7, 0x2FD9, 0x0000, 0xFFFF, 0x0000, 0x0000, 0xFFFF, 
	0x0000, 0x0000, 0xFFFF, 0x0000, 0xFFFF, 0xFFFF, 0xFFFF, 0x0000, 0xFFFF, 
	0x0000, 0xFFFF, 0xFFFF, 0xFFFF, 0xFFFF, 0x0000, 0xFFFF, 0xFFFF, 0xFFFF, 
	0xFFFF, 0xFFFF, 0xFFFF, 0x0000, 0xF128, 0xEFDD, 0xEC56, 0xE720, 0xE0C6, 
	0xD9D1, 0xD2CD, 0xCC45, 0xC6C4, 0xC2D5, 0xC102, 0xC07A, 0xC00E, 0xBFB9, 
	0xBF79, 0xBF4C, 0xBF2D, 0xBF1B, 0xBF11, 0xBF0E, 0xBF0D, 0x0000, 0x0000, 
	0x0000, 0x0000, 0x0000, 0x0000, 0x0000, 0xFFFF, 0x0000, 0xFFFF, 0xFFFF, 
	0x0000, 0xFFFF, 0xFFFF, 0x0000, 0x0000, 0xFFFF, 0x0000, 0xFFFF, 0x0000, 
	0xFFFF, 0xFFFF, 0xFFFF, 0xFFFF, 0x0000, 0xFFFF, 0x0000, 0x0000, 0xFFFF, 
	0x0000, 0x0000, 0x0000, 0x0000, 0xFFFF, 0xFFFF, 0xFFFF, 0x0000, 0xFFFF, 
	0x0000, 0xFFFF, 0x0000, 0xFFFF, 0xBF5E, 0x080E, 0x0846, 0x08DD, 0x09BC, 
	0x0ACB, 0x0BF2, 0x0D19, 0x0E28, 0x0F07, 0x0F9F, 0x0FD7, 0x0FC9, 0x0FA5, 
	0x0F6F, 0x0F2E, 0x0EE7, 0x0EA1, 0x0E5F, 0x0E2A, 0x0E05, 0x0DF8, 0xFF8E, 
	0x0074, 0x02E1, 0x0676, 0x0AD2, 0x0F94, 0x145B, 0x18C7, 0x1C77, 0x1F0A, 
	0x201F, 0x204F, 0x2076, 0x2095, 0x20AB, 0x20BC, 0x20C7, 0x20CD, 0x20D1, 
	0x20D2, 0xB896, 0xB7ED, 0xB621, 0xB375, 0xB02D, 0xAC8D, 0xA8D9, 0xA554, 
	0xA244, 0x9FEB, 0x9E8E, 0x9DD8, 0x9D47, 0x9CD6, 0x9C81, 0x9C44, 0x9C1B, 
	0x9C03, 0x9BF6, 0x9BF1, 0x9BF0, 0xFFFF, 0xFFFF, 0xFFFF, 0xFFFF, 0x0000, 
	0x0000, 0x0000, 0xFFFF, 0x0000, 0xFFFF, 0xFFFF, 0xFFFF, 0xFFFF, 0xFFFF, 
	0xFFFF, 0x0000, 0xFFFF, 0x0000, 0xFFFF, 0x0000, 0x0000, 0x0000, 0x0000, 
	0x0000, 0x0000, 0x0000, 0x0000, 0x0000, 0xFFFF, 0x0000, 0x1603, 0x16DA, 
	0x1922, 0x1C7E, 0x2093, 0x2504, 0x2974, 0x2D89, 0x30E5, 0x332D, 0x3404, 
	0x33F6, 0x33D0, 0x3398, 0x3354, 0x330A, 0x32BF, 0x327B, 0x3243, 0x321D, 
	0x320F, 0x0000, 0x0000, 0xE1F0, 0xE0A4, 0xDD1E, 0xD7E8, 0xD18D, 0xCA98, 
	0xC395, 0xBD0D, 0xB78C, 0xB39C, 0xB1CA, 0xB142, 0xB0D5, 0xB081, 0xB041, 
	0xB013, 0xAFF5, 0xAFE2, 0xAFD9, 0xAFD5, 

},{ 
	0x0001, 0x0000, 0x0001, 0x0001, 0x0001, 0x0002, 0x0001, 0x0003, 0x0001, 
	0x0004, 0x0001, 0x0005, 0x0003, 0x0006, 0x000B, 0x0009, 0x0015, 0x0014, 
	0x0001, 0x0029, 0x0001, 0x002A, 0x0015, 0x002B, 0x0001, 0x0040, 0x0001, 
	0x0041, 0x0015, 0x0042, 0x0001, 0x0057, 0x0001, 0x0058, 0x0001, 0x0059, 
	0x0015, 0x005A, 0x0015, 0x006F, 0x0015, 0x0084, 0x0015, 0x0099, 0x000B, 
	0x00AE, 0x0015, 0x00B9, 0x0014, 0x00CE, 0x0014, 0x00E2, 0x0015, 0x00F6, 
	0x0001, 0x010B, 0x0001, 0x010C, 0x0001, 0x010D, 0x0015, 0x010E, 0x0015, 
	0x0123, 0x0015, 0x0138, 0x0014, 0x014D, 0x0015, 0x0161, 0x0015, 0x0176, 
	0x000C, 0x018B, 0x0015, 0x0197, 0x0015, 0x01AC, 0x0015, 0x01C1, 0x0015, 
	0x01D6, 0x0001, 0x01EB, 0x0015, 0x01EC, 0x0015, 0x0201, 0x0014, 0x0216, 
	0x0015, 0x022A, 0x000B, 0x023F, 0x0015, 0x024A, 0x0015, 0x025F, 0x0006, 
	0x0274, 0x0015, 0x027A, 0x0015, 0x028F, 0x0015, 0x02A4, 0x0001, 0x02B9, 
	0x0015, 0x02BA, 0x0014, 0x02CF, 0x0015, 0x02E3, 0x0014, 0x02F8, 0x000A, 
	0x030C, 0x0015, 0x0316, 0x0001, 0x032B, 0x0001, 0x032C, 0x0014, 0x032D, 
	

});
smlua_anim_util_register_animation('JWAL_SINGLE_JUMP_LAND',1, 0, 0, 0, 34, { 
	0x0000, 0x0077, 0x0077, 0x0077, 0x0077, 0x0077, 0x0077, 0x0077, 0x0077, 
	0x0077, 0x0077, 0x0077, 0x0077, 0x0077, 0x0077, 0x0077, 0x0077, 0x0077, 
	0x0077, 0x0077, 0x0077, 0x0077, 0x0077, 0x0078, 0x007C, 0x0081, 0x0088, 
	0x008F, 0x0096, 0x009C, 0x00A1, 0x00A5, 0x00A7, 0x00A9, 0x00AA, 0xFFAE, 
	0xFFAE, 0xFFAE, 0xFFAE, 0xFFAE, 0xFFAE, 0xFFAE, 0xFFAE, 0xFFAE, 0xFFAE, 
	0xFFAE, 0xFFAE, 0xFFAE, 0xFFAE, 0xFFAE, 0xFFAE, 0xFFAE, 0xFFAE, 0xFFAE, 
	0xFFAE, 0xFFAE, 0xFFAE, 0xFFAE, 0xFFAF, 0xFFB1, 0xFFB5, 0xFFBA, 0xFFC1, 
	0xFFCA, 0xFFD5, 0xFFE1, 0xFFEC, 0xFFF6, 0xFFFD, 0x0000, 0x0000, 0x3FFF, 
	0x0000, 0x0000, 0x0000, 0x0000, 0x0000, 0x0000, 0x0000, 0x0000, 0x0000, 
	0x0000, 0x0000, 0x0000, 0x0000, 0x0000, 0x0000, 0x0000, 0x0000, 0x0000, 
	0x0000, 0x0000, 0x0000, 0x0000, 0x0000, 0x0000, 0x0000, 0x0000, 0x0000, 
	0xFFFF, 0xFFFF, 0xFFFF, 0x0000, 0x0000, 0x0000, 0xFFFF, 0xFFFF, 0x0000, 
	0x0000, 0x0000, 0x0000, 0x0000, 0x0000, 0x0000, 0x0000, 0x0000, 0x0000, 
	0x0000, 0x0000, 0x0000, 0x0000, 0x0000, 0x0000, 0x0000, 0x0000, 0x0000, 
	0x0000, 0x0000, 0x0000, 0x0000, 0x0000, 0x0000, 0x0000, 0xFFFF, 0x5D96, 
	0x5D96, 0x5D96, 0x5D96, 0x5D96, 0x5D96, 0x5D96, 0x5D96, 0x5D96, 0x5D96, 
	0x5D96, 0x5D96, 0x5D96, 0x5D96, 0x5D96, 0x5D96, 0x5D96, 0x5D96, 0x5D96, 
	0x5D96, 0x5D96, 0x5D96, 0x5D1B, 0x5BC4, 0x59B9, 0x5723, 0x5429, 0x50F3, 
	0x4DA9, 0x4A73, 0x4779, 0x44E2, 0x42D8, 0x4181, 0x4106, 0x000F, 0x000F, 
	0x000F, 0x000F, 0x000F, 0x000F, 0x000F, 0x000F, 0x000F, 0x000F, 0x000F, 
	0x000F, 0x000F, 0x000F, 0x000F, 0x000F, 0x000F, 0x000F, 0x000F, 0x000F, 
	0x000F, 0x000F, 0x0010, 0x0013, 0x0017, 0x001D, 0x0023, 0x002A, 0x0031, 
	0x0038, 0x003E, 0x0044, 0x0048, 0x004B, 0x004C, 0xFFDE, 0xFFDE, 0xFFDE, 
	0xFFDE, 0xFFDE, 0xFFDE, 0xFFDE, 0xFFDE, 0xFFDE, 0xFFDE, 0xFFDE, 0xFFDE, 
	0xFFDE, 0xFFDE, 0xFFDE, 0xFFDE, 0xFFDE, 0xFFDE, 0xFFDE, 0xFFDE, 0xFFDE, 
	0xFFDE, 0xFFDD, 0xFFDA, 0xFFD5, 0xFFCE, 0xFFC7, 0xFFBF, 0xFFB7, 0xFFAF, 
	0xFFA8, 0xFFA2, 0xFF9C, 0xFF99, 0xFF98, 0x1348, 0x1348, 0x1348, 0x1348, 
	0x1348, 0x1348, 0x1348, 0x1348, 0x1348, 0x1348, 0x1348, 0x1348, 0x1348, 
	0x1348, 0x1348, 0x1348, 0x1348, 0x1348, 0x1348, 0x1348, 0x1348, 0x1348, 
	0x1318, 0x1294, 0x11CC, 0x10CD, 0x0FA8, 0x0E6C, 0x0D28, 0x0BEC, 0x0AC7, 
	0x09C8, 0x08FF, 0x087B, 0x084C, 0xFFFC, 0xFFFC, 0xFFFC, 0xFFFC, 0xFFFC, 
	0xFFFC, 0xFFFC, 0xFFFC, 0xFFFC, 0xFFFC, 0xFFFC, 0xFFFC, 0xFFFC, 0xFFFC, 
	0xFFFC, 0xFFFC, 0xFFFC, 0xFFFC, 0xFFFC, 0xFFFC, 0xFFFC, 0xFFFC, 0xFFFB, 
	0xFFFB, 0xFFFA, 0xFFF9, 0xFFF7, 0xFFF6, 0xFFF5, 0xFFF3, 0xFFF2, 0xFFF1, 
	0xFFF0, 0xFFEF, 0x0014, 0x0014, 0x0014, 0x0014, 0x0014, 0x0014, 0x0014, 
	0x0014, 0x0014, 0x0014, 0x0014, 0x0014, 0x0014, 0x0014, 0x0014, 0x0014, 
	0x0014, 0x0014, 0x0014, 0x0014, 0x0014, 0x0014, 0x0015, 0x0017, 0x001B, 
	0x0020, 0x0025, 0x002B, 0x0031, 0x0036, 0x003C, 0x0040, 0x0044, 0x0046, 
	0x0047, 0x0DF6, 0x0DF6, 0x0DF6, 0x0DF6, 0x0DF6, 0x0DF6, 0x0DF6, 0x0DF6, 
	0x0DF6, 0x0DF6, 0x0DF6, 0x0DF6, 0x0DF6, 0x0DF6, 0x0DF6, 0x0DF6, 0x0DF6, 
	0x0DF6, 0x0DF6, 0x0DF6, 0x0DF6, 0x0DF6, 0x0DA7, 0x0CCE, 0x0B83, 0x09E0, 
	0x07FD, 0x05F4, 0x03DF, 0x01D6, 0xFFF2, 0xFE4E, 0xFD03, 0xFC2A, 0xFBDC, 
	0xFFFE, 0x0001, 0xC170, 0xBE68, 0xBE68, 0xBE68, 0xBE68, 0xBE68, 0xBE68, 
	0xBE68, 0xBE68, 0xBE68, 0xBE68, 0xBE68, 0xBE68, 0xBE68, 0xBE68, 0xBE68, 
	0xBE68, 0xBE68, 0xBE68, 0xBE68, 0xBE68, 0xBE68, 0xBE68, 0xC95B, 0xE379, 
	0x02A5, 0x1CC2, 0x27B5, 0x25BA, 0x2080, 0x191C, 0x10A3, 0x082A, 0x00C6, 
	0xFB8B, 0xF98F, 0xE920, 0xE920, 0xE920, 0xE920, 0xE920, 0xE920, 0xE920, 
	0xE920, 0xE920, 0xE920, 0xE920, 0xE920, 0xE920, 0xE920, 0xE920, 0xE920, 
	0xE920, 0xE920, 0xE920, 0xE920, 0xE920, 0xE920, 0xE7AB, 0xE414, 0xDF89, 
	0xDB38, 0xD84F, 0xD6B5, 0xD582, 0xD4A5, 0xD411, 0xD3B8, 0xD38A, 0xD379, 
	0xD376, 0xFFFB, 0xFFFB, 0xFFFB, 0xFFFB, 0xFFFB, 0xFFFB, 0xFFFB, 0xFFFB, 
	0xFFFB, 0xFFFB, 0xFFFB, 0xFFFB, 0xFFFB, 0xFFFB, 0xFFFB, 0xFFFB, 0xFFFB, 
	0xFFFB, 0xFFFB, 0xFFFB, 0xFFFB, 0xFFFB, 0xF4B6, 0xD9D7, 0xB9C5, 0x9EE6, 
	0x93A2, 0x9682, 0x9E16, 0xA8CD, 0xB516, 0xC15F, 0xCC17, 0xD3AB, 0xD68B, 
	0xFFFF, 0xFFFF, 0xFFFF, 0xFFFF, 0xFFFF, 0xFFFF, 0xFFFF, 0xFFFF, 0xFFFF, 
	0xFFFF, 0xFFFF, 0xFFFF, 0xFFFF, 0xFFFF, 0xFFFF, 0xFFFF, 0xFFFF, 0xFFFF, 
	0xFFFF, 0xFFFF, 0xFFFF, 0xFFFF, 0xFFFF, 0xFFFF, 0xFFFF, 0xFFFF, 0xFFFF, 
	0xFFFF, 0xFFFF, 0xFFFF, 0xFFFF, 0xFFFF, 0x0000, 0xFFFF, 0x0000, 0x0000, 
	0x0000, 0x0000, 0x0000, 0x0000, 0x0000, 0x0000, 0x0000, 0x0000, 0x0000, 
	0x0000, 0x0000, 0x0000, 0x0000, 0x0000, 0x0000, 0x0000, 0x0000, 0x0000, 
	0x0000, 0x0000, 0x0000, 0x0000, 0xFFFF, 0x0000, 0x0000, 0x0000, 0x0000, 
	0xFFFF, 0x0000, 0xFFFF, 0xFFFF, 0x0000, 0x0000, 0xFFFF, 0xC62A, 0xC62A, 
	0xC62A, 0xC62A, 0xC62A, 0xC62A, 0xC62A, 0xC62A, 0xC62A, 0xC62A, 0xC62A, 
	0xC62A, 0xC62A, 0xC62A, 0xC62A, 0xC62A, 0xC62A, 0xC62A, 0xC62A, 0xC62A, 
	0xC62A, 0xC62A, 0xC63E, 0xC674, 0xC6C7, 0xC72F, 0xC7A8, 0xC82A, 0xC8AF, 
	0xC931, 0xC9A9, 0xCA12, 0xCA65, 0xCA9B, 0xCAAE, 0x00E1, 0x00E1, 0x00E1, 
	0x00E1, 0x00E1, 0x00E1, 0x00E1, 0x00E1, 0x00E1, 0x00E1, 0x00E1, 0x00E1, 
	0x00E1, 0x00E1, 0x00E1, 0x00E1, 0x00E1, 0x00E1, 0x00E1, 0x00E1, 0x00E1, 
	0x00E1, 0x00DD, 0x00D3, 0x00C3, 0x00AE, 0x0097, 0x007D, 0x0064, 0x004A, 
	0x0033, 0x001E, 0x000E, 0x0004, 0xFFFF, 0xF948, 0xF948, 0xF948, 0xF948, 
	0xF948, 0xF948, 0xF948, 0xF948, 0xF948, 0xF948, 0xF948, 0xF948, 0xF948, 
	0xF948, 0xF948, 0xF948, 0xF948, 0xF948, 0xF948, 0xF948, 0xF948, 0xF948, 
	0xF949, 0xF94C, 0xF94F, 0xF954, 0xF959, 0xF95F, 0xF965, 0xF96A, 0xF970, 
	0xF974, 0xF978, 0xF97A, 0xF97B, 0xE655, 0xE655, 0xE655, 0xE655, 0xE655, 
	0xE655, 0xE655, 0xE655, 0xE655, 0xE655, 0xE655, 0xE655, 0xE655, 0xE655, 
	0xE655, 0xE655, 0xE655, 0xE655, 0xE655, 0xE655, 0xE655, 0xE655, 0xE674, 
	0xE6CB, 0xE74F, 0xE7F6, 0xE8B6, 0xE986, 0xEA5B, 0xEB2A, 0xEBEA, 0xEC92, 
	0xED15, 0xED6C, 0xED8B, 0xFFFE, 0x0001, 0xC170, 0x4003, 0x4003, 0x4003, 
	0x4003, 0x4003, 0x4003, 0x4003, 0x4003, 0x4003, 0x4003, 0x4003, 0x4003, 
	0x4003, 0x4003, 0x4003, 0x4003, 0x4003, 0x4003, 0x4003, 0x4003, 0x4003, 
	0x4003, 0x34AD, 0x19A4, 0xF95E, 0xDE55, 0x52FF, 0xD522, 0xDAC6, 0xE2BF, 
	0xEBE3, 0xF507, 0xFD00, 0x02A5, 0x04C9, 0x1FB5, 0x1FB5, 0x1FB5, 0x1FB5, 
	0x1FB5, 0x1FB5, 0x1FB5, 0x1FB5, 0x1FB5, 0x1FB5, 0x1FB5, 0x1FB5, 0x1FB5, 
	0x1FB5, 0x1FB5, 0x1FB5, 0x1FB5, 0x1FB5, 0x1FB5, 0x1FB5, 0x1FB5, 0x1FB5, 
	0x1FD6, 0x2038, 0x20DA, 0x21BA, 0x5D28, 0x242C, 0x25A4, 0x2726, 0x289A, 
	0x29E6, 0x2AF2, 0x2BA5, 0x2BE6, 0x03BE, 0x03BE, 0x03BE, 0x03BE, 0x03BE, 
	0x03BE, 0x03BE, 0x03BE, 0x03BE, 0x03BE, 0x03BE, 0x03BE, 0x03BE, 0x03BE, 
	0x03BE, 0x03BE, 0x03BE, 0x03BE, 0x03BE, 0x03BE, 0x03BE, 0x03BE, 0xF798, 
	0xDAA0, 0xB80E, 0x9B17, 0x0EF2, 0x917A, 0x9829, 0xA19B, 0xAC6F, 0xB743, 
	0xC0B6, 0xC764, 0xC9ED, 0x0373, 0x0373, 0x0373, 0x0373, 0x0373, 0x0373, 
	0x0373, 0x0373, 0x0373, 0x0373, 0x0373, 0x0373, 0x0373, 0x0373, 0x0373, 
	0x0373, 0x0373, 0x0373, 0x0373, 0x0373, 0x0373, 0x0373, 0x0364, 0x033B, 
	0x02FC, 0x02AC, 0x0250, 0x01EC, 0x0187, 0x0123, 0x00C7, 0x0077, 0x0038, 
	0x000F, 0xFFFF, 0xFEBE, 0xFEBE, 0xFEBE, 0xFEBE, 0xFEBE, 0xFEBE, 0xFEBE, 
	0xFEBE, 0xFEBE, 0xFEBE, 0xFEBE, 0xFEBE, 0xFEBE, 0xFEBE, 0xFEBE, 0xFEBE, 
	0xFEBE, 0xFEBE, 0xFEBE, 0xFEBE, 0xFEBE, 0xFEBE, 0xFEC4, 0xFED3, 0xFEEA, 
	0xFF07, 0xFF28, 0xFF4C, 0xFF71, 0xFF95, 0xFFB7, 0xFFD4, 0xFFEB, 0xFFFA, 
	0x0000, 0xC82F, 0xC82F, 0xC82F, 0xC82F, 0xC82F, 0xC82F, 0xC82F, 0xC82F, 
	0xC82F, 0xC82F, 0xC82F, 0xC82F, 0xC82F, 0xC82F, 0xC82F, 0xC82F, 0xC82F, 
	0xC82F, 0xC82F, 0xC82F, 0xC82F, 0xC82F, 0xC831, 0xC837, 0xC840, 0xC84C, 
	0xC859, 0xC868, 0xC876, 0xC885, 0xC892, 0xC89E, 0xC8A7, 0xC8AD, 0xC8AF, 
	0x0000, 0x0000, 0x0000, 0x0000, 0x0000, 0x0000, 0x0000, 0x0000, 0x0000, 
	0x0000, 0x0000, 0x0000, 0x0000, 0x0000, 0x0000, 0x0000, 0x0000, 0x0000, 
	0x0000, 0x0000, 0x0000, 0x0000, 0x0000, 0x0000, 0x0000, 0x0000, 0x0000, 
	0xFFFF, 0x0000, 0xFFFF, 0x0000, 0x0000, 0x0000, 0x0000, 0xFFFF, 0x0000, 
	0x0000, 0x0000, 0x0000, 0x0000, 0x0000, 0x0000, 0x0000, 0x0000, 0x0000, 
	0x0000, 0x0000, 0x0000, 0x0000, 0x0000, 0x0000, 0x0000, 0x0000, 0x0000, 
	0x0000, 0x0000, 0x0000, 0x0000, 0x0000, 0x0000, 0xFFFF, 0xFFFF, 0x0000, 
	0xED81, 0xED81, 0xED81, 0xED81, 0xED81, 0xED81, 0xED81, 0xED81, 0xED81, 
	0xED81, 0xED81, 0xED81, 0xED81, 0xED81, 0xED81, 0xED81, 0xED81, 0xED81, 
	0xED81, 0xED81, 0xED81, 0xED81, 0xEDA3, 0xEE00, 0xEE8E, 0xEF43, 0xF012, 
	0xF0F2, 0xF1D7, 0xF2B7, 0xF387, 0xF43B, 0xF4C9, 0xF527, 0xF548, 0x0000, 
	0x0000, 0x0000, 0x0000, 0x0000, 0x0000, 0x0000, 0x0000, 0x0000, 0x0000, 
	0x0000, 0x0000, 0x0000, 0x0000, 0x0000, 0x0000, 0x0000, 0x0000, 0x0000, 
	0x0000, 0x0000, 0x0000, 0x0000, 0x0000, 0xFFFF, 0x0000, 0x0000, 0xFFFF, 
	0x0000, 0xFFFF, 0x0000, 0x0000, 0x0000, 0xFFFF, 0xFFFF, 0xFFFF, 0xFFFF, 
	0xFFFF, 0xFFFF, 0xFFFF, 0xFFFF, 0xFFFF, 0xFFFF, 0xFFFF, 0xFFFF, 0xFFFF, 
	0xFFFF, 0xFFFF, 0xFFFF, 0xFFFF, 0xFFFF, 0xFFFF, 0xFFFF, 0xFFFF, 0xFFFF, 
	0xFFFF, 0x0000, 0xFFFF, 0xFFFF, 0x0000, 0xFFFF, 0xFFFF, 0xFFFF, 0xFFFF, 
	0x0000, 0x0000, 0x0000, 0xFFFF, 0x0000, 0xBF5E, 0xEB9E, 0xEB9E, 0xEB9E, 
	0xEB9E, 0xEB9E, 0xEB9E, 0xEB9E, 0xEB9E, 0xEB9E, 0xEB9E, 0xEB9E, 0xEB9E, 
	0xEB9E, 0xEB9E, 0xEB9E, 0xEB9E, 0xEB9E, 0xEB9E, 0xEB9E, 0xEB9E, 0xEB9E, 
	0xEB9E, 0xEB44, 0xEA49, 0xE8CA, 0xE6E5, 0xE4B7, 0xE25D, 0xDFF5, 0xDD9B, 
	0xDB6D, 0xD988, 0xD809, 0xD70E, 0xD6B4, 0xE2A3, 0xE2A3, 0xE2A3, 0xE2A3, 
	0xE2A3, 0xE2A3, 0xE2A3, 0xE2A3, 0xE2A3, 0xE2A3, 0xE2A3, 0xE2A3, 0xE2A3, 
	0xE2A3, 0xE2A3, 0xE2A3, 0xE2A3, 0xE2A3, 0xE2A3, 0xE2A3, 0xE2A3, 0xE2A3, 
	0xE2CC, 0xE340, 0xE3F0, 0xE4D0, 0xE5D1, 0xE6E6, 0xE802, 0xE917, 0xEA18, 
	0xEAF8, 0xEBA8, 0xEC1C, 0xEC45, 0x6F70, 0x6F70, 0x6F70, 0x6F70, 0x6F70, 
	0x6F70, 0x6F70, 0x6F70, 0x6F70, 0x6F70, 0x6F70, 0x6F70, 0x6F70, 0x6F70, 
	0x6F70, 0x6F70, 0x6F70, 0x6F70, 0x6F70, 0x6F70, 0x6F70, 0x6F70, 0x709D, 
	0x73E1, 0x78DD, 0x7F2D, 0x8670, 0x8E46, 0x964D, 0x9E23, 0xA567, 0xABB7, 
	0xB0B2, 0xB3F7, 0xB523, 0xFFFF, 0xFFFF, 0xFFFF, 0xFFFF, 0xFFFF, 0xFFFF, 
	0xFFFF, 0xFFFF, 0xFFFF, 0xFFFF, 0xFFFF, 0xFFFF, 0xFFFF, 0xFFFF, 0xFFFF, 
	0xFFFF, 0xFFFF, 0xFFFF, 0xFFFF, 0xFFFF, 0xFFFF, 0xFFFF, 0xFFFF, 0xFFFF, 
	0xFFFF, 0xFFFF, 0xFFFF, 0xFFFF, 0xFFFF, 0xFFFF, 0xFFFF, 0xFFFF, 0xFFFF, 
	0xFFFF, 0x0000, 0x41F9, 0x41F9, 0x41F9, 0x41F9, 0x41F9, 0x41F9, 0x41F9, 
	0x41F9, 0x41F9, 0x41F9, 0x41F9, 0x41F9, 0x41F9, 0x41F9, 0x41F9, 0x41F9, 
	0x41F9, 0x41F9, 0x41F9, 0x41F9, 0x41F9, 0x41F9, 0x4180, 0x402E, 0x3E2B, 
	0x3B9E, 0x38AE, 0x3584, 0x3246, 0x2F1B, 0x2C2C, 0x299E, 0x279B, 0x2649, 
	0x25D0, 0x0D9D, 0x0D9D, 0x0D9D, 0x0D9D, 0x0D9D, 0x0D9D, 0x0D9D, 0x0D9D, 
	0x0D9D, 0x0D9D, 0x0D9D, 0x0D9D, 0x0D9D, 0x0D9D, 0x0D9D, 0x0D9D, 0x0D9D, 
	0x0D9D, 0x0D9D, 0x0D9D, 0x0D9D, 0x0D9D, 0x0D63, 0x0CC0, 0x0BC9, 0x0A8F, 
	0x0926, 0x07A1, 0x0613, 0x048D, 0x0325, 0x01EB, 0x00F4, 0x0051, 0x0017, 
	0x010C, 0x010C, 0x010C, 0x010C, 0x010C, 0x010C, 0x010C, 0x010C, 0x010C, 
	0x010C, 0x010C, 0x010C, 0x010C, 0x010C, 0x010C, 0x010C, 0x010C, 0x010C, 
	0x010C, 0x010C, 0x010C, 0x010C, 0x0108, 0x00FC, 0x00EA, 0x00D3, 0x00B8, 
	0x009B, 0x007E, 0x0061, 0x0047, 0x002F, 0x001D, 0x0011, 0x000D, 0xC385, 
	0xC385, 0xC385, 0xC385, 0xC385, 0xC385, 0xC385, 0xC385, 0xC385, 0xC385, 
	0xC385, 0xC385, 0xC385, 0xC385, 0xC385, 0xC385, 0xC385, 0xC385, 0xC385, 
	0xC385, 0xC385, 0xC385, 0xC371, 0xC33A, 0xC2E5, 0xC27A, 0xC1FE, 0xC179, 
	0xC0F1, 0xC06B, 0xBFF0, 0xBF84, 0xBF30, 0xBEF8, 0xBEE4, 0x0000, 0x0000, 
	0x0000, 0x0000, 0x0000, 0x0000, 0x0000, 0x0000, 0x0000, 0x0000, 0x0000, 
	0x0000, 0x0000, 0x0000, 0x0000, 0x0000, 0x0000, 0x0000, 0x0000, 0x0000, 
	0x0000, 0x0000, 0x0000, 0x0000, 0xFFFF, 0x0000, 0x0000, 0xFFFF, 0x0000, 
	0xFFFF, 0x0000, 0x0000, 0x0000, 0xFFFF, 0xFFFF, 0xFFFF, 0xFFFF, 0xFFFF, 
	0xFFFF, 0xFFFF, 0xFFFF, 0xFFFF, 0xFFFF, 0xFFFF, 0xFFFF, 0xFFFF, 0xFFFF, 
	0xFFFF, 0xFFFF, 0xFFFF, 0xFFFF, 0xFFFF, 0xFFFF, 0xFFFF, 0xFFFF, 0xFFFF, 
	0x0000, 0xFFFF, 0xFFFF, 0x0000, 0xFFFF, 0xFFFF, 0xFFFF, 0xFFFF, 0x0000, 
	0x0000, 0x0000, 0xFFFF, 0x0000, 0xBF5E, 0x1257, 0x1257, 0x1257, 0x1257, 
	0x1257, 0x1257, 0x1257, 0x1257, 0x1257, 0x1257, 0x1257, 0x1257, 0x1257, 
	0x1257, 0x1257, 0x1257, 0x1257, 0x1257, 0x1257, 0x1257, 0x1257, 0x1257, 
	0x1279, 0x12D5, 0x1362, 0x1415, 0x14E4, 0x15C2, 0x16A5, 0x1784, 0x1852, 
	0x1905, 0x1992, 0x19EF, 0x1A10, 0x1BFA, 0x1BFA, 0x1BFA, 0x1BFA, 0x1BFA, 
	0x1BFA, 0x1BFA, 0x1BFA, 0x1BFA, 0x1BFA, 0x1BFA, 0x1BFA, 0x1BFA, 0x1BFA, 
	0x1BFA, 0x1BFA, 0x1BFA, 0x1BFA, 0x1BFA, 0x1BFA, 0x1BFA, 0x1BFA, 0x1BCD, 
	0x1B50, 0x1A91, 0x199F, 0x1889, 0x175D, 0x162A, 0x14FE, 0x13E7, 0x12F6, 
	0x1237, 0x11BA, 0x118D, 0x6F08, 0x6F08, 0x6F08, 0x6F08, 0x6F08, 0x6F08, 
	0x6F08, 0x6F08, 0x6F08, 0x6F08, 0x6F08, 0x6F08, 0x6F08, 0x6F08, 0x6F08, 
	0x6F08, 0x6F08, 0x6F08, 0x6F08, 0x6F08, 0x6F08, 0x6F08, 0x700B, 0x72DD, 
	0x7729, 0x7C9C, 0x82E1, 0x89A4, 0x9091, 0x9754, 0x9D98, 0xA30B, 0xA757, 
	0xAA29, 0xAB2C, 0x0000, 0x0000, 0x0000, 0x0000, 0x0000, 0x0000, 0x0000, 
	0x0000, 0x0000, 0x0000, 0x0000, 0x0000, 0x0000, 0x0000, 0x0000, 0x0000, 
	0x0000, 0x0000, 0x0000, 0x0000, 0x0000, 0x0000, 0x0000, 0x0000, 0x0000, 
	0x0000, 0x0000, 0x0000, 0x0000, 0x0000, 0x0000, 0x0000, 0xFFFF, 0x0000, 
	0x0000, 0x408A, 0x408A, 0x408A, 0x408A, 0x408A, 0x408A, 0x408A, 0x408A, 
	0x408A, 0x408A, 0x408A, 0x408A, 0x408A, 0x408A, 0x408A, 0x408A, 0x408A, 
	0x408A, 0x408A, 0x408A, 0x408A, 0x408A, 0x3FFF, 0x3E7D, 0x3C2F, 0x3945, 
	0x35E9, 0x324A, 0x2E95, 0x2AF6, 0x279A, 0x24B0, 0x2262, 0x20E0, 0x2055, 
	0xF3E9, 0xF3E9, 0xF3E9, 0xF3E9, 0xF3E9, 0xF3E9, 0xF3E9, 0xF3E9, 0xF3E9, 
	0xF3E9, 0xF3E9, 0xF3E9, 0xF3E9, 0xF3E9, 0xF3E9, 0xF3E9, 0xF3E9, 0xF3E9, 
	0xF3E9, 0xF3E9, 0xF3E9, 0xF3E9, 0xF41E, 0xF4B2, 0xF593, 0xF6B1, 0xF7FA, 
	0xF95D, 0xFAC8, 0xFC2B, 0xFD74, 0xFE91, 0xFF73, 0x0008, 0x003D, 0xFF18, 
	0xFF18, 0xFF18, 0xFF18, 0xFF18, 0xFF18, 0xFF18, 0xFF18, 0xFF18, 0xFF18, 
	0xFF18, 0xFF18, 0xFF18, 0xFF18, 0xFF18, 0xFF18, 0xFF18, 0xFF18, 0xFF18, 
	0xFF18, 0xFF18, 0xFF18, 0xFF19, 0xFF1A, 0xFF1D, 0xFF21, 0xFF25, 0xFF2A, 
	0xFF2F, 0xFF33, 0xFF38, 0xFF3B, 0xFF3E, 0xFF40, 0xFF41, 0xC569, 0xC569, 
	0xC569, 0xC569, 0xC569, 0xC569, 0xC569, 0xC569, 0xC569, 0xC569, 0xC569, 
	0xC569, 0xC569, 0xC569, 0xC569, 0xC569, 0xC569, 0xC569, 0xC569, 0xC569, 
	0xC569, 0xC569, 0xC576, 0xC59B, 0xC5D3, 0xC61A, 0xC66C, 0xC6C5, 0xC71F, 
	0xC778, 0xC7CA, 0xC811, 0xC849, 0xC86E, 0xC87B, 

},{ 
	0x0001, 0x0000, 0x0022, 0x0001, 0x0023, 0x0023, 0x0001, 0x0046, 0x0001, 
	0x0047, 0x0001, 0x0048, 0x0023, 0x0049, 0x001A, 0x006C, 0x0023, 0x0086, 
	0x0023, 0x00A9, 0x0023, 0x00CC, 0x0023, 0x00EF, 0x0022, 0x0112, 0x0023, 
	0x0134, 0x0023, 0x0157, 0x0001, 0x017A, 0x0001, 0x017B, 0x0001, 0x017C, 
	0x0023, 0x017D, 0x0023, 0x01A0, 0x0023, 0x01C3, 0x0023, 0x01E6, 0x0023, 
	0x0209, 0x0023, 0x022C, 0x0023, 0x024F, 0x0023, 0x0272, 0x0023, 0x0295, 
	0x0001, 0x02B8, 0x0001, 0x02B9, 0x0001, 0x02BA, 0x0023, 0x02BB, 0x0023, 
	0x02DE, 0x0023, 0x0301, 0x0023, 0x0324, 0x0023, 0x0347, 0x0023, 0x036A, 
	0x0023, 0x038D, 0x001C, 0x03B0, 0x0023, 0x03CC, 0x0022, 0x03EF, 0x0023, 
	0x0411, 0x0001, 0x0434, 0x0023, 0x0435, 0x0023, 0x0458, 0x0023, 0x047B, 
	0x0001, 0x049E, 0x0022, 0x049F, 0x0023, 0x04C1, 0x0023, 0x04E4, 0x0023, 
	0x0507, 0x0023, 0x052A, 0x0022, 0x054D, 0x0023, 0x056F, 0x0001, 0x0592, 
	0x0023, 0x0593, 0x0023, 0x05B6, 0x0023, 0x05D9, 0x0022, 0x05FC, 0x0001, 
	0x061E, 0x0023, 0x061F, 0x0023, 0x0642, 0x0023, 0x0665, 0x0023, 0x0688, 
	

});
smlua_anim_util_register_animation('JWAL_HOLD_RUN',0, 0, 0, 0, 80, { 
	0x0000, 0x00AE, 0x00AF, 0x00B2, 0x00B5, 0x00BA, 0x00C0, 0x00C5, 0x00CB, 
	0x00D0, 0x00D5, 0x00D9, 0x00DB, 0x00DC, 0x00DC, 0x00DB, 0x00D9, 0x00D5, 
	0x00D1, 0x00CB, 0x00C3, 0x00BB, 0x00B3, 0x00AB, 0x00A3, 0x009C, 0x0096, 
	0x0092, 0x008F, 0x008D, 0x008C, 0x008C, 0x008B, 0x008B, 0x008C, 0x008F, 
	0x0093, 0x0098, 0x009E, 0x00A5, 0x00AC, 0x00B3, 0x00BA, 0x00C1, 0x00C8, 
	0x00CE, 0x00D3, 0x00D8, 0x00DC, 0x00DF, 0x00E1, 0x00E3, 0x00E5, 0x00E5, 
	0x00E6, 0x00E4, 0x00E0, 0x00D9, 0x00D1, 0x00C7, 0x00BD, 0x00B2, 0x00A7, 
	0x009E, 0x0095, 0x008F, 0x008A, 0x0089, 0x0089, 0x008B, 0x008D, 0x0090, 
	0x0093, 0x0097, 0x009B, 0x009F, 0x00A3, 0x00A6, 0x00A9, 0x00AC, 0x00AE, 
	0x0000, 0x0000, 0x4000, 0x0000, 0xFFFF, 0x0000, 0x3A85, 0xEC09, 0xEC09, 
	0xEC09, 0xEC09, 0xEC0A, 0xEC0B, 0xEC0C, 0xEC0D, 0xEC0F, 0xEC12, 0xEC15, 
	0xEC1A, 0xEC1F, 0xEC38, 0xEC76, 0xECD6, 0xED55, 0xEDEF, 0xEEA2, 0xEF69, 
	0xF042, 0xF12A, 0xF21C, 0xF317, 0xF416, 0xF516, 0xF615, 0xF710, 0xF810, 
	0xF91D, 0xFA42, 0xFB86, 0xFCF4, 0xFE91, 0x0053, 0x0227, 0x03FE, 0x05CA, 
	0x077A, 0x08FF, 0x0A49, 0x0B48, 0x0BEC, 0x0C27, 0x0C27, 0x0C27, 0x0C27, 
	0x0C27, 0x0C27, 0x0C27, 0x0C27, 0x0C27, 0x0C27, 0x0C27, 0x0C10, 0x0BCE, 
	0x0B68, 0x0AE4, 0x0A48, 0x0999, 0x08DF, 0x081E, 0x075D, 0x06A2, 0x05F3, 
	0x0557, 0x04D2, 0x0465, 0x03FC, 0x037C, 0x02C8, 0x01C8, 0x005F, 0xFE71, 
	0xFBE7, 0xF8BA, 0xF53A, 0xF1CF, 0xEEDE, 0xECCF, 0xEC09, 0xFFFF, 0xFFF5, 
	0xFFDB, 0xFFB3, 0xFF81, 0xFF48, 0xFF0B, 0xFECF, 0xFE96, 0xFE63, 0xFE3B, 
	0xFE21, 0xFE17, 0xFE24, 0xFE49, 0xFE82, 0xFECC, 0xFF24, 0xFF86, 0xFFEF, 
	0x005E, 0x00CC, 0x0137, 0x019C, 0x01F8, 0x0248, 0x0287, 0x02B5, 0x02D4, 
	0x02E7, 0x02F1, 0x02F4, 0x02F5, 0x02E7, 0x02C3, 0x028C, 0x0249, 0x01FD, 
	0x01AF, 0x0164, 0x0121, 0x00EA, 0x00C6, 0x00B8, 0x00B8, 0x00B8, 0x00B8, 
	0x00B8, 0x00B8, 0x00B8, 0x00B8, 0x00B8, 0x00B8, 0x00B8, 0x00B1, 0x009B, 
	0x007B, 0x0051, 0x0021, 0xFFEB, 0xFFB4, 0xFF7D, 0xFF49, 0xFF19, 0xFEF0, 
	0xFED1, 0xFEBD, 0xFEB1, 0xFEA8, 0xFEA2, 0xFE9E, 0xFE9B, 0xFE9A, 0xFE99, 
	0xFE99, 0xFEB4, 0xFEF6, 0xFF4C, 0xFFA2, 0xFFE5, 0xFFFF, 0xFF6D, 0xFF5B, 
	0xFF29, 0xFEDE, 0xFE7F, 0xFE14, 0xFDA3, 0xFD31, 0xFCC6, 0xFC68, 0xFC1C, 
	0xFBEB, 0xFBD9, 0xFBE9, 0xFC19, 0xFC65, 0xFCCB, 0xFD48, 0xFDD9, 0xFE7B, 
	0xFF2C, 0xFFE8, 0x00AE, 0x0179, 0x0247, 0x0315, 0x03E1, 0x04A6, 0x055D, 
	0x05FB, 0x0678, 0x06CA, 0x06E7, 0x06CC, 0x067D, 0x0600, 0x055C, 0x0495, 
	0x03B1, 0x02B6, 0x01A9, 0x0090, 0xFF70, 0xFE4F, 0xFD33, 0xFC21, 0xFB1D, 
	0xFA2C, 0xF953, 0xF896, 0xF7FC, 0xF787, 0xF73E, 0xF724, 0xF743, 0xF79D, 
	0xF82A, 0xF8E4, 0xF9C3, 0xFAC0, 0xFBD6, 0xFCFC, 0xFE2C, 0xFF60, 0x0090, 
	0x01B4, 0x02C7, 0x03C2, 0x04A3, 0x0567, 0x060B, 0x068F, 0x06F0, 0x072B, 
	0x0740, 0x06AB, 0x0539, 0x0357, 0x0175, 0x0002, 0xFF6D, 0x140A, 0x1409, 
	0x1407, 0x1405, 0x1402, 0x13FE, 0x13FA, 0x13F6, 0x13F1, 0x13ED, 0x13E9, 
	0x13E6, 0x13E3, 0x13E0, 0x13DB, 0x13D1, 0x13BE, 0x13A1, 0x1375, 0x1338, 
	0x12E7, 0x127E, 0x11FC, 0x115C, 0x109D, 0x0FBA, 0x0EB1, 0x0D6E, 0x0BE8, 
	0x0A2C, 0x0848, 0x0649, 0x043E, 0x0233, 0x0032, 0xFE41, 0xFC6B, 0xFAB9, 
	0xF931, 0xF7DE, 0xF6C6, 0xF5F3, 0xF56D, 0xF53C, 0xF53A, 0xF538, 0xF536, 
	0xF535, 0xF534, 0xF533, 0xF533, 0xF533, 0xF533, 0xF533, 0xF533, 0xF534, 
	0xF536, 0xF53B, 0xF542, 0xF54E, 0xF55E, 0xF573, 0xF58F, 0xF5B1, 0xF5DB, 
	0xF60D, 0xF648, 0xF6AD, 0xF761, 0xF869, 0xF9CF, 0xFB98, 0xFDCC, 0x0073, 
	0x0391, 0x0720, 0x0AD5, 0x0E54, 0x1144, 0x1349, 0x140A, 0x0263, 0x0268, 
	0x0278, 0x0290, 0x02AD, 0x02CF, 0x02F3, 0x0316, 0x0338, 0x0355, 0x036D, 
	0x037D, 0x0382, 0x037D, 0x036C, 0x0352, 0x032F, 0x0304, 0x02D2, 0x029A, 
	0x025D, 0x021B, 0x01D5, 0x018E, 0x0144, 0x00F9, 0x00AF, 0x0066, 0x001E, 
	0xFFD6, 0xFF92, 0xFF50, 0xFF11, 0xFED5, 0xFE9D, 0xFE69, 0xFE39, 0xFE0E, 
	0xFDE9, 0xFDC9, 0xFDB0, 0xFD9D, 0xFD92, 0xFD8E, 0xFD8F, 0xFD91, 0xFD95, 
	0xFD9A, 0xFDA0, 0xFDA6, 0xFDAC, 0xFDB2, 0xFDB7, 0xFDBC, 0xFDBF, 0xFDC2, 
	0xFDC3, 0xFDC4, 0xFDC5, 0xFDC6, 0xFDC7, 0xFDC9, 0xFDCB, 0xFDCE, 0xFDD2, 
	0xFDD8, 0xFDDF, 0xFDF2, 0xFE19, 0xFE52, 0xFE9B, 0xFEF3, 0xFF58, 0xFFC7, 
	0x0041, 0x00C1, 0x013E, 0x01B0, 0x020D, 0x024C, 0x0263, 0xFD18, 0xFD0D, 
	0xFCF0, 0xFCC4, 0xFC8C, 0xFC4D, 0xFC0A, 0xFBC7, 0xFB88, 0xFB50, 0xFB24, 
	0xFB06, 0xFAFC, 0xFAFC, 0xFAFF, 0xFB07, 0xFB16, 0xFB30, 0xFB56, 0xFB8B, 
	0xFBD2, 0xFC2D, 0xFC9E, 0xFD29, 0xFDCF, 0xFE93, 0xFF78, 0x0089, 0x01B5, 
	0x02DC, 0x03D9, 0x048A, 0x04CD, 0x04C0, 0x049E, 0x046A, 0x042A, 0x03E3, 
	0x0399, 0x0352, 0x0312, 0x02DE, 0x02BC, 0x02AF, 0x02B2, 0x02B9, 0x02C4, 
	0x02D2, 0x02E4, 0x02F8, 0x030F, 0x0327, 0x0340, 0x035A, 0x0374, 0x038E, 
	0x03A8, 0x03C1, 0x03D8, 0x03EE, 0x0403, 0x0415, 0x0424, 0x0431, 0x043B, 
	0x0441, 0x0443, 0x03B4, 0x023D, 0x002B, 0xFDCA, 0xFB6A, 0xF958, 0xF7E1, 
	0xF753, 0xF7C0, 0xF8D2, 0xFA35, 0xFB99, 0xFCAB, 0xFD18, 0x0000, 0xFFFF, 
	0xBFFF, 0xA496, 0xA4FC, 0xA61F, 0xA7EC, 0xAA4E, 0xAD32, 0xB083, 0xB42D, 
	0xB81C, 0xBC3B, 0xC077, 0xC4BC, 0xC8F4, 0xCD0F, 0xD104, 0xD4CD, 0xD862, 
	0xDBBE, 0xDEDB, 0xE1B1, 0xE43C, 0xE673, 0xE852, 0xE9D1, 0xEAEB, 0xEB99, 
	0xEBD4, 0xEB6B, 0xEA62, 0xE906, 0xE7A4, 0xE688, 0xE600, 0xE5E1, 0xE5CD, 
	0xE5C1, 0xE5BC, 0xE5BB, 0xE5BB, 0xE5B9, 0xE5B4, 0xE5A9, 0xE595, 0xE576, 
	0xE4E9, 0xE3AA, 0xE1E6, 0xDFCC, 0xDD88, 0xDB48, 0xD93A, 0xD789, 0xD664, 
	0xD5F9, 0xD646, 0xD71E, 0xD867, 0xDA08, 0xDBE8, 0xDDED, 0xDFFF, 0xE205, 
	0xE3E5, 0xE585, 0xE6CE, 0xE7A6, 0xE7F4, 0xE7F3, 0xE7ED, 0xE7DD, 0xE7BE, 
	0xE78A, 0xE73E, 0xE6D2, 0xE644, 0xE0F6, 0xD4AD, 0xC4F3, 0xB555, 0xA95D, 
	0xA496, 0xC4D9, 0xC4D7, 0xC4D0, 0xC4C7, 0xC4BB, 0xC4AD, 0xC49F, 0xC491, 
	0xC483, 0xC477, 0xC46E, 0xC467, 0xC465, 0xC46A, 0xC480, 0xC4AC, 0xC4F8, 
	0xC56A, 0xC60A, 0xC6E1, 0xC7F5, 0xC94E, 0xCAF4, 0xCCEF, 0xCF45, 0xD200, 
	0xD526, 0xD8AF, 0xDC54, 0xDFC1, 0xE29E, 0xE494, 0xE54F, 0xE527, 0xE4B8, 
	0xE413, 0xE347, 0xE264, 0xE178, 0xE095, 0xDFC9, 0xDF23, 0xDEB5, 0xDE8D, 
	0xDE98, 0xDEB8, 0xDEE7, 0xDF20, 0xDF5E, 0xDF9D, 0xDFD6, 0xE005, 0xE024, 
	0xE030, 0xE02D, 0xE021, 0xE00E, 0xDFF3, 0xDFD0, 0xDFA5, 0xDF71, 0xDF34, 
	0xDEEE, 0xDE9F, 0xDE47, 0xDDE5, 0xDD7A, 0xDD02, 0xDC6F, 0xDBB2, 0xDABB, 
	0xD978, 0xD7D9, 0xD5CF, 0xD349, 0xD048, 0xCD11, 0xC9FA, 0xC75A, 0xC588, 
	0xC4D9, 0xF9C3, 0xF92A, 0xF782, 0xF502, 0xF1E0, 0xEE52, 0xEA8E, 0xE6C9, 
	0xE33B, 0xE019, 0xDD99, 0xDBF2, 0xDB58, 0xDB9A, 0xDC51, 0xDD6A, 0xDED2, 
	0xE075, 0xE23F, 0xE41D, 0xE5FA, 0xE7C4, 0xE967, 0xEACF, 0xEBE8, 0xEC9F, 
	0xECE1, 0xECD3, 0xECAD, 0xEC73, 0xEC2B, 0xEBDA, 0xEB84, 0xEB2F, 0xEADC, 
	0xEA8C, 0xEA41, 0xE9FC, 0xE9BE, 0xE988, 0xE95C, 0xE93C, 0xE927, 0xE920, 
	0xE97C, 0xEA77, 0xEBE8, 0xEDA8, 0xEF90, 0xF178, 0xF338, 0xF4AA, 0xF5A4, 
	0xF600, 0xF5FF, 0xF5F6, 0xF5DD, 0xF5AC, 0xF55B, 0xF4E3, 0xF43B, 0xF35B, 
	0xF23C, 0xF0D5, 0xEF1F, 0xED12, 0xEAA5, 0xE64A, 0xDF25, 0xD642, 0xCCA9, 
	0xC363, 0xBB7B, 0xB5FA, 0xB3EA, 0xB916, 0xC606, 0xD6D6, 0xE7A7, 0xF497, 
	0xF9C3, 0x0000, 0xFFFF, 0xFFFF, 0x0000, 0xFFFF, 0xFFFF, 0xFFFF, 0xFFFF, 
	0xFFFF, 0xFFFF, 0xFFFF, 0xFFFF, 0xFFFF, 0xFFFF, 0xFFFF, 0xFFFF, 0xFFFF, 
	0xFFFF, 0xFFFF, 0xFFFF, 0xFFFF, 0xFFFF, 0xFFFF, 0xFFFF, 0xFFFF, 0xFFFF, 
	0xFFFF, 0xFFFF, 0xFFFF, 0xFFFF, 0xFFFF, 0xFFFF, 0xFFFF, 0xFFFF, 0xFFFF, 
	0xFFFF, 0xFFFF, 0xFFFF, 0xFFFF, 0xFFFF, 0xFFFF, 0xFFFF, 0xFFFF, 0xFFFF, 
	0xFFFF, 0xFFFF, 0xFFFF, 0xFFFF, 0xFFFF, 0xFFFF, 0xFFFF, 0xFFFF, 0xFFFF, 
	0xFFFF, 0xFFFF, 0xFFFF, 0xFFFF, 0xFFFF, 0xFFFF, 0xFFFF, 0xFFFF, 0xFFFF, 
	0xFFFF, 0xFFFF, 0xFFFF, 0xFFFF, 0xFFFF, 0xFFFF, 0xFFFF, 0xFFFF, 0xFFFF, 
	0xFFFF, 0xFFFF, 0xFFFF, 0xFFFF, 0xFFFF, 0xFFFF, 0xFFFF, 0xFFFF, 0xFFFF, 
	0x0000, 0xFFFF, 0xFFFF, 0xFFFF, 0xFFFF, 0xFFFF, 0xFFFF, 0xFFFF, 0xFFFF, 
	0xFFFF, 0xFFFF, 0xFFFF, 0xFFFF, 0xFFFF, 0xFFFF, 0xFFFF, 0xFFFF, 0xFFFF, 
	0xFFFF, 0xFFFF, 0xFFFF, 0xFFFF, 0xFFFF, 0xFFFF, 0xFFFF, 0xFFFF, 0xFFFF, 
	0xFFFF, 0xFFFF, 0xFFFF, 0xFFFF, 0xFFFF, 0xFFFF, 0xFFFF, 0xFFFF, 0xFFFF, 
	0xFFFF, 0xFFFF, 0xFFFF, 0xFFFF, 0xFFFF, 0xFFFF, 0xFFFF, 0xFFFF, 0xFFFF, 
	0xFFFF, 0xFFFF, 0xFFFF, 0xFFFF, 0xFFFF, 0xFFFF, 0xFFFF, 0xFFFF, 0xFFFF, 
	0xFFFF, 0x0000, 0x0000, 0x0000, 0x0000, 0x0000, 0x0000, 0x0000, 0xFFFF, 
	0x0000, 0xFFFF, 0x0000, 0x0000, 0x0000, 0xFFFF, 0x0000, 0x0000, 0x0000, 
	0x0000, 0x0000, 0x0000, 0x0000, 0x0000, 0x0000, 0x0000, 0xFFFF, 0xCAFF, 
	0xCAD2, 0xCA56, 0xC99A, 0xC8AF, 0xC7A4, 0xC68A, 0xC56F, 0xC464, 0xC379, 
	0xC2BD, 0xC241, 0xC214, 0xC28D, 0xC3E0, 0xC5E9, 0xC883, 0xCB8B, 0xCEDA, 
	0xD24F, 0xD5C3, 0xD913, 0xDC1A, 0xDEB4, 0xE0BD, 0xE210, 0xE289, 0xE159, 
	0xDE62, 0xDA86, 0xD6AA, 0xD3B3, 0xD283, 0xD2AB, 0xD320, 0xD3D8, 0xD4CC, 
	0xD5F3, 0xD746, 0xD8BB, 0xDA4B, 0xDBED, 0xDD99, 0xDF48, 0xE0F0, 0xE28B, 
	0xE412, 0xE57C, 0xE6C2, 0xE7DD, 0xE8C7, 0xE976, 0xE9E5, 0xEA0C, 0xE9B5, 
	0xE8BF, 0xE73C, 0xE53E, 0xE2DA, 0xE022, 0xDD2A, 0xDA05, 0xD6C5, 0xD37E, 
	0xD042, 0xCD26, 0xCA3C, 0xC795, 0xC538, 0xC32A, 0xC171, 0xC011, 0xBF0F, 
	0xBE71, 0xBE3B, 0xBF2D, 0xC18A, 0xC49D, 0xC7B0, 0xCA0D, 0xCAFF, 0xDFFF, 
	0xF8E3, 0xEE38, 0x0000, 0xFFFF, 0xBFFF, 0x657A, 0x654F, 0x64D2, 0x6407, 
	0x62F2, 0x6198, 0x5FFD, 0x5E25, 0x5C15, 0x59D0, 0x575C, 0x54BD, 0x51F7, 
	0x4F0E, 0x4C06, 0x48E5, 0x45AE, 0x4265, 0x3F10, 0x3BB2, 0x384F, 0x34ED, 
	0x318F, 0x2E39, 0x2AF1, 0x27BA, 0x2498, 0x2191, 0x1EA8, 0x1BE1, 0x1942, 
	0x16CE, 0x148A, 0x1279, 0x10A2, 0x0F06, 0x0DAC, 0x0C97, 0x0BCC, 0x0B4F, 
	0x0B25, 0x0B4F, 0x0BCC, 0x0C97, 0x0DAC, 0x0F06, 0x10A2, 0x1279, 0x148A, 
	0x16CE, 0x1942, 0x1BE1, 0x1EA8, 0x2191, 0x2498, 0x27BA, 0x2AF1, 0x2E39, 
	0x318F, 0x34ED, 0x384F, 0x3BB2, 0x3F10, 0x4265, 0x45AE, 0x48E5, 0x4C06, 
	0x4F0E, 0x51F7, 0x54BD, 0x575C, 0x59D0, 0x5C15, 0x5E25, 0x5FFD, 0x6198, 
	0x62F2, 0x6407, 0x64D2, 0x654F, 0x657A, 0x3224, 0x3222, 0x321B, 0x3210, 
	0x3202, 0x31EF, 0x31DA, 0x31C1, 0x31A5, 0x3187, 0x3166, 0x3142, 0x311D, 
	0x30F6, 0x30CD, 0x30A3, 0x3077, 0x304B, 0x301E, 0x2FF1, 0x2FC3, 0x2F95, 
	0x2F68, 0x2F3B, 0x2F0F, 0x2EE3, 0x2EB9, 0x2E90, 0x2E69, 0x2E44, 0x2E20, 
	0x2DFF, 0x2DE1, 0x2DC5, 0x2DAC, 0x2D97, 0x2D84, 0x2D76, 0x2D6B, 0x2D64, 
	0x2D62, 0x2D64, 0x2D6B, 0x2D76, 0x2D84, 0x2D97, 0x2DAC, 0x2DC5, 0x2DE1, 
	0x2DFF, 0x2E20, 0x2E44, 0x2E69, 0x2E90, 0x2EB9, 0x2EE3, 0x2F0F, 0x2F3B, 
	0x2F68, 0x2F95, 0x2FC3, 0x2FF1, 0x301E, 0x304B, 0x3077, 0x30A3, 0x30CD, 
	0x30F6, 0x311D, 0x3142, 0x3166, 0x3187, 0x31A5, 0x31C1, 0x31DA, 0x31EF, 
	0x3202, 0x3210, 0x321B, 0x3222, 0x3224, 0xF556, 0xF525, 0xF495, 0xF3AC, 
	0xF26E, 0xF0E0, 0xEF07, 0xECE8, 0xEA89, 0xE7EE, 0xE51C, 0xE218, 0xDEE7, 
	0xDB8F, 0xD813, 0xD47A, 0xD0C8, 0xCD01, 0xC92C, 0xC54D, 0xC169, 0xBD85, 
	0xB9A5, 0xB5D0, 0xB20A, 0xAE58, 0xAABE, 0xA743, 0xA3EA, 0xA0B9, 0x9DB6, 
	0x9AE4, 0x9848, 0x95E9, 0x93CB, 0x91F2, 0x9064, 0x8F26, 0x8E3C, 0x8DAC, 
	0x8D7B, 0x8DAC, 0x8E3C, 0x8F26, 0x9064, 0x91F2, 0x93CB, 0x95E9, 0x9848, 
	0x9AE4, 0x9DB6, 0xA0B9, 0xA3EA, 0xA743, 0xAABE, 0xAE58, 0xB20A, 0xB5D0, 
	0xB9A5, 0xBD85, 0xC169, 0xC54D, 0xC92C, 0xCD01, 0xD0C8, 0xD47A, 0xD813, 
	0xDB8F, 0xDEE7, 0xE218, 0xE51C, 0xE7EE, 0xEA89, 0xECE8, 0xEF07, 0xF0E0, 
	0xF26E, 0xF3AC, 0xF495, 0xF525, 0xF556, 0xFFFF, 0x0000, 0x0000, 0x0000, 
	0x0000, 0x0000, 0x0000, 0xFFFF, 0xFFFF, 0x0000, 0xFFFF, 0x0000, 0x0000, 
	0xFFFF, 0x0000, 0x0000, 0x0000, 0x0000, 0xFFFF, 0x0000, 0x0000, 0x0000, 
	0x0000, 0x0000, 0x0000, 0xFFFF, 0x0000, 0x0000, 0x0000, 0x0000, 0xFFFF, 
	0x0000, 0x0000, 0xFFFF, 0x0000, 0xFFFF, 0xFFFF, 0x0000, 0x0000, 0xFFFF, 
	0xFFFF, 0x0000, 0xFFFF, 0x0000, 0xFFFF, 0x0000, 0x0000, 0xFFFF, 0x0000, 
	0xFFFF, 0x0000, 0x0000, 0x0000, 0x0000, 0x0000, 0x0000, 0xFFFF, 0xFFFF, 
	0xFFFF, 0xFFFF, 0x0000, 0x0000, 0x0000, 0xFFFF, 0x0000, 0x0000, 0x0000, 
	0x0000, 0xFFFF, 0xFFFF, 0x0000, 0xFFFF, 0x0000, 0xFFFF, 0x0000, 0x0000, 
	0xFFFF, 0xFFFF, 0x0000, 0xFFFF, 0x0000, 0xC725, 0x3F45, 0x1DBE, 0x2A16, 
	0x0000, 0x0000, 0xBFFF, 0xE305, 0xE305, 0xE305, 0xE305, 0xE305, 0xE305, 
	0xE305, 0xE305, 0xE305, 0xE305, 0xE305, 0xE305, 0xE305, 0xE306, 0xE30E, 
	0xE323, 0xE34D, 0xE393, 0xE3FA, 0xE48A, 0xE54B, 0xE641, 0xE775, 0xE8ED, 
	0xEAB1, 0xECC6, 0xEF33, 0xF281, 0xF6BD, 0xFB39, 0xFF45, 0x0234, 0x0354, 
	0x0354, 0x0354, 0x0351, 0x034D, 0x0346, 0x033C, 0x032D, 0x031A, 0x0301, 
	0x02E2, 0x02BC, 0x0259, 0x018F, 0x0073, 0xFF13, 0xFD86, 0xFBDC, 0xFA27, 
	0xF87A, 0xF6E8, 0xF583, 0xF452, 0xF350, 0xF27A, 0xF1CA, 0xF13D, 0xF0CF, 
	0xF07D, 0xF042, 0xF01A, 0xF002, 0xEFF6, 0xEFF1, 0xEFF1, 0xEFF1, 0xEFF1, 
	0xEFF1, 0xEFF1, 0xEFF1, 0xEFF1, 0xEFF1, 0xEFF1, 0xEEFC, 0xEC97, 0xE97B, 
	0xE65E, 0xE3FA, 0xE305, 0xE7B1, 0xE7B1, 0xE7B1, 0xE7B1, 0xE7B1, 0xE7B1, 
	0xE7B1, 0xE7B1, 0xE7B1, 0xE7B1, 0xE7B1, 0xE7B1, 0xE7B1, 0xE7B1, 0xE7B0, 
	0xE7AE, 0xE7AC, 0xE7AA, 0xE7A8, 0xE7A5, 0xE7A3, 0xE7A0, 0xE79E, 0xE79C, 
	0xE79A, 0xE799, 0xE799, 0xE7C4, 0xE833, 0xE8CE, 0xE97B, 0xEA23, 0xEAAC, 
	0xEB11, 0xEB61, 0xEB9E, 0xEBCB, 0xEBEC, 0xEC03, 0xEC13, 0xEC1F, 0xEC2B, 
	0xEC38, 0xEC4B, 0xEC66, 0xEC89, 0xECB5, 0xECEA, 0xED27, 0xED6E, 0xEDBF, 
	0xEE19, 0xEE7D, 0xEEEB, 0xEF63, 0xEFE3, 0xF067, 0xF0EC, 0xF170, 0xF1EF, 
	0xF267, 0xF2D5, 0xF335, 0xF385, 0xF3C2, 0xF3E8, 0xF3F6, 0xF3F6, 0xF3F6, 
	0xF3F6, 0xF3F6, 0xF3F6, 0xF3F6, 0xF3F6, 0xF3F6, 0xF30D, 0xF0C8, 0xEDD4, 
	0xEADF, 0xE89A, 0xE7B1, 0xCCB3, 0xCCC9, 0xCD06, 0xCD62, 0xCDD4, 0xCE57, 
	0xCEE1, 0xCF6B, 0xCFEE, 0xD061, 0xD0BC, 0xD0F9, 0xD10F, 0xD10D, 0xD0FF, 
	0xD0DA, 0xD092, 0xD01B, 0xCF6A, 0xCE72, 0xCD29, 0xCB82, 0xC972, 0xC6ED, 
	0xC3E7, 0xC055, 0xBC2B, 0xB5D8, 0xACC6, 0xA25A, 0x97FC, 0x8F15, 0x890C, 
	0x8547, 0x8230, 0x7FB7, 0x7DCB, 0x7C58, 0x7B4F, 0x7A9D, 0x7A31, 0x79FA, 
	0x79E5, 0x79E2, 0x7A6E, 0x7BF3, 0x7E48, 0x8140, 0x84B2, 0x8872, 0x8C54, 
	0x902E, 0x93D6, 0x971F, 0x99E8, 0x9C37, 0x9E1B, 0x9FA3, 0xA0DE, 0xA1DA, 
	0xA2A6, 0xA353, 0xA3EE, 0xA487, 0xA52C, 0xA5ED, 0xA6D8, 0xA7FC, 0xA963, 
	0xAB17, 0xAD22, 0xAF8D, 0xB261, 0xB5A9, 0xB96F, 0xBDA8, 0xC202, 0xC616, 
	0xC97F, 0xCBD5, 0xCCB3, 0xFFFF, 0xFFFF, 0x0000, 0x0000, 0x0000, 0xFFFF, 
	0x0000, 0xFFFF, 0x0000, 0xFFFF, 0xFFFF, 0x0000, 0x0000, 0x0000, 0x0000, 
	0x0000, 0x0000, 0x0000, 0x0000, 0x0000, 0x0000, 0x0000, 0x0000, 0x0000, 
	0x0000, 0x0000, 0x0000, 0x0000, 0x0000, 0x0000, 0x0000, 0x0000, 0x0000, 
	0x0000, 0x0000, 0x0000, 0x0000, 0x0000, 0x0000, 0x0000, 0x0000, 0x0000, 
	0x0000, 0x0000, 0x0000, 0x0000, 0x0000, 0x0000, 0x0000, 0x0000, 0x0000, 
	0x0000, 0x0000, 0x0000, 0x0000, 0x0000, 0xFFFF, 0x0000, 0x0000, 0x0000, 
	0x0000, 0x0000, 0x0000, 0x0000, 0x0000, 0x0000, 0x0000, 0x0000, 0x0000, 
	0x0000, 0x0000, 0x0000, 0x0000, 0x0000, 0x0000, 0x0000, 0x0000, 0x0000, 
	0x0000, 0xFFFF, 0x0000, 0xFFFF, 0x0000, 0x0000, 0x0000, 0x0000, 0x0000, 
	0xFFFF, 0xFFFF, 0xFFFF, 0xFFFF, 0xFFFF, 0xFFFF, 0xFFFF, 0xFFFF, 0xFFFF, 
	0xFFFF, 0xFFFF, 0x0000, 0x0000, 0x0000, 0xFFFF, 0x0000, 0xFFFF, 0x0000, 
	0x318B, 0x31CC, 0x3283, 0x339D, 0x3506, 0x36AD, 0x387E, 0x3A66, 0x3C53, 
	0x3E32, 0x3FEF, 0x4179, 0x42BC, 0x43C1, 0x44A1, 0x455F, 0x45FE, 0x467F, 
	0x46E7, 0x4738, 0x4774, 0x47A0, 0x47BD, 0x47CF, 0x47D8, 0x47DB, 0x47DC, 
	0x47A5, 0x4705, 0x4606, 0x44AE, 0x4308, 0x411A, 0x3EEE, 0x3C8B, 0x39FA, 
	0x3744, 0x3471, 0x3188, 0x2E93, 0x2B9A, 0x28A5, 0x25BD, 0x22E9, 0x2033, 
	0x1DA3, 0x1B40, 0x1914, 0x1726, 0x157F, 0x1428, 0x1328, 0x1289, 0x1252, 
	0x12EA, 0x1493, 0x171A, 0x1A4E, 0x1DFE, 0x21F8, 0x260B, 0x2A06, 0x2DB5, 
	0x30EA, 0x3371, 0x351A, 0x35B2, 0x351D, 0x3395, 0x316A, 0x2EEE, 0x2C72, 
	0x2A47, 0x28BF, 0x282A, 0x28DC, 0x2A99, 0x2CDB, 0x2F1D, 0x30D9, 0x318B, 
	0xFFFF, 0xFFFF, 0xFFFF, 0x0000, 0xFFFF, 0xFFFF, 0x0000, 0xFFFF, 0xFFFF, 
	0x0000, 0xFFFF, 0x0000, 0xFFFF, 0x0000, 0xFFFF, 0xFFFF, 0xFFFF, 0xFFFF, 
	0xFFFF, 0xFFFF, 0xFFFF, 0xFFFF, 0x0000, 0xFFFF, 0xFFFF, 0x0000, 0x0000, 
	0x0000, 0x0000, 0x0000, 0x0000, 0xFFFF, 0x0000, 0x0000, 0x0000, 0x0000, 
	0x0000, 0x0000, 0x0000, 0x0000, 0x0000, 0x0000, 0x0000, 0xFFFF, 0x0000, 
	0xFFFF, 0x0000, 0xFFFF, 0x0000, 0x0000, 0xFFFF, 0x0000, 0x0000, 0x0000, 
	0x0000, 0x0000, 0x0000, 0x0000, 0x0000, 0x0000, 0xFFFF, 0x0000, 0x0000, 
	0x0000, 0x0000, 0x0000, 0x0000, 0x0000, 0x0000, 0x0000, 0xFFFF, 0x0000, 
	0x0000, 0x0000, 0x0000, 0xFFFF, 0x0000, 0xC7D0, 0xC816, 0xC8DE, 0xCA17, 
	0xCBB1, 0xCD9B, 0xCFC6, 0xD220, 0xD49B, 0xD724, 0xD9AD, 0xDC24, 0xDE79, 
	0xE0A0, 0xE296, 0xE45C, 0xE5F4, 0xE75F, 0xE89F, 0xE9B4, 0xEAA0, 0xEB65, 
	0xEC03, 0xEC7B, 0xECD0, 0xED01, 0xED12, 0xECC8, 0xEBFA, 0xEABE, 0xE929, 
	0xE753, 0xE551, 0xE337, 0xE106, 0xDEC1, 0xDC66, 0xD9F6, 0xD771, 0xD4D6, 
	0xD227, 0xCF62, 0xCC88, 0xC99A, 0xC699, 0xC397, 0xC0A7, 0xBDDB, 0xBB49, 
	0xB903, 0xB71C, 0xB5A9, 0xB4BB, 0xB468, 0xB483, 0xB4CD, 0xB53E, 0xB5CD, 
	0xB672, 0xB724, 0xB7DA, 0xB88C, 0xB931, 0xB9C0, 0xBA31, 0xBA7B, 0xBA96, 
	0xBA5B, 0xB9BE, 0xB8E2, 0xB7E5, 0xB6E8, 0xB60B, 0xB56F, 0xB534, 0xB695, 
	0xBA07, 0xBE82, 0xC2FD, 0xC66F, 0xC7D0, 0x0000, 0x0000, 0xBFFF, 0xFC7D, 
	0xFCE0, 0xFDF1, 0xFF8E, 0x0194, 0x03DF, 0x064D, 0x08BB, 0x0B06, 0x0D0B, 
	0x0EA8, 0x0FB9, 0x101C, 0x0FFF, 0x0FB0, 0x0F36, 0x0E9A, 0x0DE5, 0x0D1E, 
	0x0C4F, 0x0B80, 0x0ABA, 0x0A05, 0x0969, 0x08EF, 0x089F, 0x0883, 0x0883, 
	0x0883, 0x0883, 0x0883, 0x0883, 0x0883, 0x08AE, 0x0924, 0x09D7, 0x0AB7, 
	0x0BB6, 0x0CC5, 0x0DD5, 0x0ED7, 0x0FBD, 0x1077, 0x10F6, 0x114A, 0x118E, 
	0x11C2, 0x11E9, 0x1206, 0x1219, 0x1224, 0x122A, 0x122C, 0x122C, 0x1206, 
	0x1199, 0x10EE, 0x100D, 0x0F00, 0x0DCE, 0x0C81, 0x0B22, 0x09B8, 0x084E, 
	0x06EA, 0x0597, 0x045D, 0x0342, 0x0246, 0x0165, 0x009D, 0xFFE9, 0xFF4A, 
	0xFEBA, 0xFE37, 0xFDBF, 0xFD55, 0xFCFC, 0xFCB8, 0xFC8D, 0xFC7D, 0x0F2B, 
	0x0F21, 0x0F04, 0x0ED6, 0x0E9B, 0x0E54, 0x0E03, 0x0DAC, 0x0D50, 0x0CF1, 
	0x0C93, 0x0C37, 0x0BE0, 0x0B8F, 0x0B45, 0x0B02, 0x0AC5, 0x0A8F, 0x0A60, 
	0x0A36, 0x0A13, 0x09F5, 0x09DD, 0x09CB, 0x09BE, 0x09B6, 0x09B4, 0x09B4, 
	0x09B4, 0x09B4, 0x09B4, 0x09B4, 0x09B4, 0x09C4, 0x09F1, 0x0A37, 0x0A8F, 
	0x0AF5, 0x0B64, 0x0BD7, 0x0C49, 0x0CB4, 0x0D14, 0x0D63, 0x0D9F, 0x0DCC, 
	0x0DF0, 0x0E13, 0x0E3A, 0x0E6B, 0x0EAF, 0x0F0A, 0x0F84, 0x1022, 0x10EA, 
	0x11D4, 0x12D8, 0x13EE, 0x150B, 0x1628, 0x173C, 0x183D, 0x1923, 0x19E6, 
	0x1A7B, 0x1ADC, 0x1AFE, 0x1A8A, 0x1958, 0x17A4, 0x15AA, 0x13A6, 0x11D6, 
	0x1075, 0x0FC0, 0x0F81, 0x0F57, 0x0F3D, 0x0F30, 0x0F2B, 0x7AE8, 0x7B72, 
	0x7CF5, 0x7F47, 0x8241, 0x85B9, 0x8988, 0x8D85, 0x9187, 0x9566, 0x98F8, 
	0x9C17, 0x9E98, 0xA07E, 0xA1F0, 0xA301, 0xA3C0, 0xA440, 0xA491, 0xA4C5, 
	0xA4ED, 0xA519, 0xA55C, 0xA5C6, 0xA668, 0xA754, 0xA89A, 0xAA45, 0xAC40, 
	0xAE70, 0xB0B9, 0xB2FF, 0xB526, 0xB718, 0xB8D4, 0xBA5E, 0xBBB9, 0xBCEA, 
	0xBDF4, 0xBEDB, 0xBFA4, 0xC051, 0xC0E8, 0xC16C, 0xC1E0, 0xC245, 0xC29D, 
	0xC2E6, 0xC323, 0xC354, 0xC379, 0xC393, 0xC3A2, 0xC3A6, 0xC3A5, 0xC398, 
	0xC376, 0xC334, 0xC2C6, 0xC223, 0xC140, 0xC011, 0xBE8C, 0xBCA6, 0xBA55, 
	0xB78D, 0xB445, 0xAF8D, 0xA8F1, 0xA120, 0x98C7, 0x9094, 0x8934, 0x8355, 
	0x7FA5, 0x7DA6, 0x7C50, 0x7B80, 0x7B15, 0x7AEE, 0x7AE8, 0xFFFF, 0xFFFF, 
	0xFFFF, 0xFFFF, 0xFFFF, 0xFFFF, 0xFFFF, 0xFFFF, 0xFFFF, 0xFFFF, 0xFFFF, 
	0xFFFF, 0xFFFF, 0xFFFF, 0xFFFF, 0xFFFF, 0xFFFF, 0xFFFF, 0xFFFF, 0xFFFF, 
	0xFFFF, 0xFFFF, 0xFFFF, 0xFFFF, 0xFFFF, 0xFFFF, 0xFFFF, 0xFFFF, 0xFFFF, 
	0x0000, 0xFFFF, 0xFFFF, 0xFFFF, 0xFFFF, 0xFFFF, 0xFFFF, 0xFFFF, 0xFFFF, 
	0xFFFF, 0xFFFF, 0xFFFF, 0xFFFF, 0xFFFF, 0xFFFF, 0xFFFF, 0xFFFF, 0xFFFF, 
	0x0000, 0x0000, 0xFFFF, 0x0000, 0xFFFF, 0xFFFF, 0x0000, 0x0000, 0x0000, 
	0x0000, 0x0000, 0x0000, 0x0000, 0x0000, 0x0000, 0x0000, 0x0000, 0x0000, 
	0x0000, 0x0000, 0x0000, 0x0000, 0x0000, 0x0000, 0x0000, 0x0000, 0x0000, 
	0x0000, 0x0000, 0x0000, 0x0000, 0x0000, 0xFFFF, 0x0000, 0x0000, 0x0000, 
	0x0000, 0x0000, 0x0000, 0x0000, 0x0000, 0x0000, 0x0000, 0xFFFF, 0x0000, 
	0xFFFF, 0xFFFF, 0xFFFF, 0xFFFF, 0xFFFF, 0xFFFF, 0xFFFF, 0xFFFF, 0xFFFF, 
	0xFFFF, 0xFFFF, 0xFFFF, 0xFFFF, 0xFFFF, 0x0000, 0x0000, 0x0000, 0x0000, 
	0x0000, 0x0000, 0xFFFF, 0xFFFF, 0xFFFF, 0xFFFF, 0xFFFF, 0xFFFF, 0x0000, 
	0x0000, 0x0000, 0xFFFF, 0x0000, 0x0000, 0xFFFF, 0xFFFF, 0xFFFF, 0x0000, 
	0x0000, 0x0000, 0x0000, 0xFFFF, 0x0000, 0xFFFF, 0xFFFF, 0xFFFF, 0xFFFF, 
	0xFFFF, 0x0000, 0x0000, 0x0000, 0xFFFF, 0x0000, 0x0000, 0x0000, 0xFFFF, 
	0xFFFF, 0xFFFF, 0x0000, 0x0000, 0xFFFF, 0xFFFF, 0xFFFF, 0x0000, 0xFFFF, 
	0x0000, 0x0000, 0xFFFF, 0xFFFF, 0xFFFF, 0x0000, 0x3BFF, 0x3B14, 0x3889, 
	0x34B2, 0x2FE2, 0x2A6C, 0x24A3, 0x1EDA, 0x1964, 0x1494, 0x10BD, 0x0E33, 
	0x0D47, 0x0DCC, 0x0F3E, 0x1177, 0x1450, 0x17A0, 0x1B40, 0x1F08, 0x22D1, 
	0x2674, 0x29C8, 0x2CA6, 0x2EE7, 0x3063, 0x30F2, 0x30FC, 0x3103, 0x3107, 
	0x3109, 0x310A, 0x310A, 0x3109, 0x3106, 0x3103, 0x30FE, 0x30F9, 0x30F4, 
	0x30EF, 0x30EA, 0x30E7, 0x30E4, 0x30E3, 0x310F, 0x3189, 0x3245, 0x3335, 
	0x344D, 0x357F, 0x36BE, 0x37FD, 0x392F, 0x3A46, 0x3B3A, 0x3C0A, 0x3CBA, 
	0x3D4F, 0x3DCC, 0x3E35, 0x3E8E, 0x3EDC, 0x3F21, 0x3F63, 0x3FA4, 0x3FE8, 
	0x4034, 0x408A, 0x40E6, 0x4143, 0x419B, 0x41E9, 0x4227, 0x4251, 0x4260, 
	0x41E7, 0x40B8, 0x3F2F, 0x3DA6, 0x3C78, 0x3BFF, 0x0000, 0x0000, 0x0000, 
	0x0000, 0x0000, 0x0000, 0x0000, 0x0000, 0x0000, 0x0000, 0x0000, 0x0000, 
	0x0000, 0x0000, 0x0000, 0x0000, 0x0000, 0x0000, 0x0000, 0x0000, 0x0000, 
	0xFFFF, 0x0000, 0x0000, 0x0000, 0x0000, 0x0000, 0x0000, 0x0000, 0x0000, 
	0x0000, 0x0000, 0x0000, 0x0000, 0x0000, 0x0000, 0x0000, 0x0000, 0x0000, 
	0x0000, 0xFFFF, 0xFFFF, 0x0000, 0x0000, 0x0000, 0x0000, 0x0000, 0x0000, 
	0x0000, 0x0000, 0x0000, 0xFFFF, 0x0000, 0x0000, 0x0000, 0x0000, 0x0000, 
	0x0000, 0x0000, 0x0000, 0x0000, 0x0000, 0x0000, 0x0000, 0x0000, 0x0000, 
	0xFFFF, 0xFFFF, 0xFFFF, 0xFFFF, 0xFFFF, 0xFFFF, 0xFFFF, 0xFFFF, 0x0000, 
	0x0000, 0x0000, 0x0000, 0xFFFF, 0x0000, 0xFFFF, 0xFFFF, 0xFFFF, 0xFFFF, 
	0xFFFF, 0xFFFF, 0x0000, 0xFFFF, 0xFFFF, 0xFFFF, 0xFFFF, 0xFFFF, 0xFFFF, 
	0xFFFF, 0x0000, 0x0000, 0xFFFF, 0xFFFF, 0xFFFF, 0xFFFF, 0xFFFF, 0xFFFF, 
	0xFFFF, 0xFFFF, 0xFFFF, 0xFFFF, 0xFFFF, 0xFFFF, 0xFFFF, 0xFFFF, 0xFFFF, 
	0xFFFF, 0xFFFF, 0xFFFF, 0xFFFF, 0xFFFF, 0xFFFF, 0x0000, 0x0000, 0xFFFF, 
	0xFFFF, 0xFFFF, 0xFFFF, 0xFFFF, 0x0000, 0xFFFF, 0xFFFF, 0xFFFF, 0xFFFF, 
	0xFFFF, 0x0000, 0xFFFF, 0x0000, 0xFFFF, 0xBB6C, 0xBB6D, 0xBB6E, 0xBB71, 
	0xBB75, 0xBB7A, 0xBB80, 0xBB86, 0xBB8D, 0xBB95, 0xBB9D, 0xBBA5, 0xBBAD, 
	0xBBB6, 0xBBBE, 0xBBC6, 0xBBCF, 0xBBD6, 0xBBDE, 0xBBE5, 0xBBEB, 0xBBF1, 
	0xBBF6, 0xBBFA, 0xBBFD, 0xBBFE, 0xBBFF, 0xBAFD, 0xB879, 0xB534, 0xB1EF, 
	0xAF6A, 0xAE69, 0xAE9B, 0xAF2B, 0xB00E, 0xB139, 0xB2A1, 0xB43D, 0xB602, 
	0xB7E4, 0xB9DA, 0xBBD8, 0xBDD5, 0xBFC8, 0xC1B7, 0xC3AB, 0xC5AB, 0xC7C1, 
	0xC9F4, 0xCC4E, 0xCED6, 0xD195, 0xD493, 0xD7D4, 0xDB48, 0xDEDB, 0xE278, 
	0xE60B, 0xE97F, 0xECC0, 0xEFB9, 0xF255, 0xF481, 0xF627, 0xF734, 0xF792, 
	0xF6E1, 0xF4E7, 0xF1CE, 0xEDBB, 0xE8D7, 0xE349, 0xDD39, 0xD6CD, 0xD03B, 
	0xC9E3, 0xC434, 0xBF9D, 0xBC8B, 0xBB6C, 

},{ 
	0x0001, 0x0000, 0x0050, 0x0001, 0x0001, 0x0051, 0x0001, 0x0052, 0x0001, 
	0x0053, 0x0001, 0x0054, 0x0001, 0x0055, 0x0001, 0x0056, 0x0001, 0x0057, 
	0x0051, 0x0058, 0x0051, 0x00A9, 0x0051, 0x00FA, 0x0051, 0x014B, 0x0051, 
	0x019C, 0x0051, 0x01ED, 0x0001, 0x023E, 0x0001, 0x023F, 0x0001, 0x0240, 
	0x0051, 0x0241, 0x0051, 0x0292, 0x0051, 0x02E3, 0x0051, 0x0334, 0x004F, 
	0x0385, 0x0051, 0x03D4, 0x0001, 0x0425, 0x0001, 0x0426, 0x0001, 0x0427, 
	0x0001, 0x0428, 0x0001, 0x0429, 0x0001, 0x042A, 0x0051, 0x042B, 0x0051, 
	0x047C, 0x0051, 0x04CD, 0x0001, 0x051E, 0x0050, 0x051F, 0x0001, 0x056F, 
	0x0001, 0x0570, 0x0001, 0x0571, 0x0001, 0x0572, 0x0001, 0x0573, 0x0001, 
	0x0574, 0x0001, 0x0575, 0x0051, 0x0576, 0x0051, 0x05C7, 0x0051, 0x0618, 
	0x0050, 0x0669, 0x0019, 0x06B9, 0x0051, 0x06D2, 0x002C, 0x0723, 0x0021, 
	0x074F, 0x0051, 0x0770, 0x0001, 0x07C1, 0x0001, 0x07C2, 0x0001, 0x07C3, 
	0x0051, 0x07C4, 0x0050, 0x0815, 0x0051, 0x0865, 0x0050, 0x08B6, 0x0051, 
	0x0906, 0x0051, 0x0957, 0x0050, 0x09A8, 0x0036, 0x09F8, 0x0051, 0x0A2E, 
	

});
smlua_anim_util_register_animation('JWAL_HOLD_JUMP',1, 0, 0, 0, 20, { 
	0x0000, 0x00AA, 0x0000, 0x0000, 0x3FFF, 0x0000, 0x0000, 0x0000, 0xFFFF, 
	0xFFFF, 0xFFFF, 0xFFFF, 0xFFFF, 0xFFFF, 0xFFFF, 0xFFFF, 0xFFFF, 0xFFFF, 
	0xFFFF, 0x0000, 0x40A1, 0x4041, 0x3F39, 0x3DB1, 0x3BCD, 0x39B5, 0x378D, 
	0x357D, 0x33A9, 0x3239, 0x3151, 0x30C9, 0x305D, 0x3008, 0x2FC8, 0x2F9B, 
	0x2F7C, 0x2F6A, 0x2F60, 0x2F5D, 0x2F5C, 0x0000, 0x0000, 0xF68D, 0xF737, 
	0xF905, 0xFBAE, 0xFEE8, 0x026C, 0x05F0, 0x092A, 0x0BD2, 0x0DA0, 0x0E4A, 
	0x0E3C, 0x0E16, 0x0DDE, 0x0D9A, 0x0D50, 0x0D06, 0x0CC2, 0x0C8A, 0x0C63, 
	0x0C55, 0x0000, 0x0000, 0xF101, 0xF1BD, 0xF3C0, 0xF6BF, 0xFA6F, 0xFE86, 
	0x02BA, 0x06BE, 0x0A4A, 0x0D11, 0x0ECA, 0x0FC7, 0x1092, 0x1130, 0x11A7, 
	0x11FC, 0x1235, 0x1258, 0x126A, 0x1270, 0x1271, 0xFFFE, 0x0001, 0xC170, 
	0x04F2, 0x037D, 0xFF87, 0xF9B2, 0xF29D, 0xEAE8, 0xE333, 0xDC1E, 0xD649, 
	0xD253, 0xD0DE, 0xD1EF, 0xD4D5, 0xD919, 0xDE48, 0xE3EC, 0xE98F, 0xEEBE, 
	0xF303, 0xF5E8, 0xF6F9, 0xF9B0, 0xF8A8, 0xF5D2, 0xF193, 0xEC4F, 0xE66B, 
	0xE04A, 0xDA51, 0xD4E4, 0xD067, 0xCD3F, 0xCB1E, 0xC969, 0xC814, 0xC715, 
	0xC65D, 0xC5E3, 0xC598, 0xC572, 0xC564, 0xC562, 0xC813, 0xC7FD, 0xC7B1, 
	0xC724, 0xC647, 0xC50E, 0xC36A, 0xC14F, 0xBEB0, 0xBB7E, 0xB7AE, 0xB33D, 
	0xAE58, 0xA935, 0xA40D, 0x9F18, 0x9A8C, 0x96A3, 0x9392, 0x9193, 0x90DC, 
	0x0000, 0x0000, 0x0000, 0x0000, 0x0000, 0x0000, 0x0000, 0x0000, 0x0000, 
	0x0000, 0xFFFF, 0x0000, 0xFFFF, 0xFFFF, 0xFFFF, 0xFFFF, 0xFFFF, 0xFFFF, 
	0xFFFF, 0xFFFF, 0x0000, 0x0000, 0x0000, 0xFFFF, 0xFFFF, 0xFFFF, 0x0000, 
	0x0000, 0xFFFF, 0xFFFF, 0xFFFF, 0x0000, 0xF781, 0xF5FE, 0xF1E3, 0xEBD7, 
	0xE480, 0xDC82, 0xD485, 0xCD2D, 0xC721, 0xC306, 0xC183, 0xC198, 0xC1D0, 
	0xC223, 0xC287, 0xC2F4, 0xC361, 0xC3C6, 0xC418, 0xC450, 0xC465, 0xFE60, 
	0xFE70, 0xFE9B, 0xFEDB, 0xFF2A, 0xFF82, 0xFFDD, 0x0034, 0x0081, 0x00BE, 
	0x00E5, 0x00FC, 0x010E, 0x011C, 0x0127, 0x012F, 0x0134, 0x0137, 0x0138, 
	0x0139, 0xF94A, 0xF949, 0xF946, 0xF942, 0xF93E, 0xF939, 0xF933, 0xF92F, 
	0xF92B, 0xF928, 0xF927, 0xF928, 0xF929, 0xF92A, 0xF92C, 0xF92E, 0xF930, 
	0xF932, 0xF933, 0xF934, 0xF482, 0xF424, 0xF323, 0xF1A3, 0xEFCB, 0xEDBE, 
	0xEBA2, 0xE99B, 0xE7D0, 0xE664, 0xE57D, 0xE4F4, 0xE485, 0xE430, 0xE3EF, 
	0xE3C1, 0xE3A2, 0xE38F, 0xE385, 0xE382, 0xE381, 0xFFFE, 0x0001, 0xC170, 
	0x4BF7, 0x4C61, 0x4D8E, 0x4F62, 0x51C2, 0x5492, 0x57B7, 0x5B16, 0x5E93, 
	0x6213, 0x657A, 0x68B0, 0x6BAC, 0x6E67, 0x70DA, 0x72FE, 0x74CE, 0x7642, 
	0x7754, 0x77FD, 0x7837, 0x10BA, 0x1197, 0x13F1, 0x176F, 0x1BB5, 0x206B, 
	0x2536, 0x29BB, 0x2DA0, 0x308C, 0x3224, 0x32E0, 0x3376, 0x33EB, 0x3443, 
	0x3482, 0x34AC, 0x34C6, 0x34D3, 0x34D8, 0x34D9, 0xD5EC, 0xD675, 0xD7F7, 
	0xDA4C, 0xDD4E, 0xE0D8, 0xE4C4, 0xE8ED, 0xED2C, 0xF15B, 0xF556, 0xF8FC, 
	0xFC46, 0xFF33, 0x01C1, 0x03EE, 0x05B9, 0x0721, 0x0824, 0x08C0, 0x08F4, 
	0xFFFF, 0x0000, 0x0000, 0x0000, 0x0000, 0x0000, 0x0000, 0x0000, 0x0000, 
	0x0000, 0x0000, 0x0000, 0x0000, 0x0000, 0xFFFF, 0x0000, 0xFFFF, 0xFFFF, 
	0x0000, 0x0000, 0xFFFF, 0x0000, 0xF009, 0xEEE4, 0xEBC8, 0xE734, 0xE1A4, 
	0xDB97, 0xD58A, 0xCFFA, 0xCB66, 0xC84A, 0xC725, 0xC74F, 0xC7C1, 0xC869, 
	0xC934, 0xCA12, 0xCAF0, 0xCBBC, 0xCC63, 0xCCD5, 0xCCFF, 0x35E7, 0x362A, 
	0x36DF, 0x37EA, 0x392E, 0x3A8F, 0x3BF1, 0x3D36, 0x3E44, 0x3EFD, 0x3F45, 
	0x3F4A, 0x3F4F, 0x3F52, 0x3F54, 0x3F56, 0x3F57, 0x3F58, 0x3F59, 0x0DE6, 
	0x0E58, 0x0F8C, 0x1152, 0x137A, 0x15D2, 0x182B, 0x1A52, 0x1C19, 0x1D4D, 
	0x1DBE, 0x1D94, 0x1D23, 0x1C7B, 0x1BAF, 0x1AD1, 0x19F4, 0x1928, 0x1880, 
	0x180E, 0x17E4, 0xEF81, 0xF124, 0xF596, 0xFC22, 0x0418, 0x0CC0, 0x156A, 
	0x1D61, 0x23F2, 0x286B, 0x2A16, 0x2A1F, 0x2A26, 0x2A2B, 0x2A30, 0x2A32, 
	0x2A34, 0x2A36, 0x0000, 0x0000, 0x0000, 0x0000, 0x0000, 0x0000, 0x0000, 
	0xFFFF, 0x0000, 0xFFFF, 0xFFFF, 0x0000, 0xFFFF, 0xFFFF, 0x0000, 0x0000, 
	0xFFFF, 0x0000, 0xFFFF, 0x0000, 0xFFFF, 0xFFFF, 0xFFFF, 0xFFFF, 0x0000, 
	0xFFFF, 0x0000, 0x0000, 0xFFFF, 0x0000, 0x0000, 0x0000, 0x0000, 0xFFFF, 
	0xFFFF, 0xFFFF, 0x0000, 0xFFFF, 0x0000, 0xFFFF, 0x0000, 0xFFFF, 0xBF5E, 
	0xF781, 0xF753, 0xF6D7, 0xF620, 0xF542, 0xF450, 0xF35E, 0xF280, 0xF1C9, 
	0xF14D, 0xF11F, 0xF12D, 0xF151, 0xF187, 0xF1C8, 0xF20F, 0xF255, 0xF297, 
	0xF2CC, 0xF2F1, 0xF2FE, 0xFF1F, 0xFE45, 0xFBF4, 0xF888, 0xF45F, 0xEFD4, 
	0xEB44, 0xE70B, 0xE386, 0xE112, 0xE00A, 0xDFDD, 0xDFB8, 0xDF9C, 0xDF87, 
	0xDF77, 0xDF6D, 0xDF67, 0xDF64, 0xDF63, 0xDF62, 0xB8C7, 0xB81D, 0xB64E, 
	0xB39D, 0xB04F, 0xACA9, 0xA8EE, 0xA564, 0xA24E, 0x9FF2, 0x9E92, 0x9DDC, 
	0x9D4B, 0x9CD9, 0x9C84, 0x9C47, 0x9C1E, 0x9C05, 0x9BF8, 0x9BF3, 0xFFFF, 
	0x0000, 0x0000, 0xFFFF, 0xFFFF, 0x0000, 0xFFFF, 0xFFFF, 0x0000, 0xFFFF, 
	0xFFFF, 0xFFFF, 0xFFFF, 0xFFFF, 0xFFFF, 0xFFFF, 0xFFFF, 0xFFFF, 0xFFFF, 
	0xFFFF, 0x0000, 0xFFFF, 0xFFFF, 0xFFFF, 0xFFFF, 0x0000, 0x0000, 0x0000, 
	0x0000, 0x0000, 0x0000, 0xFFFF, 0x13CD, 0x14A4, 0x16EC, 0x1A48, 0x1E5D, 
	0x22CD, 0x273E, 0x2B53, 0x2EAF, 0x30F7, 0x31CE, 0x31C0, 0x3199, 0x3161, 
	0x311D, 0x30D3, 0x3089, 0x3045, 0x300D, 0x2FE7, 0x2FD9, 0x0000, 0xFFFF, 
	0x0000, 0x0000, 0xFFFF, 0x0000, 0x0000, 0xFFFF, 0x0000, 0xFFFF, 0xFFFF, 
	0xFFFF, 0x0000, 0xFFFF, 0x0000, 0xFFFF, 0xFFFF, 0xFFFF, 0xFFFF, 0x0000, 
	0xFFFF, 0xFFFF, 0xFFFF, 0xFFFF, 0xFFFF, 0xFFFF, 0x0000, 0xF128, 0xEFDD, 
	0xEC56, 0xE720, 0xE0C6, 0xD9D1, 0xD2CD, 0xCC45, 0xC6C4, 0xC2D5, 0xC102, 
	0xC07A, 0xC00E, 0xBFB9, 0xBF79, 0xBF4C, 0xBF2D, 0xBF1B, 0xBF11, 0xBF0E, 
	0xBF0D, 0x0000, 0x0000, 0x0000, 0x0000, 0x0000, 0x0000, 0x0000, 0xFFFF, 
	0x0000, 0xFFFF, 0xFFFF, 0x0000, 0xFFFF, 0xFFFF, 0x0000, 0x0000, 0xFFFF, 
	0x0000, 0xFFFF, 0x0000, 0xFFFF, 0xFFFF, 0xFFFF, 0xFFFF, 0x0000, 0xFFFF, 
	0x0000, 0x0000, 0xFFFF, 0x0000, 0x0000, 0x0000, 0x0000, 0xFFFF, 0xFFFF, 
	0xFFFF, 0x0000, 0xFFFF, 0x0000, 0xFFFF, 0x0000, 0xFFFF, 0xBF5E, 0x080E, 
	0x0846, 0x08DD, 0x09BC, 0x0ACB, 0x0BF2, 0x0D19, 0x0E28, 0x0F07, 0x0F9F, 
	0x0FD7, 0x0FC9, 0x0FA5, 0x0F6F, 0x0F2E, 0x0EE7, 0x0EA1, 0x0E5F, 0x0E2A, 
	0x0E05, 0x0DF8, 0xFF8E, 0x0074, 0x02E1, 0x0676, 0x0AD2, 0x0F94, 0x145B, 
	0x18C7, 0x1C77, 0x1F0A, 0x201F, 0x204F, 0x2076, 0x2095, 0x20AB, 0x20BC, 
	0x20C7, 0x20CD, 0x20D1, 0x20D2, 0xB896, 0xB7ED, 0xB621, 0xB375, 0xB02D, 
	0xAC8D, 0xA8D9, 0xA554, 0xA244, 0x9FEB, 0x9E8E, 0x9DD8, 0x9D47, 0x9CD6, 
	0x9C81, 0x9C44, 0x9C1B, 0x9C03, 0x9BF6, 0x9BF1, 0x9BF0, 0xFFFF, 0xFFFF, 
	0xFFFF, 0xFFFF, 0x0000, 0x0000, 0x0000, 0xFFFF, 0x0000, 0xFFFF, 0xFFFF, 
	0xFFFF, 0xFFFF, 0xFFFF, 0xFFFF, 0x0000, 0xFFFF, 0x0000, 0xFFFF, 0x0000, 
	0x0000, 0x0000, 0x0000, 0x0000, 0x0000, 0x0000, 0x0000, 0x0000, 0xFFFF, 
	0x0000, 0x1603, 0x16DA, 0x1922, 0x1C7E, 0x2093, 0x2504, 0x2974, 0x2D89, 
	0x30E5, 0x332D, 0x3404, 0x33F6, 0x33D0, 0x3398, 0x3354, 0x330A, 0x32BF, 
	0x327B, 0x3243, 0x321D, 0x320F, 0x0000, 0x0000, 0xE1F0, 0xE0A4, 0xDD1E, 
	0xD7E8, 0xD18D, 0xCA98, 0xC395, 0xBD0D, 0xB78C, 0xB39C, 0xB1CA, 0xB142, 
	0xB0D5, 0xB081, 0xB041, 0xB013, 0xAFF5, 0xAFE2, 0xAFD9, 0xAFD5, 

},{ 
	0x0001, 0x0000, 0x0001, 0x0001, 0x0001, 0x0002, 0x0001, 0x0003, 0x0001, 
	0x0004, 0x0001, 0x0005, 0x0003, 0x0006, 0x000B, 0x0009, 0x0015, 0x0014, 
	0x0001, 0x0029, 0x0001, 0x002A, 0x0015, 0x002B, 0x0001, 0x0040, 0x0001, 
	0x0041, 0x0015, 0x0042, 0x0001, 0x0057, 0x0001, 0x0058, 0x0001, 0x0059, 
	0x0015, 0x005A, 0x0015, 0x006F, 0x0015, 0x0084, 0x0015, 0x0099, 0x000B, 
	0x00AE, 0x0015, 0x00B9, 0x0014, 0x00CE, 0x0014, 0x00E2, 0x0015, 0x00F6, 
	0x0001, 0x010B, 0x0001, 0x010C, 0x0001, 0x010D, 0x0015, 0x010E, 0x0015, 
	0x0123, 0x0015, 0x0138, 0x0001, 0x014D, 0x0015, 0x014E, 0x0015, 0x0163, 
	0x0013, 0x0178, 0x0015, 0x018B, 0x0012, 0x01A0, 0x0015, 0x01B2, 0x0015, 
	0x01C7, 0x0001, 0x01DC, 0x0015, 0x01DD, 0x0015, 0x01F2, 0x0014, 0x0207, 
	0x0015, 0x021B, 0x000B, 0x0230, 0x0015, 0x023B, 0x0015, 0x0250, 0x0006, 
	0x0265, 0x0015, 0x026B, 0x0015, 0x0280, 0x0015, 0x0295, 0x0001, 0x02AA, 
	0x0015, 0x02AB, 0x0014, 0x02C0, 0x0015, 0x02D4, 0x0014, 0x02E9, 0x000A, 
	0x02FD, 0x0015, 0x0307, 0x0001, 0x031C, 0x0001, 0x031D, 0x0014, 0x031E, 
	

});
smlua_anim_util_register_animation('JWAL_HOLD_FALL',1, 0, 0, 0, 17, { 
	0x0000, 0x00AA, 0x0000, 0x0000, 0x3FFF, 0x0000, 0xFFFF, 0x0000, 0x2F5C, 
	0x0000, 0x0000, 0x0C55, 0x0000, 0x0000, 0x1271, 0xFFFE, 0x0001, 0xC170, 
	0xF6F9, 0xC562, 0x90DC, 0x0000, 0x0000, 0xC465, 0x0139, 0xF934, 0xE381, 
	0xFFFE, 0x0001, 0xC170, 0x7837, 0x34D9, 0x08F4, 0xFFFF, 0x0000, 0xCCFF, 
	0x3F59, 0x17E4, 0x2A36, 0xFFFF, 0xFFFF, 0xBF5E, 0xF2FE, 0xDF62, 0x9BF3, 
	0x0000, 0xFFFF, 0x2FD9, 0xFFFF, 0x0000, 0xBF0D, 0xFFFF, 0xFFFF, 0xBF5E, 
	0x0DF8, 0x20D2, 0x9BF0, 0x0000, 0x0000, 0x320F, 0x0000, 0x0000, 0xAFD5, 
	

},{ 
	0x0001, 0x0000, 0x0001, 0x0001, 0x0001, 0x0002, 0x0001, 0x0003, 0x0001, 
	0x0004, 0x0001, 0x0005, 0x0001, 0x0006, 0x0001, 0x0007, 0x0001, 0x0008, 
	0x0001, 0x0009, 0x0001, 0x000A, 0x0001, 0x000B, 0x0001, 0x000C, 0x0001, 
	0x000D, 0x0001, 0x000E, 0x0001, 0x000F, 0x0001, 0x0010, 0x0001, 0x0011, 
	0x0001, 0x0012, 0x0001, 0x0013, 0x0001, 0x0014, 0x0001, 0x0015, 0x0001, 
	0x0016, 0x0001, 0x0017, 0x0001, 0x0018, 0x0001, 0x0019, 0x0001, 0x001A, 
	0x0001, 0x001B, 0x0001, 0x001C, 0x0001, 0x001D, 0x0001, 0x001E, 0x0001, 
	0x001F, 0x0001, 0x0020, 0x0001, 0x0021, 0x0001, 0x0022, 0x0001, 0x0023, 
	0x0001, 0x0024, 0x0001, 0x0025, 0x0001, 0x0026, 0x0001, 0x0027, 0x0001, 
	0x0028, 0x0001, 0x0029, 0x0001, 0x002A, 0x0001, 0x002B, 0x0001, 0x002C, 
	0x0001, 0x002D, 0x0001, 0x002E, 0x0001, 0x002F, 0x0001, 0x0030, 0x0001, 
	0x0031, 0x0001, 0x0032, 0x0001, 0x0033, 0x0001, 0x0034, 0x0001, 0x0035, 
	0x0001, 0x0036, 0x0001, 0x0037, 0x0001, 0x0038, 0x0001, 0x0039, 0x0001, 
	0x003A, 0x0001, 0x003B, 0x0001, 0x003C, 0x0001, 0x003D, 0x0001, 0x003E, 
	

});
smlua_anim_util_register_animation('JWAL_HOLD_FALL_FROM_SLIDE',1, 0, 0, 0, 14, { 
	0x0000, 0x0036, 0x0038, 0x003C, 0x0044, 0x004D, 0x0058, 0x0064, 0x0070, 
	0x007C, 0x0088, 0x0093, 0x009C, 0x00A4, 0x00A8, 0x00AA, 0x0000, 0x0000, 
	0x3FFF, 0x0000, 0x0000, 0x0000, 0x0000, 0x0000, 0x0000, 0x0000, 0x0000, 
	0x0000, 0x0000, 0x0000, 0xFFFF, 0xFFFF, 0xFFFF, 0xFFFF, 0xFFFF, 0xFFFF, 
	0xFFFF, 0xFFFF, 0xFFFF, 0xFFFF, 0xFFFF, 0xFFFF, 0xFFFF, 0xFFFF, 0xFFFF, 
	0x0000, 0x1E68, 0x1EA7, 0x1F58, 0x2068, 0x21C4, 0x2359, 0x2514, 0x26E2, 
	0x28B0, 0x2A6B, 0x2C00, 0x2D5C, 0x2E6C, 0x2F1D, 0x2F5C, 0x0000, 0xFCBD, 
	0xFCC9, 0xFCEB, 0xFD1F, 0xFD62, 0xFDB0, 0xFE05, 0xFE5E, 0xFEB7, 0xFF0C, 
	0xFF5A, 0xFF9D, 0xFFD1, 0xFFF3, 0x0000, 0x13EC, 0x13D0, 0x1380, 0x1307, 
	0x126B, 0x11B6, 0x10EF, 0x1021, 0x0F52, 0x0E8C, 0x0DD7, 0x0D3B, 0x0CC1, 
	0x0C72, 0x0C55, 0xFE93, 0xFE98, 0xFEA7, 0xFEBE, 0xFEDB, 0xFEFD, 0xFF22, 
	0xFF49, 0xFF70, 0xFF95, 0xFFB7, 0xFFD4, 0xFFEB, 0xFFFA, 0x0000, 0x02EB, 
	0x02E0, 0x02C2, 0x0293, 0x0257, 0x0211, 0x01C5, 0x0175, 0x0126, 0x00DA, 
	0x0094, 0x0058, 0x0029, 0x000B, 0x0000, 0x054A, 0x057B, 0x0605, 0x06D8, 
	0x07E6, 0x0920, 0x0A77, 0x0BDE, 0x0D44, 0x0E9C, 0x0FD6, 0x10E4, 0x11B7, 
	0x1240, 0x1271, 0xFFFE, 0x0001, 0xC170, 0x25D0, 0x26FF, 0x2A4F, 0x2F65, 
	0x35E7, 0x3D7A, 0x45C2, 0xCE64, 0xD707, 0xDF4F, 0xE6E2, 0xED64, 0xF27A, 
	0xF5CA, 0xF6F9, 0xF0A5, 0xEFDB, 0xEDA7, 0xEA44, 0xE5EF, 0xE0E4, 0xDB61, 
	0xAA5E, 0xB01D, 0xB5A1, 0xBAAB, 0xBF00, 0xC263, 0xC498, 0xC562, 0x8222, 
	0x807B, 0x7BDB, 0x74C2, 0x6BAD, 0x611C, 0x558D, 0xC97E, 0xBD71, 0xB1E2, 
	0xA750, 0x9E3C, 0x9722, 0x9282, 0x90DC, 0xFFFF, 0x0000, 0x0000, 0x0000, 
	0x0000, 0xFFFF, 0x0000, 0xFFFF, 0x0000, 0x0000, 0x0000, 0x0000, 0xFFFF, 
	0x0000, 0xFFFF, 0x0000, 0x0000, 0x0000, 0xFFFF, 0x0000, 0xFFFF, 0x0000, 
	0x0000, 0x0000, 0xFFFF, 0x0000, 0xFFFF, 0xFFFF, 0x0000, 0xE9F4, 0xE968, 
	0xE7DF, 0xE584, 0xE282, 0xDF01, 0xDB2B, 0xD72C, 0xD32D, 0xCF58, 0xCBD7, 
	0xC8D4, 0xC679, 0xC4F1, 0xC465, 0xD82D, 0xD8C6, 0xDA73, 0xDD05, 0xE050, 
	0xE424, 0xE854, 0xECB2, 0xF111, 0xF541, 0xF915, 0xFC5F, 0xFEF2, 0x00A0, 
	0x0139, 0xF9D6, 0xF9D4, 0xF9CD, 0xF9C3, 0xF9B6, 0xF9A7, 0xF996, 0xF985, 
	0xF974, 0xF964, 0xF954, 0xF948, 0xF93D, 0xF937, 0xF934, 0xF87A, 0xF82C, 
	0xF751, 0xF600, 0xF452, 0xF25D, 0xF039, 0xEDFE, 0xEBC2, 0xE99F, 0xE7AA, 
	0xE5FB, 0xE4AB, 0xE3D0, 0xE381, 0xFFFE, 0x0001, 0xC170, 0x43DB, 0x449E, 
	0x46C1, 0x4A09, 0x4E3C, 0x531F, 0x5876, 0x5E09, 0x639B, 0x68F3, 0x6DD6, 
	0x7208, 0x7551, 0x7774, 0x7837, 0x6A91, 0x69C8, 0x6797, 0x6439, 0x5FEA, 
	0x5AE7, 0x556C, 0x4FB5, 0x49FD, 0x4482, 0x3F7F, 0x3B30, 0x37D2, 0x35A1, 
	0x34D9, 0xFD16, 0xFD42, 0xFDBE, 0xFE7D, 0xFF70, 0x008C, 0x01C2, 0x0306, 
	0x0449, 0x057F, 0x069A, 0x078E, 0x084C, 0x08C8, 0x08F4, 0xFFFF, 0x0000, 
	0xFFFF, 0x0000, 0xFFFF, 0x0000, 0xFFFF, 0xFFFF, 0xFFFF, 0x0000, 0x0000, 
	0x0000, 0x0000, 0x0000, 0xFFFF, 0x0000, 0xEB38, 0xEAC7, 0xE98C, 0xE7A7, 
	0xE53A, 0xE268, 0xDF53, 0xDC1C, 0xD8E4, 0xD5CF, 0xD2FD, 0xD091, 0xCEAC, 
	0xCD70, 0xCCFF, 0x3E9F, 0x3EA1, 0x3EA9, 0x3EB5, 0x3EC4, 0x3ED5, 0x3EE8, 
	0x3EFC, 0x3F10, 0x3F22, 0x3F34, 0x3F43, 0x3F4E, 0x3F56, 0x3F59, 0x0F58, 
	0x0F78, 0x0FD1, 0x105A, 0x110A, 0x11D6, 0x12B5, 0x139E, 0x1487, 0x1566, 
	0x1633, 0x16E2, 0x176B, 0x17C5, 0x17E4, 0x04FA, 0x0585, 0x070A, 0x0960, 
	0x0C5C, 0x0FD5, 0x13A2, 0x1798, 0x1B8F, 0x1F5B, 0x22D5, 0x25D1, 0x2826, 
	0x29AB, 0x2A36, 0x0000, 0x0000, 0x0000, 0x0000, 0x0000, 0xFFFF, 0x0000, 
	0x0000, 0xFFFF, 0x0000, 0x0000, 0x0000, 0x0000, 0xFFFF, 0xFFFF, 0x0000, 
	0xFFFF, 0x0000, 0xFFFF, 0xFFFF, 0x0000, 0xFFFF, 0x0000, 0x0000, 0xFFFF, 
	0x0000, 0xFFFF, 0xBF5E, 0xFAB1, 0xFA94, 0xFA44, 0xF9C8, 0xF92A, 0xF872, 
	0xF7A9, 0xF6D7, 0xF606, 0xF53D, 0xF485, 0xF3E7, 0xF36B, 0xF31B, 0xF2FE, 
	0xF79C, 0xF742, 0xF645, 0xF4C0, 0xF2CF, 0xF08C, 0xEE13, 0xEB7F, 0xE8EB, 
	0xE672, 0xE430, 0xE23F, 0xE0BA, 0xDFBD, 0xDF62, 0x9D31, 0x9D2D, 0x9D20, 
	0x9D0C, 0x9CF2, 0x9CD4, 0x9CB4, 0x9C92, 0x9C70, 0x9C50, 0x9C32, 0x9C18, 
	0x9C04, 0x9BF7, 0x9BF3, 0xFFFF, 0xFFFF, 0x0000, 0x0000, 0x0000, 0x0000, 
	0x0000, 0xFFFF, 0x0000, 0xFFFF, 0x0000, 0x0000, 0x0000, 0xFFFF, 0x0000, 
	0xFFFF, 0xFFFF, 0x0000, 0x0000, 0xFFFF, 0xFFFF, 0x0000, 0xFFFF, 0xFFFF, 
	0xFFFF, 0xFFFF, 0xFFFF, 0xFFFF, 0x0000, 0xFFFF, 0x09C7, 0x0A55, 0x0BE3, 
	0x0E46, 0x1153, 0x14E0, 0x18C3, 0x1CD0, 0x20DD, 0x24BF, 0x284D, 0x2B5A, 
	0x2DBD, 0x2F4B, 0x2FD9, 0x00D0, 0x00CD, 0x00C4, 0x00B7, 0x00A7, 0x0093, 
	0x007E, 0x0068, 0x0052, 0x003D, 0x0029, 0x0019, 0x000C, 0x0003, 0xFFFF, 
	0x00B6, 0x00B3, 0x00AC, 0x00A1, 0x0092, 0x0081, 0x006E, 0x005B, 0x0048, 
	0x0035, 0x0024, 0x0015, 0x000A, 0x0003, 0x0000, 0xC1A9, 0xC1A0, 0xC184, 
	0xC15A, 0xC125, 0xC0E6, 0xC0A2, 0xC05B, 0xC014, 0xBFD0, 0xBF92, 0xBF5C, 
	0xBF32, 0xBF17, 0xBF0D, 0x0000, 0x0000, 0x0000, 0x0000, 0x0000, 0xFFFF, 
	0x0000, 0x0000, 0xFFFF, 0x0000, 0x0000, 0x0000, 0x0000, 0xFFFF, 0xFFFF, 
	0x0000, 0xFFFF, 0x0000, 0xFFFF, 0xFFFF, 0x0000, 0xFFFF, 0x0000, 0x0000, 
	0xFFFF, 0x0000, 0xFFFF, 0xBF5E, 0xFFFF, 0x0034, 0x00C6, 0x01A6, 0x02C5, 
	0x0413, 0x057F, 0x06FC, 0x0879, 0x09E5, 0x0B33, 0x0C52, 0x0D32, 0x0DC4, 
	0x0DF8, 0x0BBA, 0x0C09, 0x0CE5, 0x0E38, 0x0FE9, 0x11E0, 0x1407, 0x1646, 
	0x1885, 0x1AAC, 0x1CA3, 0x1E54, 0x1FA7, 0x2083, 0x20D2, 0x9C0C, 0x9C0C, 
	0x9C0B, 0x9C09, 0x9C07, 0x9C04, 0x9C01, 0x9BFE, 0x9BFB, 0x9BF9, 0x9BF6, 
	0x9BF4, 0x9BF2, 0x9BF1, 0x9BF0, 0xFFFF, 0xFFFF, 0xFFFF, 0xFFFF, 0xFFFF, 
	0xFFFF, 0xFFFF, 0x0000, 0xFFFF, 0xFFFF, 0xFFFF, 0x0000, 0xFFFF, 0xFFFF, 
	0x0000, 0x0000, 0xFFFF, 0x0000, 0xFFFF, 0x0000, 0x0000, 0xFFFF, 0x0000, 
	0xFFFF, 0x0000, 0x0000, 0xFFFF, 0xFFFF, 0xFFFF, 0x0000, 0x0640, 0x06E3, 
	0x08AD, 0x0B6C, 0x0EEF, 0x1306, 0x177E, 0x1C28, 0x20D1, 0x2549, 0x2960, 
	0x2CE3, 0x2FA2, 0x316C, 0x320F, 0xFFA0, 0xFFA1, 0xFFA5, 0xFFAB, 0xFFB3, 
	0xFFBC, 0xFFC5, 0xFFD0, 0xFFDA, 0xFFE3, 0xFFEC, 0xFFF4, 0xFFFA, 0xFFFE, 
	0x0000, 0x0222, 0x021A, 0x0204, 0x01E2, 0x01B6, 0x0183, 0x014B, 0x0111, 
	0x00D7, 0x009F, 0x006C, 0x0040, 0x001E, 0x0008, 0x0000, 0xC292, 0xC24C, 
	0xC188, 0xC05C, 0xBEDB, 0xBD1C, 0xBB32, 0xB933, 0xB735, 0xB54B, 0xB38C, 
	0xB20B, 0xB0DF, 0xB01B, 0xAFD5, 

},{ 
	0x0001, 0x0000, 0x000F, 0x0001, 0x0001, 0x0010, 0x0001, 0x0011, 0x0001, 
	0x0012, 0x0001, 0x0013, 0x000B, 0x0014, 0x000F, 0x001F, 0x000F, 0x002E, 
	0x0001, 0x003D, 0x000F, 0x003E, 0x000F, 0x004D, 0x000F, 0x005C, 0x000F, 
	0x006B, 0x000F, 0x007A, 0x0001, 0x0089, 0x0001, 0x008A, 0x0001, 0x008B, 
	0x000F, 0x008C, 0x000F, 0x009B, 0x000F, 0x00AA, 0x000E, 0x00B9, 0x000F, 
	0x00C7, 0x000F, 0x00D6, 0x000F, 0x00E5, 0x000F, 0x00F4, 0x000F, 0x0103, 
	0x0001, 0x0112, 0x0001, 0x0113, 0x0001, 0x0114, 0x000F, 0x0115, 0x000F, 
	0x0124, 0x000F, 0x0133, 0x0005, 0x0142, 0x000B, 0x0147, 0x000F, 0x0152, 
	0x000F, 0x0161, 0x000F, 0x0170, 0x000F, 0x017F, 0x000E, 0x018E, 0x000D, 
	0x019C, 0x0001, 0x01A9, 0x000F, 0x01AA, 0x000F, 0x01B9, 0x000F, 0x01C8, 
	0x000F, 0x01D7, 0x000F, 0x01E6, 0x000F, 0x01F5, 0x000F, 0x0204, 0x000F, 
	0x0213, 0x000F, 0x0222, 0x000E, 0x0231, 0x000D, 0x023F, 0x0001, 0x024C, 
	0x000F, 0x024D, 0x000F, 0x025C, 0x000F, 0x026B, 0x000F, 0x027A, 0x000F, 
	0x0289, 0x000F, 0x0298, 0x000F, 0x02A7, 0x000F, 0x02B6, 0x000F, 0x02C5, 
	

});

-- Syrup
smlua_anim_util_register_animation('JSYP_MENU',0, 0, 0, 0, 41, { 
	0x0000, 0x00B7, 0x00B7, 0x00B7, 0x00B8, 0x00B9, 0x00BB, 0x00BC, 0x00BE, 
	0x00BF, 0x00C1, 0x00C3, 0x00C5, 0x00C7, 0x00C9, 0x00CA, 0x00CC, 0x00CD, 
	0x00CE, 0x00CF, 0x00CF, 0x00CF, 0x00CF, 0x00CF, 0x00CF, 0x00CF, 0x00CE, 
	0x00CD, 0x00CC, 0x00CA, 0x00C9, 0x00C7, 0x00C5, 0x00C3, 0x00C1, 0x00BF, 
	0x00BE, 0x00BC, 0x00BB, 0x00B9, 0x00B8, 0x00B7, 0x0000, 0x0000, 0x0000, 
	0x0001, 0x0002, 0x0002, 0x0003, 0x0004, 0x0005, 0x0006, 0x0007, 0x0008, 
	0x0009, 0x000A, 0x000B, 0x000B, 0x000C, 0x000C, 0x000D, 0x000D, 0x000D, 
	0x000D, 0x000D, 0x000D, 0x000D, 0x000C, 0x000C, 0x000B, 0x000B, 0x000A, 
	0x0009, 0x0008, 0x0007, 0x0006, 0x0005, 0x0004, 0x0003, 0x0002, 0x0002, 
	0x0001, 0x0000, 0x0000, 0x3FFF, 0x0000, 0xE567, 0xFEDE, 0x3F0B, 0x0000, 
	0x0000, 0x0000, 0x0000, 0x0000, 0x0000, 0x0000, 0x0000, 0x0000, 0x0000, 
	0x0000, 0x0000, 0xFFFF, 0x0000, 0xFFFF, 0x0000, 0x0000, 0x0000, 0x0000, 
	0x0000, 0x0000, 0x0000, 0x0000, 0x0000, 0x0000, 0x0000, 0x0000, 0x0000, 
	0xFFFF, 0x0000, 0xFFFF, 0x0000, 0xFFFF, 0x0000, 0x0000, 0x0000, 0x0000, 
	0x0000, 0x0000, 0x0000, 0x0000, 0xFFFF, 0xFFFF, 0x0000, 0xFFFF, 0xFFFF, 
	0xFFFF, 0xFFFF, 0xFFFF, 0xFFFF, 0x0000, 0xFFFF, 0x0000, 0x0000, 0x0000, 
	0xFFFF, 0x0000, 0xFFFF, 0xFFFF, 0xFFFF, 0xFFFF, 0x0000, 0xFFFF, 0x0000, 
	0xFFFF, 0x0000, 0xFFFF, 0x0000, 0xF6C0, 0xF6BA, 0xF6AB, 0xF692, 0xF672, 
	0xF64B, 0xF61D, 0xF5EB, 0xF5B6, 0xF57E, 0xF544, 0xF509, 0xF4CF, 0xF497, 
	0xF461, 0xF42F, 0xF402, 0xF3DB, 0xF3BB, 0xF3A2, 0xF393, 0xF38D, 0xF393, 
	0xF3A2, 0xF3BB, 0xF3DB, 0xF402, 0xF42F, 0xF461, 0xF497, 0xF4CF, 0xF509, 
	0xF544, 0xF57E, 0xF5B6, 0xF5EB, 0xF61D, 0xF64B, 0xF672, 0xF692, 0xF6AB, 
	0xF6BA, 0x007C, 0x007C, 0x007E, 0x0081, 0x0084, 0x0089, 0x008E, 0x0094, 
	0x009A, 0x00A0, 0x00A7, 0x00AD, 0x00B4, 0x00BA, 0x00C0, 0x00C6, 0x00CB, 
	0x00CF, 0x00D3, 0x00D6, 0x00D7, 0x00D8, 0x00D7, 0x00D6, 0x00D3, 0x00CF, 
	0x00CB, 0x00C6, 0x00C0, 0x00BA, 0x00B4, 0x00AD, 0x00A7, 0x00A0, 0x009A, 
	0x0094, 0x008E, 0x0089, 0x0084, 0x0081, 0x007E, 0x007C, 0x0208, 0x0207, 
	0x0207, 0x0206, 0x0205, 0x0203, 0x0201, 0x01FF, 0x01FD, 0x01FB, 0x01F9, 
	0x01F7, 0x01F5, 0x01F2, 0x01F0, 0x01EF, 0x01ED, 0x01EB, 0x01EA, 0x01E9, 
	0x01E9, 0x01E8, 0x01E9, 0x01E9, 0x01EA, 0x01EB, 0x01ED, 0x01EF, 0x01F0, 
	0x01F2, 0x01F5, 0x01F7, 0x01F9, 0x01FB, 0x01FD, 0x01FF, 0x0201, 0x0203, 
	0x0205, 0x0206, 0x0207, 0x01B8, 0x01C5, 0x01E9, 0x0222, 0x026E, 0x02C9, 
	0x0333, 0x03A7, 0x0424, 0x04A7, 0x052E, 0x05B7, 0x063E, 0x06C1, 0x073E, 
	0x07B2, 0x081C, 0x0877, 0x08C3, 0x08FC, 0x0920, 0x092D, 0x0920, 0x08FC, 
	0x08C3, 0x0877, 0x081C, 0x07B2, 0x073E, 0x06C1, 0x063E, 0x05B7, 0x052E, 
	0x04A7, 0x0424, 0x03A7, 0x0333, 0x02C9, 0x026E, 0x0222, 0x01E9, 0x01C5, 
	0x0000, 0xFFFF, 0xBFFF, 0x0954, 0x0953, 0x094E, 0x0946, 0x093B, 0x092E, 
	0x0920, 0x090F, 0x08FE, 0x08EC, 0x08D9, 0x08C6, 0x08B3, 0x08A1, 0x088F, 
	0x087F, 0x0871, 0x0864, 0x0859, 0x0851, 0x084C, 0x084A, 0x084C, 0x0851, 
	0x0859, 0x0864, 0x0871, 0x087F, 0x088F, 0x08A1, 0x08B3, 0x08C6, 0x08D9, 
	0x08EC, 0x08FE, 0x090F, 0x0920, 0x092E, 0x093B, 0x0946, 0x094E, 0x0953, 
	0xE549, 0xE549, 0xE548, 0xE546, 0xE544, 0xE542, 0xE53F, 0xE53C, 0xE538, 
	0xE535, 0xE531, 0xE52D, 0xE52A, 0xE526, 0xE523, 0xE520, 0xE51D, 0xE51A, 
	0xE518, 0xE517, 0xE516, 0xE516, 0xE516, 0xE517, 0xE518, 0xE51A, 0xE51D, 
	0xE520, 0xE523, 0xE526, 0xE52A, 0xE52D, 0xE531, 0xE535, 0xE538, 0xE53C, 
	0xE53F, 0xE542, 0xE544, 0xE546, 0xE548, 0xE549, 0xF35E, 0xF361, 0xF369, 
	0xF377, 0xF389, 0xF39F, 0xF3B8, 0xF3D4, 0xF3F2, 0xF411, 0xF431, 0xF452, 
	0xF472, 0xF491, 0xF4AF, 0xF4CB, 0xF4E4, 0xF4FA, 0xF50C, 0xF51A, 0xF522, 
	0xF525, 0xF522, 0xF51A, 0xF50C, 0xF4FA, 0xF4E4, 0xF4CB, 0xF4AF, 0xF491, 
	0xF472, 0xF452, 0xF431, 0xF411, 0xF3F2, 0xF3D4, 0xF3B8, 0xF39F, 0xF389, 
	0xF377, 0xF369, 0xF361, 0x0000, 0x0000, 0xFFFF, 0x0000, 0x0000, 0xFFFF, 
	0xFFFF, 0xFFFF, 0xFFFF, 0xFFFF, 0xFFFF, 0xFFFF, 0xFFFF, 0x0000, 0xFFFF, 
	0xFFFF, 0xFFFF, 0xFFFF, 0x0000, 0x0000, 0xFFFF, 0xFFFF, 0x0000, 0xFFFF, 
	0xAC77, 0xAC71, 0xAC62, 0xAC4A, 0xAC2A, 0xAC03, 0xABD7, 0xABA5, 0xAB70, 
	0xAB39, 0xAB00, 0xAAC6, 0xAA8D, 0xAA55, 0xAA21, 0xA9EF, 0xA9C3, 0xA99C, 
	0xA97C, 0xA964, 0xA954, 0xA94F, 0xA954, 0xA964, 0xA97C, 0xA99C, 0xA9C3, 
	0xA9EF, 0xAA21, 0xAA55, 0xAA8D, 0xAAC6, 0xAB00, 0xAB39, 0xAB70, 0xABA5, 
	0xABD7, 0xAC03, 0xAC2A, 0xAC4A, 0xAC62, 0xAC71, 0x6760, 0x676F, 0x679A, 
	0x67DE, 0x6838, 0x68A5, 0x6923, 0x69AE, 0x6A43, 0x6ADF, 0x6B80, 0x6C22, 
	0x6CC3, 0x6D60, 0x6DF5, 0x6E7F, 0x6EFD, 0x6F6A, 0x6FC4, 0x7008, 0x7033, 
	0x7042, 0x7033, 0x7008, 0x6FC4, 0x6F6A, 0x6EFD, 0x6E7F, 0x6DF5, 0x6D60, 
	0x6CC3, 0x6C22, 0x6B80, 0x6ADF, 0x6A43, 0x69AE, 0x6923, 0x68A5, 0x6838, 
	0x67DE, 0x679A, 0x676F, 0x187A, 0x1884, 0x18A1, 0x18D0, 0x190D, 0x1957, 
	0x19AB, 0x1A09, 0x1A6E, 0x1AD8, 0x1B45, 0x1BB3, 0x1C20, 0x1C8A, 0x1CEF, 
	0x1D4D, 0x1DA2, 0x1DEC, 0x1E29, 0x1E57, 0x1E74, 0x1E7E, 0x1E74, 0x1E57, 
	0x1E29, 0x1DEC, 0x1DA2, 0x1D4D, 0x1CEF, 0x1C8A, 0x1C20, 0x1BB3, 0x1B45, 
	0x1AD8, 0x1A6E, 0x1A09, 0x19AB, 0x1957, 0x190D, 0x18D0, 0x18A1, 0x1884, 
	0x1C38, 0x1C50, 0x1C94, 0x1D00, 0x1D8F, 0x1E3C, 0x1F04, 0x1FE0, 0x20CC, 
	0x21C5, 0x22C4, 0x23C6, 0x24C5, 0x25BD, 0x26AA, 0x2786, 0x284D, 0x28FA, 
	0x2989, 0x29F5, 0x2A3A, 0x2A51, 0x2A3A, 0x29F5, 0x2989, 0x28FA, 0x284D, 
	0x2786, 0x26AA, 0x25BD, 0x24C5, 0x23C6, 0x22C4, 0x21C5, 0x20CC, 0x1FE0, 
	0x1F04, 0x1E3C, 0x1D8F, 0x1D00, 0x1C94, 0x1C50, 0x0000, 0xFFFF, 0xBFFF, 
	0x0437, 0x0458, 0x04B5, 0x0548, 0x0609, 0x06F0, 0x07F6, 0x0913, 0x0A41, 
	0x0B78, 0x0CB0, 0x0DE2, 0x0F06, 0x1016, 0x110A, 0x11DA, 0x127F, 0x12F2, 
	0x132A, 0x133C, 0x1343, 0x1344, 0x1343, 0x133C, 0x132A, 0x12F2, 0x127F, 
	0x11DA, 0x110A, 0x1016, 0x0F06, 0x0DE2, 0x0CB0, 0x0B78, 0x0A41, 0x0913, 
	0x07F6, 0x06F0, 0x0609, 0x0548, 0x04B5, 0x0458, 0x1FBA, 0x1FAF, 0x1F8F, 
	0x1F5C, 0x1F1A, 0x1ECA, 0x1E70, 0x1E0D, 0x1DA5, 0x1D3A, 0x1CCF, 0x1C65, 
	0x1C00, 0x1BA2, 0x1B4E, 0x1B07, 0x1ACE, 0x1AA6, 0x1A93, 0x1A8D, 0x1A8A, 
	0x1A8A, 0x1A8A, 0x1A8D, 0x1A93, 0x1AA6, 0x1ACE, 0x1B07, 0x1B4E, 0x1BA2, 
	0x1C00, 0x1C65, 0x1CCF, 0x1D3A, 0x1DA5, 0x1E0D, 0x1E70, 0x1ECA, 0x1F1A, 
	0x1F5C, 0x1F8F, 0x1FAF, 0x9AB9, 0x9AEB, 0x9B77, 0x9C53, 0x9D74, 0x9ECE, 
	0xA057, 0xA203, 0xA3C8, 0xA59A, 0xA76E, 0xA939, 0xAAF0, 0xAC88, 0xADF6, 
	0xAF2E, 0xB025, 0xB0D1, 0xB126, 0xB141, 0xB14B, 0xB14C, 0xB14B, 0xB141, 
	0xB126, 0xB0D1, 0xB025, 0xAF2E, 0xADF6, 0xAC88, 0xAAF0, 0xA939, 0xA76E, 
	0xA59A, 0xA3C8, 0xA203, 0xA057, 0x9ECE, 0x9D74, 0x9C53, 0x9B77, 0x9AEB, 
	0xFFFF, 0xFFFF, 0xFFFF, 0xFFFF, 0xFFFF, 0xFFFF, 0xFFFF, 0xFFFF, 0xFFFF, 
	0x0000, 0xFFFF, 0xFFFF, 0xFFFF, 0xFFFF, 0xFFFF, 0xFFFF, 0xFFFF, 0xFFFF, 
	0x0000, 0xFFFF, 0x0000, 0x0000, 0x0000, 0xFFFF, 0x0000, 0x0000, 0x0000, 
	0xFFFF, 0x0000, 0xFFFF, 0xFFFF, 0xFFFF, 0xFFFF, 0x0000, 0x0000, 0x0000, 
	0x0000, 0x0000, 0x0000, 0x0000, 0x0000, 0x0000, 0x0000, 0x0000, 0xFFFF, 
	0x0000, 0x0000, 0x0000, 0x0000, 0x0000, 0xFFFF, 0x0000, 0xFFFF, 0xFFFF, 
	0x0000, 0x0000, 0xFFFF, 0x0000, 0xC149, 0xC13E, 0xC121, 0xC0F3, 0xC0B7, 
	0xC06F, 0xC01D, 0xBFC4, 0xBF66, 0xBF05, 0xBEA3, 0xBE44, 0xBDE8, 0xBD93, 
	0xBD47, 0xBD06, 0xBCD3, 0xBCAF, 0xBC9D, 0xBC98, 0xBC96, 0xBC95, 0xBC96, 
	0xBC98, 0xBC9D, 0xBCAF, 0xBCD3, 0xBD06, 0xBD47, 0xBD93, 0xBDE8, 0xBE44, 
	0xBEA3, 0xBF05, 0xBF66, 0xBFC4, 0xC01D, 0xC06F, 0xC0B7, 0xC0F3, 0xC121, 
	0xC13E, 0xD0C7, 0xD184, 0xD22A, 0xD29F, 0xD2CB, 0xD289, 0xD1D3, 0xD0BD, 
	0xCF61, 0xCDD3, 0xCC2B, 0xCA7C, 0xC8CC, 0xC721, 0xC57C, 0xC3E1, 0xC254, 
	0xC0D9, 0xBF73, 0xBE25, 0xBCF4, 0xBBE1, 0xBAF2, 0xBA23, 0xB975, 0xB8E6, 
	0xB874, 0xB81E, 0xB7E2, 0xB7BF, 0xB7B4, 0xB7F5, 0xB8B1, 0xB9DC, 0xBB6B, 
	0xBD54, 0xBF8A, 0xC203, 0xC4B4, 0xC792, 0xCA91, 0xCDA6, 0x1C2F, 0x1BA8, 
	0x1B32, 0x1ADF, 0x1ABF, 0x1AD0, 0x1B00, 0x1B49, 0x1BA4, 0x1C0C, 0x1C7C, 
	0x1CEE, 0x1D60, 0x1DCF, 0x1E39, 0x1E9C, 0x1EF5, 0x1F43, 0x1F84, 0x1FB5, 
	0x1FD4, 0x1FDF, 0x1FD2, 0x1FAF, 0x1F7B, 0x1F38, 0x1EEB, 0x1E98, 0x1E43, 
	0x1DF1, 0x1DA4, 0x1D61, 0x1D27, 0x1CF6, 0x1CCD, 0x1CAA, 0x1C8E, 0x1C76, 
	0x1C63, 0x1C53, 0x1C45, 0x1C3A, 0xD72F, 0xD871, 0xD989, 0xDA4F, 0xDA9A, 
	0xDA39, 0xD92C, 0xD795, 0xD594, 0xD34C, 0xD0DD, 0xCE65, 0xCBED, 0xC97A, 
	0xC711, 0xC4B7, 0xC270, 0xC043, 0xBE33, 0xBC45, 0xBA80, 0xB8E7, 0xB77E, 
	0xB645, 0xB53B, 0xB45E, 0xB3AC, 0xB324, 0xB2C5, 0xB28D, 0xB27B, 0xB2DA, 
	0xB3ED, 0xB5A2, 0xB7EB, 0xBAB6, 0xBDF3, 0xC192, 0xC583, 0xC9B5, 0xCE18, 
	0xD29C, 0x0000, 0x0000, 0xBFFF, 0xF1EA, 0xF1E8, 0xF1E4, 0xF1DD, 0xF1D4, 
	0xF1C8, 0xF1BB, 0xF1AC, 0xF19B, 0xF18A, 0xF178, 0xF165, 0xF152, 0xF13E, 
	0xF12B, 0xF118, 0xF106, 0xF0F5, 0xF0E5, 0xF0D7, 0xF0CC, 0xF0C8, 0xF0CA, 
	0xF0CF, 0xF0D8, 0xF0E4, 0xF0F1, 0xF101, 0xF113, 0xF126, 0xF13A, 0xF14F, 
	0xF163, 0xF178, 0xF18C, 0xF19F, 0xF1B0, 0xF1C0, 0xF1CE, 0xF1DA, 0xF1E2, 
	0xF1E8, 0xF4A9, 0xF4A9, 0xF4A8, 0xF4A7, 0xF4A3, 0xF49E, 0xF497, 0xF48D, 
	0xF47F, 0xF46D, 0xF456, 0xF43B, 0xF41A, 0xF3F4, 0xF3C7, 0xF393, 0xF357, 
	0xF314, 0xF2C9, 0xF270, 0xF221, 0xF1FE, 0xF203, 0xF20F, 0xF224, 0xF23F, 
	0xF260, 0xF285, 0xF2AF, 0xF2DC, 0xF30B, 0xF33B, 0xF36C, 0xF39C, 0xF3CB, 
	0xF3F8, 0xF421, 0xF447, 0xF468, 0xF483, 0xF497, 0xF4A4, 0xCA70, 0xCA76, 
	0xCA87, 0xCAA3, 0xCAC8, 0xCAF4, 0xCB28, 0xCB62, 0xCBA1, 0xCBE3, 0xCC28, 
	0xCC6F, 0xCCB7, 0xCCFE, 0xCD44, 0xCD87, 0xCDC6, 0xCE01, 0xCE36, 0xCE63, 
	0xCE82, 0xCE8E, 0xCE87, 0xCE74, 0xCE54, 0xCE2A, 0xCDF8, 0xCDBD, 0xCD7D, 
	0xCD38, 0xCCEF, 0xCCA5, 0xCC5A, 0xCC0F, 0xCBC6, 0xCB81, 0xCB41, 0xCB07, 
	0xCAD4, 0xCAAA, 0xCA8B, 0xCA77, 0x0000, 0x0000, 0xFFFF, 0xFFFF, 0xFFFF, 
	0x0000, 0xFFFF, 0xFFFF, 0xFFFF, 0x0000, 0x0000, 0xFFFF, 0xFFFF, 0x0000, 
	0xFFFF, 0xFFFF, 0x0000, 0xFFFF, 0xFFFF, 0xFFFF, 0x0000, 0x0000, 0x0000, 
	0x0000, 0x0000, 0x0000, 0x0000, 0x0000, 0x0000, 0x0000, 0x0000, 0x0000, 
	0x0000, 0x0000, 0x0000, 0x0000, 0x0000, 0x0000, 0xFFFF, 0xFFFF, 0xFFFF, 
	0xFFFF, 0xFFFF, 0xFFFF, 0xFFFF, 0xFFFF, 0xFFFF, 0xFFFF, 0xFFFF, 0xFFFF, 
	0xFFFF, 0xFFFF, 0xFFFF, 0xFFFF, 0xFFFF, 0xFFFF, 0xFFFF, 0x0000, 0xFFFF, 
	0xFFFF, 0xFFFF, 0x0000, 0xFFFF, 0x0000, 0xFFFF, 0xFFFF, 0xFFFF, 0xFFFF, 
	0xFFFF, 0xFFFF, 0xFFFF, 0xFFFF, 0xFFFF, 0xFFFF, 0xFFFF, 0xFFFF, 0xFFFF, 
	0xFFFF, 0xFFFF, 0xFFFF, 0x0000, 0x4035, 0x400D, 0x3F9A, 0x3EDF, 0x3DE3, 
	0x3CAA, 0x3B39, 0x3996, 0x37C5, 0x35CC, 0x33AF, 0x3174, 0x2F20, 0x2CB8, 
	0x2A40, 0x27BF, 0x2538, 0x22B2, 0x2031, 0x1DCF, 0x1BFF, 0x1B46, 0x1B85, 
	0x1C37, 0x1D52, 0x1EC9, 0x208F, 0x2299, 0x24DA, 0x2745, 0x29D0, 0x2C6C, 
	0x2F0F, 0x31AC, 0x3436, 0x36A2, 0x38E3, 0x3AEC, 0x3CB3, 0x3E29, 0x3F44, 
	0x3FF7, 0x0000, 0x0000, 0x0000, 0x0000, 0xFFFF, 0x0000, 0x0000, 0x0000, 
	0xFFFF, 0x0000, 0xFFFF, 0xFFFF, 0xFFFF, 0x0000, 0xFFFF, 0xFFFF, 0xFFFF, 
	0x0000, 0x0000, 0xFFFF, 0xFFFF, 0xFFFF, 0x0000, 0xFFFF, 0x0000, 0x0000, 
	0xFFFF, 0x0000, 0x0000, 0x0000, 0x0000, 0x0000, 0x0000, 0x0000, 0x0000, 
	0x0000, 0x0000, 0x0000, 0xFFFF, 0x0000, 0x0000, 0x0000, 0x0000, 0x0000, 
	0x0000, 0xFFFF, 0x0000, 0xE553, 0xE53F, 0xE507, 0xE4AE, 0xE437, 0xE3A8, 
	0xE303, 0xE24E, 0xE18B, 0xE0BE, 0xDFEC, 0xDF19, 0xDE47, 0xDD7C, 0xDCBB, 
	0xDC08, 0xDB67, 0xDADC, 0xDA6B, 0xDA0F, 0xD9A9, 0xD90F, 0xD822, 0xD6EF, 
	0xD58D, 0xD410, 0xD291, 0xD125, 0xCFE3, 0xCEE1, 0xCE36, 0xCDF8, 0xCE84, 
	0xD001, 0xD23C, 0xD4FD, 0xD80F, 0xDB3C, 0xDE4E, 0xE110, 0xE34A, 0xE4C8, 
	0x0000, 0x0000, 0xBFFF, 0x0000, 0x0000, 0x0000, 0x0000, 0x0000, 0x0000, 
	0x0000, 0x0000, 0xFFFF, 0xFFFF, 0x0000, 0x0000, 0xFFFF, 0xFFFF, 0x0000, 
	0xFFFF, 0x0000, 0x0000, 0x0000, 0x0000, 0x0000, 0xFFFF, 0x0000, 0x0000, 
	0x0000, 0x0000, 0x0000, 0x0000, 0x0000, 0xFFFF, 0x0000, 0xFFFF, 0x0000, 
	0xFFFF, 0x0000, 0x0000, 0x0000, 0x0000, 0x0000, 0xFFFF, 0x0000, 0xFFFF, 
	0x0000, 0xC393, 0xC391, 0xC38B, 0xC382, 0xC377, 0xC369, 0xC35A, 0xC349, 
	0xC337, 0xC324, 0xC312, 0xC300, 0xC2EE, 0xC2DE, 0xC2D0, 0xC2C3, 0xC2BA, 
	0xC2B3, 0xC2AF, 0xC2AE, 0xC2AE, 0xC2AE, 0xC2AE, 0xC2AE, 0xC2AF, 0xC2B3, 
	0xC2BA, 0xC2C3, 0xC2D0, 0xC2DE, 0xC2EE, 0xC300, 0xC312, 0xC324, 0xC337, 
	0xC349, 0xC35A, 0xC369, 0xC377, 0xC382, 0xC38B, 0xC391, 0xFFFF, 0xFFFF, 
	0x0000, 0x0000, 0xFFFF, 0xFFFF, 0x0000, 0xFFFF, 0x0000, 0xFFFF, 0x0000, 
	0xFFFF, 0x0000, 0xFFFF, 0x0000, 0xFFFF, 0x0000, 0x0000, 0xFFFF, 0x0000, 
	0x0000, 0x0000, 0x0000, 0x0000, 0xFFFF, 0x0000, 0xFFFF, 0xFFFF, 0x0000, 
	0xFFFF, 0x0000, 0xFFFF, 0x0000, 0xFFFF, 0xFFFF, 0x0000, 0xFFFF, 0x0000, 
	0xFFFF, 0x0000, 0xFFFF, 0x0000, 0x0000, 0xFFFF, 0xFFFF, 0x0000, 0x0000, 
	0xFFFF, 0x0000, 0x0000, 0x0000, 0xFFFF, 0x0000, 0x0000, 0x0000, 0xFFFF, 
	0x0000, 0x0000, 0xFFFF, 0x0000, 0xFFFF, 0x0000, 0xFFFF, 0xFFFF, 0xFFFF, 
	0xFFFF, 0xFFFF, 0xFFFF, 0x0000, 0xFFFF, 0x0000, 0xFFFF, 0xFFFF, 0xFFFF, 
	0xFFFF, 0xFFFF, 0xFFFF, 0xFFFF, 0xFFFF, 0x0000, 0xFFFF, 0x0EA1, 0x0E94, 
	0x0E6E, 0x0E32, 0x0DE4, 0x0D86, 0x0D1B, 0x0CA7, 0x0C2C, 0x0BAD, 0x0B2E, 
	0x0AB2, 0x0A3B, 0x09CC, 0x0969, 0x0914, 0x08D1, 0x08A2, 0x088B, 0x0884, 
	0x0881, 0x0881, 0x0881, 0x0884, 0x088B, 0x08A2, 0x08D1, 0x0914, 0x0969, 
	0x09CC, 0x0A3B, 0x0AB2, 0x0B2E, 0x0BAD, 0x0C2C, 0x0CA7, 0x0D1B, 0x0D86, 
	0x0DE4, 0x0E32, 0x0E6E, 0x0E94, 0x003C, 0x003B, 0x0039, 0x0035, 0x0030, 
	0x0029, 0x0022, 0x001B, 0x0013, 0x000A, 0x0002, 0xFFF9, 0xFFF1, 0xFFEA, 
	0xFFE3, 0xFFDE, 0xFFD9, 0xFFD6, 0xFFD5, 0xFFD4, 0xFFD4, 0xFFD4, 0xFFD4, 
	0xFFD4, 0xFFD5, 0xFFD6, 0xFFD9, 0xFFDE, 0xFFE3, 0xFFEA, 0xFFF1, 0xFFF9, 
	0x0002, 0x000A, 0x0013, 0x001B, 0x0022, 0x0029, 0x0030, 0x0035, 0x0039, 
	0x003B, 0xFF38, 0xFF38, 0xFF38, 0xFF38, 0xFF37, 0xFF37, 0xFF37, 0xFF36, 
	0xFF36, 0xFF36, 0xFF35, 0xFF35, 0xFF35, 0xFF34, 0xFF34, 0xFF34, 0xFF34, 
	0xFF34, 0xFF34, 0xFF33, 0xFF33, 0xFF33, 0xFF33, 0xFF33, 0xFF34, 0xFF34, 
	0xFF34, 0xFF34, 0xFF34, 0xFF34, 0xFF35, 0xFF35, 0xFF35, 0xFF36, 0xFF36, 
	0xFF36, 0xFF37, 0xFF37, 0xFF37, 0xFF38, 0xBDED, 0xBE1A, 0xBE98, 0xBF5F, 
	0xC063, 0xC19C, 0xC2FE, 0xC481, 0xC61A, 0xC7BE, 0xC964, 0xCB03, 0xCC8F, 
	0xCDFF, 0xCF48, 0xD062, 0xD141, 0xD1DC, 0xD229, 0xD241, 0xD24A, 0xD24C, 
	0xD24A, 0xD241, 0xD229, 0xD1DC, 0xD141, 0xD062, 0xCF48, 0xCDFF, 0xCC8F, 
	0xCB03, 0xC964, 0xC7BE, 0xC61A, 0xC481, 0xC2FE, 0xC19C, 0xC063, 0xBF5F, 
	0xBE98, 0xBE1A, 
	},{ 
	0x0001, 0x0000, 0x0029, 0x0001, 0x0029, 0x002A, 0x0001, 0x0053, 0x0001, 
	0x0054, 0x0001, 0x0055, 0x0001, 0x0056, 0x0001, 0x0057, 0x0001, 0x0058, 
	0x0020, 0x0059, 0x0024, 0x0079, 0x002A, 0x009D, 0x002A, 0x00C7, 0x0029, 
	0x00F1, 0x002A, 0x011A, 0x0001, 0x0144, 0x0001, 0x0145, 0x0001, 0x0146, 
	0x002A, 0x0147, 0x002A, 0x0171, 0x002A, 0x019B, 0x0001, 0x01C5, 0x0017, 
	0x01C6, 0x002A, 0x01DD, 0x002A, 0x0207, 0x002A, 0x0231, 0x002A, 0x025B, 
	0x0001, 0x0285, 0x0001, 0x0286, 0x0001, 0x0287, 0x002A, 0x0288, 0x002A, 
	0x02B2, 0x002A, 0x02DC, 0x0015, 0x0306, 0x0025, 0x031B, 0x002A, 0x0340, 
	0x002A, 0x036A, 0x002A, 0x0394, 0x002A, 0x03BE, 0x0001, 0x03E8, 0x0001, 
	0x03E9, 0x0001, 0x03EA, 0x002A, 0x03EB, 0x002A, 0x0415, 0x002A, 0x043F, 
	0x0027, 0x0469, 0x002A, 0x0490, 0x002A, 0x04BA, 0x0006, 0x04E4, 0x0029, 
	0x04EA, 0x002A, 0x0513, 0x0001, 0x053D, 0x0001, 0x053E, 0x0001, 0x053F, 
	0x002A, 0x0540, 0x0001, 0x056A, 0x002A, 0x056B, 0x0029, 0x0595, 0x0028, 
	0x05BE, 0x002A, 0x05E6, 0x002A, 0x0610, 0x0028, 0x063A, 0x002A, 0x0662, 
});
smlua_anim_util_register_animation('JSYP_RUN',0, 0, 0, 0, 71, { 
	0x0000, 0x00C0, 0x00BD, 0x00B8, 0x00B4, 0x00B1, 0x00AF, 0x00AD, 0x00AB, 
	0x00AC, 0x00AE, 0x00B0, 0x00B3, 0x00B7, 0x00BA, 0x00BE, 0x00C2, 0x00C5, 
	0x00C8, 0x00CB, 0x00CE, 0x00D1, 0x00D3, 0x00D6, 0x00D8, 0x00D9, 0x00D9, 
	0x00D9, 0x00D8, 0x00D7, 0x00D5, 0x00D2, 0x00D0, 0x00CD, 0x00CA, 0x00C8, 
	0x00C5, 0x00C1, 0x00BD, 0x00B9, 0x00B5, 0x00B2, 0x00B0, 0x00AE, 0x00AD, 
	0x00AC, 0x00AB, 0x00AB, 0x00AB, 0x00AC, 0x00AD, 0x00AF, 0x00B2, 0x00B6, 
	0x00BC, 0x00C2, 0x00C6, 0x00CA, 0x00CD, 0x00CF, 0x00D2, 0x00D4, 0x00D6, 
	0x00D8, 0x00D9, 0x00D9, 0x00D8, 0x00D5, 0x00D3, 0x00CF, 0x00CA, 0x00C5, 
	0x00C3, 0x0000, 0x0000, 0x3FFF, 0x0000, 0xFFFF, 0xFFFF, 0x3A85, 0x3AA5, 
	0x3AFB, 0x3B75, 0x3C01, 0x3C8C, 0x3D06, 0x3D5C, 0x3D7D, 0x3D7A, 0x3D70, 
	0x3D60, 0x3D4B, 0x3D30, 0x3D11, 0x3CEE, 0x3CC8, 0x3CA0, 0x3C75, 0x3C49, 
	0x3C1C, 0x3BEF, 0x3BC2, 0x3B96, 0x3B6C, 0x3B43, 0x3B1D, 0x3AFB, 0x3ADC, 
	0x3AC2, 0x3AAC, 0x3A9C, 0x3A92, 0x3A8F, 0x3AAA, 0x3AF0, 0x3B55, 0x3BCD, 
	0x3C4B, 0x3CC4, 0x3D2A, 0x3D71, 0x3D8D, 0x3D8D, 0x3D89, 0x3D7F, 0x3D72, 
	0x3D61, 0x3D4C, 0x3D35, 0x3D1B, 0x3CFE, 0x3CDF, 0x3CBF, 0x3C9E, 0x3C7B, 
	0x3C58, 0x3C34, 0x3C11, 0x3BEE, 0x3BCC, 0x3BAB, 0x3B8C, 0x3B6E, 0x3B53, 
	0x3B3A, 0x3B24, 0x3B11, 0x3B02, 0x3AF6, 0x3AEF, 0x3AED, 0xEC09, 0xED00, 
	0xEE15, 0xEF45, 0xF08E, 0xF1ED, 0xF360, 0xF4E4, 0xF678, 0xF818, 0xF9C2, 
	0xFB75, 0xFD2C, 0xFEE7, 0x00A2, 0x025B, 0x0410, 0x05BE, 0x0763, 0x08FD, 
	0x0A88, 0x0C03, 0x0D6B, 0x0EBE, 0x0FFA, 0x111B, 0x121F, 0x1305, 0x13C9, 
	0x146A, 0x14E4, 0x1535, 0x155C, 0x1555, 0x1523, 0x14CD, 0x1453, 0x13B8, 
	0x12FE, 0x1226, 0x1132, 0x1024, 0x0EFD, 0x0DC0, 0x0C6E, 0x0B09, 0x0993, 
	0x080D, 0x067A, 0x04DB, 0x0332, 0x0180, 0xFFC8, 0xFE0B, 0xFC4C, 0xFA8B, 
	0xF8CA, 0xF70D, 0xF553, 0xF39F, 0xF1F3, 0xF051, 0xEEBA, 0xED30, 0xEBB5, 
	0xEA4A, 0xE8F2, 0xE7AF, 0xE681, 0xE56B, 0xE46F, 0xE38E, 0xFFFF, 0x0000, 
	0x0000, 0x0000, 0xFFFF, 0x0000, 0xFFFF, 0xFFFF, 0xFFFF, 0x0000, 0xFFFF, 
	0x0000, 0x0000, 0x0000, 0xFFFF, 0x0000, 0x0000, 0x0000, 0x0000, 0x0000, 
	0xFFFF, 0xFFFF, 0xFFFF, 0xFFFF, 0xFFFF, 0x0000, 0x0000, 0x0000, 0x0000, 
	0xFFFF, 0xFFFF, 0x0000, 0x0000, 0x0000, 0xFFFF, 0x0000, 0x0000, 0x0000, 
	0x0000, 0x0000, 0x0000, 0x0000, 0xFFFF, 0xFFFF, 0x0000, 0xFFFF, 0xFFFF, 
	0x0000, 0x0000, 0xFFFF, 0xFFFF, 0x0000, 0x0000, 0x0000, 0xFFFF, 0xFFFF, 
	0xFFFF, 0xFFFF, 0xFFFF, 0x0000, 0x0000, 0xFFFF, 0xFFFF, 0x0000, 0xFFFF, 
	0x0000, 0xFFFF, 0xFFFF, 0x0000, 0x0000, 0xFFFF, 0xFF6D, 0xFF84, 0xFFC0, 
	0x0014, 0x0073, 0x00D0, 0x011E, 0x014F, 0x0156, 0x013F, 0x011F, 0x00F7, 
	0x00C8, 0x0092, 0x0057, 0x0019, 0xFFD8, 0xFF94, 0xFF50, 0xFF0D, 0xFECB, 
	0xFE8B, 0xFE4F, 0xFE17, 0xFDE5, 0xFDBA, 0xFD97, 0xFD7D, 0xFD6C, 0xFD67, 
	0xFD71, 0xFD8E, 0xFDBB, 0xFDF5, 0xFE3A, 0xFE88, 0xFEDC, 0xFF34, 0xFF8E, 
	0xFFE6, 0x003B, 0x008B, 0x00D2, 0x010E, 0x013E, 0x015E, 0x016D, 0x016D, 
	0x0166, 0x0157, 0x0142, 0x0126, 0x0106, 0x00E0, 0x00B7, 0x008A, 0x005B, 
	0x002A, 0xFFF8, 0xFFC5, 0xFF92, 0xFF60, 0xFF30, 0xFF02, 0xFED6, 0xFEAF, 
	0xFE8B, 0xFE6D, 0xFE54, 0xFE41, 0xFE35, 0xFE31, 0x1417, 0x13F6, 0x1394, 
	0x12F6, 0x1221, 0x111A, 0x0FE5, 0x0E87, 0x0D03, 0x0B60, 0x09A1, 0x07CB, 
	0x05E3, 0x03ED, 0x01EE, 0xFFE9, 0xFDE6, 0xFBE7, 0xF9F1, 0xF808, 0xF633, 
	0xF474, 0xF2D0, 0xF14D, 0xEFEF, 0xEEBA, 0xEDB2, 0xECDE, 0xEC40, 0xEBDE, 
	0xEBBC, 0xEBCA, 0xEBF1, 0xEC31, 0xEC8A, 0xECFA, 0xED80, 0xEE1D, 0xEECE, 
	0xEF94, 0xF06D, 0xF159, 0xF256, 0xF364, 0xF483, 0xF5B0, 0xF6EC, 0xF836, 
	0xF98C, 0xFAEF, 0xFC5C, 0xFDD4, 0xFF56, 0x00E1, 0x0273, 0x040C, 0x05AB, 
	0x0750, 0x08F9, 0x0AA6, 0x0C56, 0x0E08, 0x0FBC, 0x1170, 0x1323, 0x14D6, 
	0x1682, 0x1816, 0x1978, 0x1A92, 0x1B4D, 0x1B90, 0xFE2B, 0xFE2F, 0xFE3D, 
	0xFE53, 0xFE70, 0xFE95, 0xFEBF, 0xFEF0, 0xFF25, 0xFF5F, 0xFF9D, 0xFFDE, 
	0x0023, 0x0068, 0x00AF, 0x00F6, 0x013D, 0x0184, 0x01CA, 0x020D, 0x024E, 
	0x028C, 0x02C6, 0x02FB, 0x032C, 0x0357, 0x037B, 0x0399, 0x03AE, 0x03BC, 
	0x03C1, 0x03BD, 0x03B1, 0x039E, 0x0384, 0x0364, 0x033F, 0x0314, 0x02E4, 
	0x02AF, 0x0277, 0x023B, 0x01FC, 0x01BB, 0x0177, 0x0132, 0x00EC, 0x00A5, 
	0x005E, 0x0017, 0xFFCF, 0xFF8A, 0xFF47, 0xFF05, 0xFEC6, 0xFE8A, 0xFE52, 
	0xFE1E, 0xFDEE, 0xFDC3, 0xFD9D, 0xFD7D, 0xFD63, 0xFD51, 0xFD45, 0xFD41, 
	0xFD44, 0xFD4B, 0xFD55, 0xFD5F, 0xFD67, 0xFD6A, 0x04ED, 0x04F0, 0x04F7, 
	0x0503, 0x0514, 0x0528, 0x0540, 0x055B, 0x0579, 0x0599, 0x05BC, 0x05E0, 
	0x0605, 0x062C, 0x0654, 0x067B, 0x06A3, 0x06CA, 0x06F1, 0x0717, 0x073B, 
	0x075D, 0x077E, 0x079C, 0x07B7, 0x07CE, 0x07E3, 0x07F3, 0x07FF, 0x0807, 
	0x0809, 0x0807, 0x0800, 0x07F5, 0x07E6, 0x07D4, 0x07BE, 0x07A5, 0x0789, 
	0x076A, 0x0749, 0x0726, 0x0702, 0x06DC, 0x06B4, 0x068C, 0x0663, 0x063A, 
	0x0610, 0x05E7, 0x05BE, 0x0595, 0x056E, 0x0548, 0x0523, 0x0500, 0x04E0, 
	0x04C1, 0x04A5, 0x048C, 0x0476, 0x0463, 0x0454, 0x0449, 0x0443, 0x0440, 
	0x0442, 0x0445, 0x0449, 0x044D, 0x0451, 0x0452, 0xFFFE, 0x0001, 0xC170, 
	0xFAE1, 0xFAF5, 0xFB2C, 0xFB82, 0xFBF2, 0xFC79, 0xFD11, 0xFDB6, 0xFE63, 
	0xFF14, 0xFFC3, 0x006F, 0x010F, 0x01A1, 0x021F, 0x0286, 0x02D9, 0x0321, 
	0x035F, 0x0394, 0x03C0, 0x03E4, 0x0400, 0x0417, 0x0427, 0x0433, 0x043C, 
	0x0440, 0x0443, 0x0444, 0x0444, 0x0441, 0x0437, 0x0427, 0x0411, 0x03F5, 
	0x03D4, 0x03AE, 0x0382, 0x0352, 0x031D, 0x02E4, 0x02A8, 0x0267, 0x0223, 
	0x01DB, 0x0191, 0x0144, 0x00F4, 0x00A2, 0x004E, 0xFFF7, 0xFFA0, 0xFF47, 
	0xFEEE, 0xFE94, 0xFE3A, 0xFDE1, 0xFD8A, 0xFD36, 0xFCE4, 0xFC96, 0xFC4C, 
	0xFC07, 0xFBC7, 0xFB8E, 0xFB5C, 0xFB32, 0xFB10, 0xFAF6, 0xFAE7, 0xFAE1, 
	0xCE6E, 0xCE9F, 0xCF26, 0xCFF7, 0xD105, 0xD242, 0xD3A0, 0xD512, 0xD68C, 
	0xD7FE, 0xD95C, 0xDA99, 0xDBA7, 0xDC78, 0xDCFF, 0xDD30, 0xDCFE, 0xDC73, 
	0xDB9D, 0xDA88, 0xD943, 0xD7DC, 0xD660, 0xD4DD, 0xD361, 0xD1FA, 0xD0B5, 
	0xCFA1, 0xCECA, 0xCE3F, 0xCE0E, 0xCE20, 0xCE54, 0xCEA6, 0xCF14, 0xCF9A, 
	0xD035, 0xD0E2, 0xD19D, 0xD263, 0xD332, 0xD405, 0xD4DA, 0xD5AE, 0xD67C, 
	0xD743, 0xD7FE, 0xD8AB, 0xD946, 0xD9CC, 0xDA3A, 0xDA8C, 0xDAC0, 0xDAD2, 
	0xDAB6, 0xDA65, 0xD9E7, 0xD942, 0xD87C, 0xD79C, 0xD6A8, 0xD5A7, 0xD4A0, 
	0xD399, 0xD298, 0xD1A5, 0xD0C5, 0xCFFF, 0xCF59, 0xCEDB, 0xCE8B, 0xCE6E, 
	0xC09E, 0xC0B1, 0xC0E9, 0xC144, 0xC1BE, 0xC256, 0xC309, 0xC3D4, 0xC4B4, 
	0xC5A8, 0xC6AD, 0xC7C0, 0xC8DF, 0xCA06, 0xCB35, 0xCC67, 0xCD9B, 0xCECE, 
	0xCFFC, 0xD123, 0xD240, 0xD350, 0xD450, 0xD53C, 0xD613, 0xD6D0, 0xD772, 
	0xD7F5, 0xD856, 0xD893, 0xD8A8, 0xD89C, 0xD879, 0xD841, 0xD7F5, 0xD795, 
	0xD724, 0xD6A3, 0xD612, 0xD573, 0xD4C8, 0xD411, 0xD350, 0xD286, 0xD1B4, 
	0xD0DC, 0xCFFF, 0xCF1F, 0xCE3B, 0xCD57, 0xCC72, 0xCB8F, 0xCAAE, 0xC9D0, 
	0xC8F8, 0xC826, 0xC75A, 0xC696, 0xC5D9, 0xC526, 0xC47D, 0xC3DE, 0xC34B, 
	0xC2C3, 0xC249, 0xC1DC, 0xC17E, 0xC12F, 0xC0F1, 0xC0C3, 0xC0A7, 0xC09E, 
	0x0000, 0x0000, 0x0000, 0x0000, 0x0000, 0x0000, 0x0000, 0x0000, 0x0000, 
	0x0000, 0x0000, 0x0000, 0x0000, 0x0000, 0x0000, 0x0000, 0x0000, 0x0000, 
	0x0000, 0x0000, 0x0000, 0x0000, 0x0000, 0x0000, 0x0000, 0x0000, 0x0000, 
	0x0000, 0x0000, 0x0000, 0x0000, 0xFFFF, 0x0000, 0xFFFF, 0xFFFF, 0x0000, 
	0xFFFF, 0xFFFF, 0x0000, 0x0000, 0x0000, 0x0000, 0x0000, 0x0000, 0x0000, 
	0x0000, 0x0000, 0x0000, 0x0000, 0x0000, 0x0000, 0x0000, 0x0000, 0xFFFF, 
	0x0000, 0x0000, 0x0000, 0x0000, 0x0000, 0xFFFF, 0xFFFF, 0x0000, 0x0000, 
	0xFFFF, 0xFFFF, 0xFFFF, 0xFFFF, 0xFFFF, 0xFFFF, 0xFFFF, 0xFFFF, 0xFFFF, 
	0xFFFF, 0xFFFF, 0xFFFF, 0x0000, 0xFFFF, 0xFFFF, 0xFFFF, 0xFFFF, 0x0000, 
	0xFFFF, 0xFFFF, 0x0000, 0xFFFF, 0xFFFF, 0xFFFF, 0xFFFF, 0xFFFF, 0xFFFF, 
	0xFFFF, 0x0000, 0xFFFF, 0x0000, 0xFFFF, 0xFFFF, 0x0000, 0x0000, 0x0000, 
	0x0000, 0x0000, 0xFFFF, 0x0000, 0x0000, 0xFFFF, 0xAE0D, 0xAD18, 0xAAD1, 
	0xA818, 0xA5D1, 0xA4DC, 0xA50B, 0xA592, 0xA66C, 0xA794, 0xA902, 0xAAB1, 
	0xAC9C, 0xAEBC, 0xB10B, 0xB383, 0xB61F, 0xB8D8, 0xBBA8, 0xBE8A, 0xC178, 
	0xC46B, 0xC75D, 0xCA4A, 0xCD2A, 0xCFF8, 0xD2AD, 0xD545, 0xD7B8, 0xDA02, 
	0xDC1B, 0xDDFE, 0xDFA7, 0xE10E, 0xE22F, 0xE304, 0xE388, 0xE3B5, 0xE392, 
	0xE32C, 0xE287, 0xE1A7, 0xE091, 0xDF49, 0xDDD2, 0xDC31, 0xDA6B, 0xD883, 
	0xD67E, 0xD460, 0xD22C, 0xCFE8, 0xCD97, 0xCB3E, 0xC8E1, 0xC684, 0xC42B, 
	0xC1DA, 0xBF96, 0xBD62, 0xBB44, 0xB93F, 0xB757, 0xB590, 0xB3F0, 0xB279, 
	0xB131, 0xB01B, 0xAF3B, 0xAE96, 0xAE30, 0xAE0D, 0xE0B5, 0xF672, 0xDF83, 
	0xFFFE, 0x0001, 0xC170, 0x02A8, 0x02A7, 0x02A6, 0x02A2, 0x029B, 0x028F, 
	0x027E, 0x0265, 0x0244, 0x021A, 0x01E6, 0x01A6, 0x0159, 0x00FE, 0x0094, 
	0x001A, 0xFF77, 0xFE9C, 0xFD93, 0xFC66, 0xFB1F, 0xF9C8, 0xF86A, 0xF710, 
	0xF5C4, 0xF48F, 0xF37C, 0xF295, 0xF1E3, 0xF171, 0xF149, 0xF163, 0xF1AE, 
	0xF224, 0xF2C2, 0xF383, 0xF462, 0xF55A, 0xF668, 0xF785, 0xF8AE, 0xF9DE, 
	0xFB11, 0xFC41, 0xFD6A, 0xFE87, 0xFF95, 0x008E, 0x016D, 0x022E, 0x02CC, 
	0x0343, 0x038D, 0x03A7, 0x03A5, 0x039E, 0x0394, 0x0387, 0x0377, 0x0365, 
	0x0351, 0x033C, 0x0327, 0x0312, 0x02FD, 0x02EA, 0x02D8, 0x02C8, 0x02BA, 
	0x02B0, 0x02AA, 0x02A8, 0x2681, 0x265E, 0x25FA, 0x2561, 0x249B, 0x23B2, 
	0x22B1, 0x21A1, 0x208C, 0x1F7D, 0x1E7B, 0x1D93, 0x1CCD, 0x1C33, 0x1BD0, 
	0x1BAD, 0x1BD7, 0x1C4F, 0x1D08, 0x1DF6, 0x1F0E, 0x2044, 0x218C, 0x22D9, 
	0x2420, 0x2556, 0x266E, 0x275D, 0x2816, 0x288D, 0x28B8, 0x28AA, 0x2884, 
	0x2846, 0x27F5, 0x2791, 0x271D, 0x269D, 0x2611, 0x257D, 0x24E3, 0x2446, 
	0x23A7, 0x230A, 0x2270, 0x21DC, 0x2150, 0x20D0, 0x205C, 0x1FF8, 0x1FA6, 
	0x1F69, 0x1F42, 0x1F35, 0x1F46, 0x1F75, 0x1FBF, 0x2021, 0x2095, 0x2119, 
	0x21A9, 0x2240, 0x22DB, 0x2376, 0x240D, 0x249D, 0x2521, 0x2595, 0x25F7, 
	0x2641, 0x2670, 0x2681, 0xE2C7, 0xE297, 0xE20E, 0xE131, 0xE006, 0xDE94, 
	0xDCE2, 0xDAF7, 0xD8D7, 0xD68B, 0xD418, 0xD186, 0xCED9, 0xCC1A, 0xC94E, 
	0xC67C, 0xC3AA, 0xC0DF, 0xBE22, 0xBB77, 0xB8E7, 0xB676, 0xB42D, 0xB210, 
	0xB027, 0xAE78, 0xAD08, 0xABDF, 0xAB04, 0xAA7B, 0xAA4C, 0xAA6D, 0xAACE, 
	0xAB6B, 0xAC3F, 0xAD47, 0xAE7F, 0xAFE3, 0xB16E, 0xB31D, 0xB4EC, 0xB6D6, 
	0xB8D8, 0xBAEE, 0xBD13, 0xBF44, 0xC17D, 0xC3B9, 0xC5F5, 0xC82D, 0xCA5C, 
	0xCC7F, 0xCE91, 0xD08F, 0xD276, 0xD443, 0xD5F7, 0xD792, 0xD913, 0xDA7A, 
	0xDBC6, 0xDCF7, 0xDE0D, 0xDF07, 0xDFE5, 0xE0A6, 0xE14B, 0xE1D3, 0xE23D, 
	0xE289, 0xE2B7, 0xE2C7, 0xFFFF, 0x0000, 0x0000, 0xFFFF, 0xFFFF, 0xFFFF, 
	0xFFFF, 0xFFFF, 0xFFFF, 0xFFFF, 0xFFFF, 0xFFFF, 0xFFFF, 0xFFFF, 0xFFFF, 
	0xFFFF, 0xFFFF, 0xFFFF, 0xFFFF, 0xFFFF, 0xFFFF, 0xFFFF, 0xFFFF, 0xFFFF, 
	0xFFFF, 0xFFFF, 0xFFFF, 0xFFFF, 0xFFFF, 0xFFFF, 0xFFFF, 0xFFFF, 0x0000, 
	0xFFFF, 0xFFFF, 0xFFFF, 0xFFFF, 0x0000, 0xFFFF, 0xFFFF, 0x0000, 0x0000, 
	0xFFFF, 0x0000, 0x0000, 0x0000, 0xFFFF, 0xFFFF, 0x0000, 0xFFFF, 0xFFFF, 
	0x0000, 0xFFFF, 0xFFFF, 0x0000, 0xFFFF, 0xFFFF, 0xFFFF, 0xFFFF, 0x0000, 
	0x0000, 0x0000, 0xFFFF, 0x0000, 0x0000, 0x0000, 0x0000, 0x0000, 0x0000, 
	0x0000, 0x0000, 0xFFFF, 0xFFFF, 0xFFFF, 0xFFFF, 0xFFFF, 0xFFFF, 0xFFFF, 
	0xFFFF, 0xFFFF, 0xFFFF, 0xFFFF, 0xFFFF, 0xFFFF, 0xFFFF, 0xFFFF, 0xFFFF, 
	0xFFFF, 0xFFFF, 0xFFFF, 0xFFFF, 0xFFFF, 0xFFFF, 0xFFFF, 0xFFFF, 0xFFFF, 
	0xFFFF, 0xFFFF, 0xFFFF, 0xFFFF, 0x0000, 0xFFFF, 0x0000, 0x0000, 0x0000, 
	0x0000, 0x0000, 0x0000, 0x0000, 0x0000, 0x0000, 0x0000, 0x0000, 0x0000, 
	0x0000, 0x0000, 0x0000, 0x0000, 0x0000, 0x0000, 0x0000, 0x0000, 0x0000, 
	0x0000, 0xFFFF, 0xFFFF, 0x0000, 0xFFFF, 0xFFFF, 0x0000, 0xFFFF, 0xD550, 
	0xD5D6, 0xD716, 0xD893, 0xD9D3, 0xDA59, 0xDA39, 0xD9DC, 0xD946, 0xD87B, 
	0xD77F, 0xD656, 0xD503, 0xD38A, 0xD1F1, 0xD039, 0xCE68, 0xCC82, 0xCA89, 
	0xC883, 0xC673, 0xC45D, 0xC245, 0xC02E, 0xBE1E, 0xBC17, 0xBA1E, 0xB837, 
	0xB665, 0xB4AC, 0xB311, 0xB198, 0xB047, 0xAF24, 0xAE36, 0xAD84, 0xAD15, 
	0xACEE, 0xAD08, 0xAD55, 0xADD1, 0xAE7A, 0xAF4B, 0xB042, 0xB15C, 0xB296, 
	0xB3EC, 0xB55B, 0xB6E0, 0xB879, 0xBA21, 0xBBD5, 0xBD93, 0xBF58, 0xC11F, 
	0xC2E7, 0xC4AB, 0xC669, 0xC81E, 0xC9C6, 0xCB5E, 0xCCE3, 0xCE53, 0xCFA9, 
	0xD0E2, 0xD1FC, 0xD2F3, 0xD3C5, 0xD46D, 0xD4E9, 0xD536, 0xD550, 0xFFFF, 
	0xFFFF, 0xFFFF, 0xFFFF, 0x0000, 0x0000, 0xFFFF, 0xFFFF, 0xFFFF, 0xFFFF, 
	0x0000, 0xFFFF, 0x0000, 0xFFFF, 0xFFFF, 0x0000, 0xFFFF, 0x0000, 0xFFFF, 
	0xFFFF, 0xFFFF, 0xFFFF, 0xFFFF, 0xFFFF, 0xFFFF, 0xFFFF, 0xFFFF, 0xFFFF, 
	0xFFFF, 0xFFFF, 0xFFFF, 0xFFFF, 0xFFFF, 0xFFFF, 0xFFFF, 0xFFFF, 0xFFFF, 
	0xFFFF, 0xFFFF, 0xFFFF, 0xFFFF, 0xFFFF, 0xFFFF, 0xFFFF, 0xFFFF, 0xFFFF, 
	0xFFFF, 0xFFFF, 0xFFFF, 0xFFFF, 0xFFFF, 0xFFFF, 0x0000, 0xFFFF, 0x0000, 
	0xFFFF, 0xFFFF, 0xFFFF, 0xFFFF, 0xFFFF, 0xFFFF, 0x0000, 0xFFFF, 0xFFFF, 
	0xFFFF, 0xFFFF, 0xFFFF, 0xFFFF, 0x0000, 0xFFFF, 0x0000, 0xE843, 0x0000, 
	0x0000, 0x0000, 0xFFFF, 0xFFFF, 0x0000, 0x0000, 0xFFFF, 0x0000, 0xFFFF, 
	0xFFFF, 0x0000, 0x0000, 0xFFFF, 0xFFFF, 0xFFFF, 0xFFFF, 0xFFFF, 0x0000, 
	0xFFFF, 0x0000, 0xFFFF, 0xFFFF, 0x0000, 0xFFFF, 0xFFFF, 0xFFFF, 0xFFFF, 
	0xFFFF, 0x0000, 0x0000, 0xFFFF, 0x0000, 0xFFFF, 0xFFFF, 0xFFFF, 0xFFFF, 
	0x0000, 0xFFFF, 0xFFFF, 0x0000, 0xFFFF, 0x0000, 0x0000, 0xFFFF, 0xFFFF, 
	0x0000, 0x0000, 0xFFFF, 0xFFFF, 0x0000, 0xFFFF, 0x0000, 0xFFFF, 0x0000, 
	0xFFFF, 0x0000, 0x0000, 0x0000, 0x0000, 0xFFFF, 0xFFFF, 0xFFFF, 0xFFFF, 
	0xFFFF, 0xFFFF, 0xFFFF, 0xFFFF, 0x0000, 0xFFFF, 0x0000, 0xFF5A, 0xFDA5, 
	0xFB3A, 0xF876, 0xF5B1, 0xF347, 0xF192, 0xF0EC, 0xF122, 0xF1BA, 0xF2A4, 
	0xF3D0, 0xF530, 0xF6B2, 0xF848, 0xF9E2, 0xFB71, 0xFCE4, 0xFE2D, 0xFF3B, 
	0xFFFF, 0x0081, 0x00D6, 0x0104, 0x0111, 0x0106, 0x00E7, 0x00BB, 0x0088, 
	0x0056, 0x002A, 0x000B, 0xFFFF, 0xFFFF, 0xFFFF, 0x0000, 0x0000, 0x0000, 
	0x0000, 0xFFFF, 0x0000, 0xFFFF, 0xFFFF, 0xFFFF, 0xFFFF, 0xFFFF, 0xFFFF, 
	0xFFFF, 0xFFFF, 0xFFFF, 0xFFFF, 0xFFFF, 0x0000, 0xFFFF, 0x0000, 0xFFFF, 
	0x0000, 0x0000, 0x0000, 0x0000, 0x0000, 0x0000, 0x0000, 0x0000, 0x0000, 
	0xFFFF, 0xFFFF, 0xFFFF, 0x0000, 0xFFFF, 0x0000, 0xC5E3, 0xC5F0, 0xC601, 
	0xC5F3, 0xC5A7, 0xC4FA, 0xC3CA, 0xC1F7, 0xBF5E, 0xBBFF, 0xB804, 0xB38B, 
	0xAEB5, 0xA9A0, 0xA46B, 0x9F36, 0x9A20, 0x9547, 0x90CB, 0x8CCB, 0x8967, 
	0x86BC, 0x84D6, 0x8398, 0x82EB, 0x82B7, 0x82E3, 0x8358, 0x83FD, 0x84BA, 
	0x8577, 0x861B, 0x8690, 0x86BC, 0x0168, 0x00CC, 0xFF39, 0xFD14, 0xFABE, 
	0xF898, 0xF707, 0xF66B, 0xF67C, 0xF6AB, 0xF6F7, 0xF75D, 0xF7D7, 0xF865, 
	0xF902, 0xF9AC, 0xFA5F, 0xFB19, 0xFBD5, 0xFC92, 0xFD4B, 0xFDFE, 0xFEA8, 
	0xFF46, 0xFFD3, 0x004F, 0x00B4, 0x0100, 0x0130, 0x0141, 0x0140, 0x013F, 
	0x013C, 0x0138, 0x0134, 0x012E, 0x0128, 0x0121, 0x011A, 0x0111, 0x0109, 
	0x00FF, 0x00F5, 0x00EB, 0x00E0, 0x00D5, 0x00CA, 0x00BF, 0x00B3, 0x00A7, 
	0x009C, 0x0090, 0x0084, 0x0078, 0x006D, 0x0062, 0x0057, 0x004C, 0x0042, 
	0x0038, 0x002E, 0x0026, 0x001D, 0x0016, 0x000F, 0x0009, 0x0003, 0xFFFE, 
	0xFFFA, 0xFFF7, 0xFFF6, 0xFFF5, 0x0066, 0x00DC, 0x020C, 0x03AD, 0x0573, 
	0x0714, 0x0845, 0x08BB, 0x08B0, 0x0890, 0x085D, 0x081A, 0x07C7, 0x0768, 
	0x06FE, 0x068A, 0x060F, 0x058F, 0x050C, 0x0488, 0x0404, 0x0383, 0x0306, 
	0x0290, 0x0222, 0x01BF, 0x0168, 0x011F, 0x00E6, 0x00C0, 0x00A4, 0x008A, 
	0x0070, 0x0058, 0x0042, 0x002C, 0x0018, 0x0004, 0xFFF1, 0xFFE0, 0xFFD0, 
	0xFFC1, 0xFFB3, 0xFFA6, 0xFF99, 0xFF8E, 0xFF84, 0xFF7A, 0xFF71, 0xFF69, 
	0xFF61, 0xFF5A, 0xFF54, 0xFF4F, 0xFF4A, 0xFF45, 0xFF41, 0xFF3E, 0xFF3B, 
	0xFF39, 0xFF36, 0xFF35, 0xFF33, 0xFF32, 0xFF31, 0xFF30, 0xFF30, 0xFF30, 
	0xFF2F, 0xD134, 0xD1C3, 0xD334, 0xD52C, 0xD751, 0xD94A, 0xDABB, 0xDB4A, 
	0xDB29, 0xDACD, 0xDA3B, 0xD978, 0xD88B, 0xD77A, 0xD64B, 0xD504, 0xD3AB, 
	0xD245, 0xD0DA, 0xCF6F, 0xCE0A, 0xCCB0, 0xCB69, 0xCA3A, 0xC929, 0xC83C, 
	0xC77A, 0xC6E7, 0xC68B, 0xC66B, 0xC68A, 0xC6E7, 0xC77D, 0xC84B, 0xC94D, 
	0xCA7F, 0xCBDF, 0xCD6A, 0xCF1C, 0xD0F3, 0xD2EC, 0xD504, 0xD736, 0xD981, 
	0xDBE2, 0xDE55, 0xE0D7, 0xE365, 0xE5FD, 0xE89A, 0xEB3B, 0xEDDC, 0xF079, 
	0xF311, 0xF59F, 0xF821, 0xFA94, 0xFCF5, 0xFF40, 0x0174, 0x038B, 0x0584, 
	0x075B, 0x090D, 0x0A98, 0x0BF8, 0x0D2B, 0x0E2C, 0x0EFA, 0x0F90, 0x0FED, 
	0x100D, 0xFFFF, 0xFFFF, 0xFFFF, 0xFFFF, 0xFFFF, 0x0000, 0x0000, 0xFFFF, 
	0xFFFF, 0x0000, 0x0000, 0x0000, 0x0000, 0x0000, 0x0000, 0x0000, 0x0000, 
	0xFFFF, 0x0000, 0xFFFF, 0xFFFF, 0xFFFF, 0x0000, 0xFFFF, 0xFFFF, 0x0000, 
	0x0000, 0x0000, 0xFFFF, 0x0000, 0x0000, 0xFFFF, 0x0000, 0x0000, 0x0000, 
	0x0000, 0xFFFF, 0xFFFF, 0x0000, 0xFFFF, 0x0000, 0x0000, 0x0000, 0x0000, 
	0x0000, 0x0000, 0x0000, 0x0000, 0x0000, 0x0000, 0x0000, 0x0000, 0x0000, 
	0x0000, 0x0000, 0x0000, 0x0000, 0x0000, 0x0000, 0x0000, 0x0000, 0x0000, 
	0x0000, 0x0000, 0x0000, 0x0000, 0x0000, 0x0000, 0x0000, 0x0000, 0x0000, 
	0x0000, 0x0000, 0x0000, 0x0000, 0x0000, 0x0000, 0x0000, 0x0000, 0x0000, 
	0x0000, 0x0000, 0x0000, 0x0000, 0x0000, 0x0000, 0x0000, 0x0000, 0x0000, 
	0x0000, 0xFFFF, 0x3C70, 0x3D60, 0x3F9E, 0x424A, 0x4488, 0x4579, 0x454F, 
	0x44D5, 0x440F, 0x4300, 0x41AE, 0x401D, 0x3E50, 0x3C4C, 0x3A15, 0x37B0, 
	0x3520, 0x326A, 0x2F92, 0x2C9D, 0x298D, 0x2669, 0x2333, 0x1FF1, 0x1CA6, 
	0x1956, 0x1607, 0x12BB, 0x0F78, 0x0C4B, 0x0967, 0x070B, 0x0574, 0x04DE, 
	0x0504, 0x0571, 0x0620, 0x070C, 0x0831, 0x098A, 0x0B10, 0x0CBF, 0x0E93, 
	0x1086, 0x1293, 0x14B4, 0x16E6, 0x1922, 0x1B64, 0x1DA7, 0x1FE6, 0x221C, 
	0x2447, 0x2665, 0x2875, 0x2A74, 0x2C62, 0x2E3C, 0x3001, 0x31AF, 0x3345, 
	0x34C0, 0x361F, 0x3760, 0x3882, 0x3982, 0x3A60, 0x3B1A, 0x3BAD, 0x3C18, 
	0x3C5A, 0x3C70, 0x0000, 0xFFFF, 0xFFFF, 0xFFFF, 0x0000, 0xFFFF, 0xFFFF, 
	0xFFFF, 0x0000, 0x0000, 0xFFFF, 0x0000, 0xFFFF, 0x0000, 0xFFFF, 0x0000, 
	0x0000, 0xFFFF, 0xFFFF, 0x0000, 0xFFFF, 0x0000, 0xFFFF, 0xFFFF, 0xFFFF, 
	0x0000, 0xFFFF, 0xFFFF, 0xFFFF, 0x0000, 0xFFFF, 0x0000, 0x0000, 0xFFFF, 
	0x0000, 0xFFFF, 0xFFFF, 0xFFFF, 0xFFFF, 0xFFFF, 0x0000, 0x0000, 0xFFFF, 
	0xFFFF, 0xFFFF, 0xFFFF, 0xFFFF, 0xFFFF, 0xFFFF, 0x0000, 0x0000, 0x0000, 
	0x0000, 0x0000, 0x0000, 0xFFFF, 0x0000, 0xFFFF, 0xFFFF, 0x0000, 0xFFFF, 
	0x0000, 0x0000, 0xFFFF, 0xFFFF, 0xFFFF, 0x0000, 0xFFFF, 0x0000, 0x0000, 
	0xFFFF, 0x0000, 0x0000, 0x0000, 0xFFFF, 0x0000, 0x0000, 0xFFFF, 0xFFFF, 
	0x0000, 0x0000, 0xFFFF, 0x0000, 0xFFFF, 0x0000, 0x0000, 0xFFFF, 0x0000, 
	0xFFFF, 0x0000, 0x0000, 0x0000, 0xFFFF, 0xFFFF, 0xFFFF, 0xFFFF, 0xFFFF, 
	0xFFFF, 0x0000, 0x0000, 0x0000, 0x0000, 0x0000, 0x0000, 0x0000, 0xFFFF, 
	0xFFFF, 0x0000, 0xFFFF, 0x0000, 0xFFFF, 0xFFFF, 0x0000, 0xFFFF, 0xFFFF, 
	0xFFFF, 0x0000, 0x0000, 0x0000, 0x0000, 0x0000, 0x0000, 0x0000, 0xFFFF, 
	0xFFFF, 0x0000, 0xFFFF, 0xFFFF, 0xFFFF, 0xFFFF, 0xFFFF, 0x0000, 0x0000, 
	0xFFFF, 0x0000, 0xFFFF, 0xFFFF, 0xFFFF, 0xFFFF, 0xFFFF, 0xFFFF, 0x0000, 
	0xFFFF, 0x0000, 0xD749, 0xD6C5, 0xD560, 0xD35A, 0xD0F0, 0xCE60, 0xCBE8, 
	0xC9C5, 0xC836, 0xC709, 0xC5E6, 0xC4CF, 0xC3C6, 0xC2CE, 0xC1E9, 0xC119, 
	0xC060, 0xBFC0, 0xBF3C, 0xBED7, 0xBE91, 0xBE6F, 0xBE8E, 0xBF01, 0xBFB7, 
	0xC09E, 0xC1A5, 0xC2BA, 0xC3CC, 0xC4C9, 0xC5A1, 0xC641, 0xC698, 0xC695, 
	0xC621, 0xC540, 0xC40B, 0xC296, 0xC0F9, 0xBF4B, 0xBDA3, 0xBC17, 0xBABE, 
	0xB9B0, 0xB901, 0xB8CB, 0xB923, 0xBA29, 0xBBD8, 0xBE13, 0xC0BB, 0xC3B1, 
	0xC6D6, 0xCA0C, 0xCD33, 0xD02E, 0xD2DE, 0xD524, 0xD6E1, 0xD833, 0xD951, 
	0xDA3F, 0xDB01, 0xDB9B, 0xDC12, 0xDC6C, 0xDCAB, 0xDCD4, 0xDCED, 0xDCF9, 
	0xDCFD, 0xFFFF, 0xFFFF, 0x0000, 0x0000, 0xFFFF, 0xFFFF, 0x0000, 0x0000, 
	0xFFFF, 0x0000, 0xFFFF, 0x0000, 0xFFFF, 0x0000, 0xFFFF, 0xFFFF, 0xFFFF, 
	0xFFFF, 0xFFFF, 0xFFFF, 0x0000, 0xFFFF, 0xFFFF, 0xFFFF, 0x0000, 0x0000, 
	0xFFFF, 0x0000, 0x0000, 0x0000, 0x0000, 0xFFFF, 0x0000, 0x0000, 0xFFFF, 
	0xFFFF, 0xFFFF, 0xFFFF, 0xFFFF, 0x0000, 0xFFFF, 0xFFFF, 0x0000, 0x0000, 
	0xFFFF, 0xFFFF, 0xFFFF, 0xFFFF, 0xFFFF, 0xFFFF, 0x0000, 0xFFFF, 0x0000, 
	0xFFFF, 0xFFFF, 0xFFFF, 0xFFFF, 0x0000, 0xFFFF, 0x0000, 0xFFFF, 0xFFFF, 
	0xFFFF, 0xFFFF, 0xFFFF, 0x0000, 0xFFFF, 0xFFFF, 0x0000, 0xFFFF, 0x0000, 
	0x0000, 0x0000, 0x0000, 0xFFFF, 0xFFFF, 0xFFFF, 0x0000, 0xFFFF, 0xFFFF, 
	0x0000, 0x0000, 0x0000, 0xFFFF, 0x0000, 0xFFFF, 0xFFFF, 0x0000, 0x0000, 
	0xFFFF, 0xFFFF, 0x0000, 0x0000, 0x0000, 0x0000, 0x0000, 0x0000, 0x0000, 
	0x0000, 0xFFFF, 0x0000, 0x0000, 0xFFFF, 0x0000, 0x0000, 0x0000, 0x0000, 
	0x0000, 0xFFFF, 0x0000, 0x0000, 0x0000, 0x0000, 0x0000, 0x0000, 0xFFFF, 
	0xFFFF, 0xFFFF, 0xFFFF, 0xFFFF, 0xFFFF, 0x0000, 0xFFFF, 0xFFFF, 0x0000, 
	0xFFFF, 0x0000, 0xFFFF, 0xFFFF, 0xFFFF, 0x0000, 0x0000, 0xFFFF, 0x0000, 
	0xFFFF, 0x0000, 0x0000, 0xFFFF, 0xFFFF, 0xFFFF, 0x0000, 0xBF5E, 0x0068, 
	0x0068, 0x0069, 0x006A, 0x006B, 0x006D, 0x006F, 0x0071, 0x0074, 0x0077, 
	0x0079, 0x007D, 0x0080, 0x0083, 0x0086, 0x008A, 0x008D, 0x0090, 0x0094, 
	0x0097, 0x009A, 0x009C, 0x009F, 0x00A1, 0x00A3, 0x00A5, 0x00A6, 0x00A8, 
	0x00A8, 0x00A8, 0x00A8, 0x00A8, 0x00A7, 0x00A7, 0x00A6, 0x00A5, 0x00A4, 
	0x00A2, 0x00A1, 0x009F, 0x009D, 0x009C, 0x009A, 0x0098, 0x0096, 0x0093, 
	0x0091, 0x008F, 0x008D, 0x008A, 0x0088, 0x0086, 0x0084, 0x0081, 0x007F, 
	0x007D, 0x007B, 0x0079, 0x0077, 0x0075, 0x0073, 0x0071, 0x0070, 0x006E, 
	0x006D, 0x006C, 0x006A, 0x006A, 0x0069, 0x0068, 0xFFF7, 0xFFF7, 0xFFF5, 
	0xFFF2, 0xFFEE, 0xFFE9, 0xFFE4, 0xFFDD, 0xFFD6, 0xFFCF, 0xFFC7, 0xFFBE, 
	0xFFB5, 0xFFAC, 0xFFA3, 0xFF9A, 0xFF91, 0xFF88, 0xFF7F, 0xFF77, 0xFF6F, 
	0xFF67, 0xFF60, 0xFF5A, 0xFF54, 0xFF4F, 0xFF4C, 0xFF49, 0xFF47, 0xFF46, 
	0xFF47, 0xFF47, 0xFF49, 0xFF4B, 0xFF4D, 0xFF50, 0xFF54, 0xFF58, 0xFF5C, 
	0xFF60, 0xFF65, 0xFF6A, 0xFF70, 0xFF75, 0xFF7B, 0xFF81, 0xFF87, 0xFF8E, 
	0xFF94, 0xFF9B, 0xFFA1, 0xFFA8, 0xFFAE, 0xFFB4, 0xFFBB, 0xFFC1, 0xFFC7, 
	0xFFCD, 0xFFD3, 0xFFD8, 0xFFDD, 0xFFE2, 0xFFE7, 0xFFEB, 0xFFEF, 0xFFF2, 
	0xFFF5, 0xFFF7, 0xFFF9, 0xFFFB, 0xFFFC, 0x8E65, 0x8EAA, 0x8F73, 0x90B7, 
	0x926A, 0x9485, 0x96FC, 0x99C6, 0x9CD9, 0xA02C, 0xA3B5, 0xA76A, 0xAB41, 
	0xAF30, 0xB32E, 0xB731, 0xBB2F, 0xBF1E, 0xC2F5, 0xC6AA, 0xCA33, 0xCD86, 
	0xD099, 0xD363, 0xD5DA, 0xD7F5, 0xD9A8, 0xDAEC, 0xDBB5, 0xDBFA, 0xDBD8, 
	0xDB74, 0xDAD1, 0xD9F4, 0xD8DE, 0xD793, 0xD617, 0xD46D, 0xD297, 0xD09B, 
	0xCE7A, 0xCC38, 0xC9D9, 0xC75F, 0xC4CE, 0xC229, 0xBF74, 0xBCB1, 0xB9E5, 
	0xB712, 0xB43C, 0xB166, 0xAE93, 0xABC7, 0xA904, 0xA64F, 0xA3AB, 0xA11A, 
	0x9EA0, 0x9C40, 0x99FE, 0x97DD, 0x95E1, 0x940C, 0x9262, 0x90E5, 0x8F9B, 
	0x8E85, 0x8DA7, 0x8D04, 0x8CA0, 0x8C7E, 0xFFFF, 0x0000, 0x0000, 0x0000, 
	0x0000, 0x0000, 0x0000, 0x0000, 0x0000, 0x0000, 0x0000, 0x0000, 0x0000, 
	0xFFFF, 0xFFFF, 0x0000, 0x0000, 0xFFFF, 0x0000, 0x0000, 0x0000, 0x0000, 
	0x0000, 0x0000, 0x0000, 0x0000, 0x0000, 0x0000, 0x0000, 0x0000, 0x0000, 
	0x0000, 0x0000, 0x0000, 0x0000, 0x0000, 0xFFFF, 0x0000, 0x0000, 0xFFFF, 
	0x0000, 0xFFFF, 0xFFFF, 0x0000, 0xFFFF, 0x0000, 0x0000, 0x0000, 0x0000, 
	0x0000, 0x0000, 0xFFFF, 0x0000, 0x0000, 0x0000, 0x0000, 0x0000, 0x0000, 
	0x0000, 0x0000, 0xFFFF, 0x0000, 0xFFFF, 0xFFFF, 0xFFFF, 0xFFFF, 0x0000, 
	0xFFFF, 0xFFFF, 0xFFFF, 0xFFFF, 0x0000, 0xFFFF, 0xFFFF, 0xFFFF, 0xFFFF, 
	0xFFFF, 0xFFFF, 0xFFFF, 0xFFFF, 0xFFFF, 0xFFFF, 0xFFFF, 0xFFFF, 0xFFFF, 
	0xFFFF, 0xFFFF, 0xFFFF, 0xFFFF, 0xFFFF, 0xFFFF, 0xFFFF, 0xFFFF, 0xFFFF, 
	0xFFFF, 0xFFFF, 0xFFFF, 0xFFFF, 0xFFFF, 0xFFFF, 0xFFFF, 0xFFFF, 0xFFFF, 
	0xFFFF, 0xFFFF, 0xFFFF, 0xFFFF, 0xFFFF, 0xFFFF, 0xFFFF, 0xFFFF, 0xFFFF, 
	0xFFFF, 0xFFFF, 0xFFFF, 0xFFFF, 0xFFFF, 0xFFFF, 0xFFFF, 0xFFFF, 0xFFFF, 
	0xFFFF, 0xFFFF, 0xFFFF, 0xFFFF, 0xFFFF, 0xFFFF, 0xFFFF, 0xFFFF, 0xFFFF, 
	0xFFFF, 0xFFFF, 0x0000, 0x0000, 0x0000, 0x0000, 0x0000, 0x0000, 0x0000, 
	0x0000, 0x0000, 0x0000, 0x0000, 0xFFFF, 0x0DBE, 0x0DC8, 0x0DE5, 0x0E15, 
	0x0E57, 0x0EAA, 0x0F0D, 0x0F80, 0x1001, 0x1091, 0x112E, 0x11D7, 0x128D, 
	0x134D, 0x1418, 0x14EC, 0x15C9, 0x16AF, 0x179B, 0x188E, 0x1989, 0x1A96, 
	0x1BC0, 0x1D13, 0x1E9B, 0x2064, 0x227A, 0x24E8, 0x27BA, 0x2AFC, 0x2EBA, 
	0x32DD, 0x36C4, 0x39AB, 0x3ACE, 0x3ACE, 0x3ACC, 0x3AC6, 0x3ABB, 0x3AA9, 
	0x3A8E, 0x3A68, 0x3A36, 0x39F5, 0x39A4, 0x3942, 0x38CC, 0x3840, 0x379D, 
	0x36E2, 0x360B, 0x3518, 0x3407, 0x32D5, 0x3181, 0x300A, 0x2E6E, 0x2CAA, 
	0x2ABC, 0x28A5, 0x2660, 0x23DA, 0x2112, 0x1E23, 0x1B27, 0x183A, 0x1576, 
	0x12F7, 0x10D6, 0x0F30, 0x0E1F, 0x0DBE, 0xFFFF, 0xFFFF, 0x0000, 0xFFFF, 
	0xFFFF, 0x0000, 0xFFFF, 0x0000, 0x0000, 0xFFFF, 0x0000, 0x0000, 0x0000, 
	0x0000, 0xFFFF, 0xFFFF, 0xFFFF, 0x0000, 0xFFFF, 0x0000, 0xFFFF, 0xFFFF, 
	0xFFFF, 0x0000, 0x0000, 0xFFFF, 0xFFFF, 0xFFFF, 0x0000, 0x0000, 0x0000, 
	0x0000, 0x0000, 0xFFFF, 0x0000, 0xFFFF, 0x0000, 0x0000, 0xFFFF, 0x0000, 
	0xFFFF, 0xFFFF, 0xFFFF, 0xFFFF, 0xFFFF, 0x0000, 0x0000, 0x0000, 0x0000, 
	0xFFFF, 0x0000, 0xFFFF, 0x0000, 0x0000, 0xFFFF, 0x0000, 0xFFFF, 0xFFFF, 
	0x0000, 0x0000, 0x0000, 0xFFFF, 0x0000, 0x0000, 0xFFFF, 0x0000, 0xFFFF, 
	0x0000, 0x0000, 0xFFFF, 0xFFFF, 0x0000, 0xFFFF, 0x0000, 0x0000, 0xFFFF, 
	0xFFFF, 0x0000, 0x0000, 0xFFFF, 0x0000, 0x0000, 0xFFFF, 0xFFFF, 0x0000, 
	0x0000, 0xFFFF, 0x0000, 0x0000, 0x0000, 0x0000, 0x0000, 0x0000, 0x0000, 
	0x0000, 0x0000, 0xFFFF, 0x0000, 0xFFFF, 0x0000, 0xFFFF, 0x0000, 0xFFFF, 
	0xFFFF, 0xFFFF, 0xFFFF, 0xFFFF, 0x0000, 0x0000, 0x0000, 0xFFFF, 0x0000, 
	0x0000, 0x0000, 0x0000, 0x0000, 0xFFFF, 0xFFFF, 0xFFFF, 0x0000, 0xFFFF, 
	0xFFFF, 0xFFFF, 0x0000, 0xFFFF, 0xFFFF, 0xFFFF, 0x0000, 0x0000, 0xFFFF, 
	0xFFFF, 0xFFFF, 0xFFFF, 0xFFFF, 0xFFFF, 0xFFFF, 0xFFFF, 0xFFFF, 0x0000, 
	0x0000, 0xFFFF, 0x0000, 0xFFFF, 0x0000, 0xC352, 0xC360, 0xC388, 0xC3CA, 
	0xC427, 0xC49D, 0xC52C, 0xC5D4, 0xC695, 0xC76D, 0xC859, 0xC957, 0xCA62, 
	0xCB77, 0xCC94, 0xCDB4, 0xCED4, 0xCFF2, 0xD109, 0xD216, 0xD317, 0xD407, 
	0xD4E3, 0xD5AC, 0xD665, 0xD70F, 0xD7AF, 0xD846, 0xD8D8, 0xD966, 0xDA6D, 
	0xDBB6, 0xDC3B, 0xDAF4, 0xD825, 0xD4D5, 0xD120, 0xCD24, 0xC8FE, 0xC4CA, 
	0xC0A5, 0xBCAC, 0xB8FD, 0xB5B3, 0xB2ED, 0xB0C6, 0xAF5C, 0xAED0, 0xAF1A, 
	0xB017, 0xB1A3, 0xB39C, 0xB5DD, 0xB845, 0xBAAF, 0xBCF8, 0xBEFE, 0xC09D, 
	0xC1B1, 0xC25B, 0xC2D7, 0xC329, 0xC357, 0xC369, 0xC362, 0xC349, 0xC325, 
	0xC2F9, 0xC2CE, 0xC2A7, 0xC28C, 0xC282, 
	},{ 
	0x0001, 0x0000, 0x0048, 0x0001, 0x0001, 0x0049, 0x0001, 0x004A, 0x0001, 
	0x004B, 0x0001, 0x004C, 0x0001, 0x004D, 0x0001, 0x004E, 0x0048, 0x004F, 
	0x0048, 0x0097, 0x0047, 0x00DF, 0x0048, 0x0126, 0x0048, 0x016E, 0x0048, 
	0x01B6, 0x0048, 0x01FE, 0x0001, 0x0246, 0x0001, 0x0247, 0x0001, 0x0248, 
	0x0048, 0x0249, 0x0048, 0x0291, 0x0048, 0x02D9, 0x0021, 0x0321, 0x0048, 
	0x0342, 0x0048, 0x038A, 0x0001, 0x03D2, 0x0001, 0x03D3, 0x0001, 0x03D4, 
	0x0001, 0x03D5, 0x0001, 0x03D6, 0x0001, 0x03D7, 0x0048, 0x03D8, 0x0048, 
	0x0420, 0x0048, 0x0468, 0x0048, 0x04B0, 0x003B, 0x04F8, 0x0048, 0x0533, 
	0x0046, 0x057B, 0x0001, 0x05C1, 0x0001, 0x05C2, 0x0046, 0x05C3, 0x0048, 
	0x0609, 0x0022, 0x0651, 0x0048, 0x0673, 0x0045, 0x06BB, 0x0048, 0x0700, 
	0x0013, 0x0748, 0x0048, 0x075B, 0x0048, 0x07A3, 0x0048, 0x07EB, 0x0048, 
	0x0833, 0x0047, 0x087B, 0x0047, 0x08C2, 0x0046, 0x0909, 0x0001, 0x094F, 
	0x0046, 0x0950, 0x0047, 0x0996, 0x0048, 0x09DD, 0x0048, 0x0A25, 0x0048, 
	0x0A6D, 0x0048, 0x0AB5, 0x0048, 0x0AFD, 0x0048, 0x0B45, 0x0048, 0x0B8D, 
});
smlua_anim_util_register_animation('JSYP_CHOP',1, 0, 0, 0, 40, { 
	0x0000, 0x00AA, 0x0000, 0x0000, 0x3FFF, 0x0000, 0x144C, 0x1449, 0x1437, 
	0x1406, 0x13A5, 0x1306, 0x1219, 0x10CD, 0x0D55, 0x07A7, 0x0258, 0x0000, 
	0x0000, 0x0000, 0x0000, 0x0000, 0x0000, 0x0000, 0x0000, 0x0000, 0x0000, 
	0x0000, 0x0000, 0x0000, 0x0000, 0x0000, 0x0000, 0x0000, 0x0000, 0x0000, 
	0x0000, 0x0000, 0x0000, 0x0000, 0x0000, 0x0000, 0x0000, 0x0000, 0x0000, 
	0x0000, 0xFFFF, 0xFFB2, 0xFFB2, 0xFFB2, 0xFFB3, 0xFFB4, 0xFFB7, 0xFFBA, 
	0xFFBE, 0xFFCC, 0xFFE1, 0xFFF6, 0xFFFF, 0xFFFF, 0xFFFF, 0xFFFF, 0xFFFF, 
	0xFFFF, 0xFFFF, 0xFFFF, 0xFFFF, 0xFFFF, 0xFFFF, 0xFFFF, 0xFFFF, 0xFFFF, 
	0x0000, 0xFFFF, 0xFFFF, 0xFFFF, 0xFFFF, 0xFFFF, 0xFFFF, 0xFFFF, 0xFFFF, 
	0x0000, 0x408D, 0x408E, 0x408E, 0x4090, 0x4091, 0x4092, 0x4093, 0x4093, 
	0x407C, 0x404A, 0x4017, 0x4000, 0x4000, 0x4000, 0x4000, 0x4000, 0x4000, 
	0x4000, 0x4000, 0x4000, 0x4000, 0x4000, 0x4000, 0x4000, 0x4000, 0x4002, 
	0x4007, 0x400F, 0x4019, 0x4025, 0x4033, 0x4041, 0x4050, 0x405F, 0x406E, 
	0x407B, 0x4088, 0x4092, 0x409A, 0x409F, 0x40A1, 0xEFC4, 0xF17A, 0xF5E3, 
	0xFBEA, 0x027C, 0x0883, 0x0CEC, 0x0EA2, 0x0CC7, 0x0821, 0x0211, 0xFBF5, 
	0xF731, 0xF522, 0xF4E9, 0xF4BB, 0xF495, 0xF478, 0xF462, 0xF453, 0xF448, 
	0xF442, 0xF43F, 0xF43D, 0xF43D, 0xF47B, 0xF52A, 0xF639, 0xF799, 0xF939, 
	0xFB0A, 0xFCFB, 0xFEFC, 0x00FE, 0x02EF, 0x04BF, 0x065F, 0x07BF, 0x08CF, 
	0x097D, 0x09BB, 0x00D0, 0x00B4, 0x0069, 0x0004, 0xFF94, 0xFF2E, 0xFEE4, 
	0xFEC7, 0xFED1, 0xFEEB, 0xFF0F, 0xFF36, 0xFF5B, 0xFF77, 0xFF8B, 0xFF99, 
	0xFFA4, 0xFFAB, 0xFFB0, 0xFFB3, 0xFFB5, 0xFFB8, 0xFFBB, 0xFFC0, 0xFFC8, 
	0xFFD3, 0xFFE1, 0xFFF1, 0x0005, 0x0018, 0x002D, 0x0042, 0x0056, 0x006B, 
	0x007E, 0x008F, 0x009F, 0x00AC, 0x00B6, 0x00BC, 0x00BE, 0xFF49, 0xFF8B, 
	0x0038, 0x0122, 0x0221, 0x030C, 0x03B7, 0x03F9, 0x039E, 0x02B4, 0x017A, 
	0x0030, 0xFF13, 0xFE64, 0xFE09, 0xFDBE, 0xFD82, 0xFD53, 0xFD30, 0xFD17, 
	0xFD06, 0xFCFC, 0xFCF7, 0xFCF5, 0xFCF5, 0xFCFD, 0xFD13, 0xFD36, 0xFD64, 
	0xFD9A, 0xFDD6, 0xFE16, 0xFE59, 0xFE9B, 0xFEDC, 0xFF18, 0xFF4E, 0xFF7B, 
	0xFF9E, 0xFFB5, 0xFFBD, 0xFB50, 0xF9E3, 0xF636, 0xF130, 0xEBB6, 0xE6AF, 
	0xE302, 0xE195, 0xE6DF, 0xF2A3, 0xFEBB, 0x0501, 0x0637, 0x073D, 0x0818, 
	0x08CB, 0x095A, 0x09CA, 0x0A1E, 0x0A5A, 0x0A82, 0x0A9B, 0x0AA7, 0x0AAC, 
	0x0AAD, 0x0A76, 0x09DA, 0x08E9, 0x07AF, 0x063D, 0x049F, 0x02E5, 0x011C, 
	0xFF52, 0xFD98, 0xFBFA, 0xFA87, 0xF94E, 0xF85C, 0xF7C1, 0xF78A, 0xFFC5, 
	0x0080, 0x0260, 0x04F0, 0x07BA, 0x0A4A, 0x0C2A, 0x0CE4, 0x0AE5, 0x0673, 
	0x01E0, 0xFF7B, 0xFEFF, 0xFE96, 0xFE3E, 0xFDF6, 0xFDBD, 0xFD90, 0xFD6E, 
	0xFD56, 0xFD46, 0xFD3C, 0xFD37, 0xFD35, 0xFD35, 0xFD49, 0xFD82, 0xFDDA, 
	0xFE4C, 0xFED3, 0xFF6A, 0x000C, 0x00B2, 0x0159, 0x01FA, 0x0291, 0x0318, 
	0x038A, 0x03E2, 0x041B, 0x042F, 0x0FCA, 0x0FED, 0x1048, 0x10C5, 0x114D, 
	0x11CA, 0x1225, 0x1248, 0x1106, 0x0E40, 0x0B7A, 0x0A37, 0x0A37, 0x0A3A, 
	0x0A40, 0x0A4C, 0x0A61, 0x0A80, 0x0AAA, 0x0AE3, 0x0B2C, 0x0B88, 0x0BF7, 
	0x0C7D, 0x0D1B, 0x0DD8, 0x0EB8, 0x0FB3, 0x10C3, 0x11E1, 0x1308, 0x1431, 
	0x1556, 0x1670, 0x1779, 0x186B, 0x193F, 0x19EF, 0x1A74, 0x1AC9, 0x1AE7, 
	0x0000, 0x0000, 0x0000, 0x0000, 0x0000, 0x0000, 0x0000, 0x0000, 0x0000, 
	0x0000, 0x0000, 0x0000, 0x0000, 0x0000, 0x0000, 0x0000, 0x0000, 0x0000, 
	0x0000, 0x0000, 0x0000, 0x0000, 0x0000, 0x0000, 0x0000, 0xFFFF, 0xFFFF, 
	0xFFFF, 0xFFFF, 0xFFFF, 0xFFFF, 0xFFFF, 0xFFFF, 0xFFFE, 0xFFFF, 0xFFFF, 
	0xFFFF, 0xFFFF, 0xFFFF, 0xFFFF, 0xFFFF, 0xFFFF, 0xFFFF, 0xFFFF, 0xFFFF, 
	0xFFFF, 0xFFFF, 0xFFFF, 0xFFFF, 0xFFFF, 0xFFFF, 0xFFFF, 0xFFFF, 0xFFFF, 
	0xFFFF, 0xFFFF, 0xFFFF, 0xFFFF, 0xFFFF, 0x0000, 0x0000, 0x0000, 0x0000, 
	0x0000, 0x0000, 0x0000, 0x0000, 0x0001, 0xBFFF, 0xBFFF, 0xBFFF, 0xBFFF, 
	0xBFFF, 0xBFFF, 0xBFFF, 0xBFFF, 0xBFFF, 0xBFFF, 0xBFFF, 0xBFFF, 0xBFFF, 
	0xBFFF, 0xBFFF, 0xBFFF, 0xBFFF, 0xBFFF, 0xBFFF, 0xBFFF, 0xBFFF, 0xBFFF, 
	0xBFFF, 0xBFFF, 0xBFFF, 0xC003, 0xC00F, 0xC021, 0xC039, 0xC055, 0xC074, 
	0xC095, 0xC0B8, 0xC0DA, 0xC0FB, 0xC11B, 0xC137, 0xC14E, 0xC160, 0xC16C, 
	0xC170, 0xC491, 0xC47E, 0xC3F7, 0xC289, 0xBFBF, 0xBB27, 0x344D, 0x2ABC, 
	0x1D72, 0x0D44, 0xFC82, 0xED7F, 0xE28A, 0xDDF4, 0xDD68, 0xDCFE, 0xDCB2, 
	0xDC7F, 0xDC60, 0xDC50, 0xDC4A, 0xDC4A, 0xDCF0, 0xDECB, 0xE1B7, 0xE58F, 
	0xEA2E, 0xEF71, 0xF533, 0xFB50, 0x01A4, 0x0809, 0x0E5D, 0x147A, 0x1A3C, 
	0x1F7E, 0xA41D, 0xA7F5, 0xAAE1, 0xACBC, 0xAD62, 0x9C9C, 0x9D57, 0x9F39, 
	0xA1CD, 0xA49B, 0xA72E, 0xD6EE, 0xD633, 0xD717, 0xD959, 0xDC5F, 0xDF8D, 
	0xE246, 0xE3F0, 0xE4C2, 0xE560, 0xE5D1, 0xE61D, 0xE64B, 0xE662, 0xE66B, 
	0xE66C, 0xE634, 0xE593, 0xE495, 0xE348, 0xE1B7, 0xDFEF, 0xDDFB, 0xDBE9, 
	0xD9C5, 0xD79A, 0xD575, 0xD363, 0xD170, 0xCFA7, 0xB1E8, 0xB336, 0xB433, 
	0xB4D4, 0xB50C, 0x19B2, 0x19BD, 0x1A0B, 0x1AE0, 0x1C7D, 0x1F27, 0xA320, 
	0xA8AC, 0xB371, 0xC486, 0xD84E, 0xEB30, 0xF992, 0xFFD8, 0x00C0, 0x016C, 
	0x01E8, 0x023B, 0x026E, 0x0288, 0x0291, 0x0293, 0x0191, 0xFEB2, 0xFA2F, 
	0xF440, 0xED1B, 0xE4FB, 0xDC15, 0xD2A4, 0xC8DE, 0xBEFD, 0xB537, 0xABC6, 
	0xA2E0, 0x9AC0, 0x139C, 0x0DAC, 0x0929, 0x064B, 0x054A, 0x0000, 0x0000, 
	0x0000, 0x0000, 0xFFFF, 0x0000, 0x0000, 0xFFFF, 0xFFFF, 0x0000, 0xFFFF, 
	0x0000, 0xFFFF, 0x0000, 0xFFFF, 0x0000, 0x0000, 0x0000, 0x0000, 0x0000, 
	0x0000, 0x0000, 0x0000, 0x0000, 0x0000, 0x0000, 0x0000, 0x0000, 0x0000, 
	0xFFFF, 0x0000, 0xFFFF, 0x0000, 0x0000, 0x0000, 0x0000, 0x0000, 0x0000, 
	0x0000, 0x0000, 0xFFFF, 0xFFFF, 0xFFFF, 0xFFFF, 0xFFFF, 0xFFFF, 0xFFFF, 
	0xFFFF, 0xFFFF, 0xFFFF, 0xFFFF, 0xFFFF, 0xFFFF, 0x0000, 0x0000, 0x0000, 
	0x0000, 0x0000, 0x0000, 0x0000, 0x0000, 0x0000, 0x0000, 0x0000, 0x0000, 
	0x0000, 0x0000, 0x0000, 0x0000, 0x0000, 0x0000, 0x0000, 0x0000, 0x0000, 
	0x0000, 0x0000, 0x0000, 0x0000, 0x0000, 0x0000, 0x0000, 0xFFFF, 0xBADA, 
	0xBA7C, 0xB989, 0xB83C, 0xB6D2, 0xB585, 0xB492, 0xB433, 0xB741, 0xBEF6, 
	0xC921, 0xD392, 0xDC1B, 0xE08A, 0xE20C, 0xE348, 0xE445, 0xE50B, 0xE59F, 
	0xE609, 0xE650, 0xE67B, 0xE692, 0xE69A, 0xE69B, 0xE67B, 0xE620, 0xE593, 
	0xE4DB, 0xE403, 0xE311, 0xE20E, 0xE103, 0xDFF8, 0xDEF5, 0xDE03, 0xDD2B, 
	0xDC73, 0xDBE6, 0xDB8B, 0xDB6B, 0x0000, 0xFFFF, 0x0000, 0xFFFF, 0xFFFF, 
	0xFFFF, 0xFFFF, 0xFFFF, 0x0000, 0x0000, 0x0000, 0xFFFF, 0xFFFF, 0xFFFF, 
	0xFFFF, 0xFFFF, 0xFFFF, 0xFFFF, 0xFFFF, 0xFFFF, 0xFFFF, 0xFFFF, 0x0000, 
	0xFFFF, 0xFFFF, 0xFFFF, 0xFFFF, 0x0000, 0x0000, 0xFFFF, 0x0000, 0xFFFF, 
	0xFFFF, 0x0000, 0xFFFF, 0xFFFF, 0xFFFF, 0xFFFF, 0xFFFF, 0xFFFF, 0x0000, 
	0xF97B, 0xED8B, 0x0000, 0x0000, 0x0000, 0x0000, 0x0000, 0x0000, 0x0000, 
	0x0000, 0x0000, 0x0000, 0x0000, 0x0000, 0x0000, 0x0000, 0x0000, 0x0000, 
	0x0000, 0x0000, 0x0000, 0x0000, 0x0000, 0x0000, 0x0000, 0x0000, 0x0000, 
	0xFFFF, 0xFFFF, 0xFFFF, 0xFFFF, 0xFFFF, 0xFFFF, 0xFFFF, 0xFFFF, 0xFFFE, 
	0xFFFF, 0xFFFF, 0xFFFF, 0xFFFF, 0xFFFF, 0xFFFF, 0xFFFF, 0xFFFF, 0xFFFF, 
	0xFFFF, 0xFFFF, 0xFFFF, 0xFFFF, 0xFFFF, 0xFFFF, 0xFFFF, 0xFFFF, 0xFFFF, 
	0xFFFF, 0xFFFF, 0xFFFF, 0xFFFF, 0xFFFF, 0xFFFF, 0xFFFF, 0x0000, 0x0000, 
	0x0000, 0x0000, 0x0000, 0x0000, 0x0000, 0x0000, 0x0001, 0xBFFF, 0xBFFF, 
	0xBFFF, 0xBFFF, 0xBFFF, 0xBFFF, 0xBFFF, 0xBFFF, 0xBFFF, 0xBFFF, 0xBFFF, 
	0xBFFF, 0xBFFF, 0xBFFF, 0xBFFF, 0xBFFF, 0xBFFF, 0xBFFF, 0xBFFF, 0xBFFF, 
	0xBFFF, 0xBFFF, 0xBFFF, 0xBFFF, 0xBFFF, 0xC003, 0xC00F, 0xC021, 0xC039, 
	0xC055, 0xC074, 0xC095, 0xC0B8, 0xC0DA, 0xC0FB, 0xC11B, 0xC137, 0xC14E, 
	0xC160, 0xC16C, 0xC170, 0xD182, 0xD167, 0xD124, 0xD0C8, 0xD064, 0xD008, 
	0xCFC5, 0xCFAB, 0xD4BC, 0xEB94, 0x1605, 0x2F50, 0x306C, 0x3141, 0x31DA, 
	0x3240, 0x327E, 0x329E, 0x32AA, 0x32AB, 0x32A9, 0x3296, 0x3263, 0x31FF, 
	0x315C, 0x2F57, 0x2B15, 0x24E9, 0x1D26, 0x1421, 0x0A2D, 0xFF9D, 0xF4C7, 
	0xE9FE, 0x5F95, 0x55E0, 0x4D33, 0x45E2, 0x4040, 0x3CA1, 0x3B5A, 0x1ACF, 
	0x1A72, 0x1984, 0x183D, 0x16DA, 0x1593, 0x14A5, 0x1448, 0x1CE7, 0x2585, 
	0x20A7, 0x18D8, 0x13AA, 0x0FC6, 0x0CFC, 0x0B1D, 0x09FB, 0x0966, 0x092F, 
	0x0927, 0x09B8, 0x0B42, 0x0D85, 0x1041, 0x1337, 0x1630, 0x191F, 0x1BFD, 
	0x1EC5, 0x2173, 0x2401, 0x2669, 0x28A7, 0x2AB5, 0x5372, 0x51D3, 0x5074, 
	0x4F5A, 0x4E8A, 0x4E0A, 0x4DDE, 0x8FAB, 0x8F7B, 0x8F00, 0x8E59, 0x8DA2, 
	0x8CFA, 0x8C7F, 0x8C50, 0x8FBB, 0xA5A1, 0xD385, 0xEF0D, 0xEF45, 0xEF70, 
	0xEF8E, 0xEFA2, 0xEFAF, 0xEFB5, 0xEFB7, 0xEFB8, 0xEFB0, 0xEF79, 0xEEE5, 
	0xEDC4, 0xEBE8, 0xE816, 0xE17D, 0xD887, 0xCD9F, 0xC12F, 0xB3A4, 0xA567, 
	0x96E3, 0x8885, 0xFAB5, 0xEDE0, 0xE271, 0xD8D2, 0xD16F, 0xCCB1, 0xCB05, 
	0x0000, 0x0000, 0x0000, 0x0000, 0x0000, 0x0000, 0x0000, 0x0000, 0x0000, 
	0x0000, 0x0000, 0x0000, 0x0000, 0x0000, 0x0000, 0x0000, 0x0000, 0x0000, 
	0x0000, 0x0000, 0x0000, 0x0000, 0x0000, 0x0000, 0x0000, 0x0000, 0x0000, 
	0x0000, 0x0000, 0x0000, 0x0000, 0x0000, 0x0000, 0x0000, 0x0000, 0x0000, 
	0x0000, 0x0000, 0x0000, 0x0000, 0xFFFF, 0xFFFF, 0xFFFF, 0xFFFF, 0xFFFF, 
	0xFFFF, 0xFFFF, 0xFFFF, 0xFFFF, 0xFFFF, 0xFFFF, 0xFFFF, 0xFFFF, 0xFFFF, 
	0xFFFF, 0xFFFF, 0xFFFF, 0xFFFF, 0xFFFF, 0xFFFF, 0xFFFF, 0xFFFF, 0xFFFF, 
	0xFFFF, 0xFFFF, 0xFFFF, 0xFFFF, 0xFFFF, 0xFFFF, 0xFFFF, 0xFFFF, 0xFFFF, 
	0xFFFF, 0xFFFF, 0xFFFF, 0xFFFF, 0xFFFF, 0xFFFF, 0x0000, 0xFFFF, 0xDB32, 
	0xDA8B, 0xD8DD, 0xD690, 0xD40F, 0xD1C2, 0xD013, 0xCF6C, 0xD67A, 0xE610, 
	0xF5D4, 0xFD6D, 0xFE10, 0xFE8B, 0xFEE3, 0xFF1E, 0xFF42, 0xFF55, 0xFF5B, 
	0xFF5C, 0xFE7C, 0xFC58, 0xF9AE, 0xF738, 0xF5B3, 0xF4F2, 0xF449, 0xF3B7, 
	0xF33A, 0xF2CF, 0xF277, 0xF22E, 0xF1F4, 0xF1C7, 0xF1A5, 0xF18D, 0xF17C, 
	0xF172, 0xF16D, 0xF16B, 0xC393, 0xC388, 0xC36E, 0xC34A, 0xC323, 0xC300, 
	0xC2E5, 0xC2DB, 0xC2DD, 0xC2E1, 0xC2E7, 0xC2EF, 0xC2F7, 0xC301, 0xC30A, 
	0xC313, 0xC31A, 0xC320, 0xC324, 0xC326, 0xC326, 0xC326, 0xC326, 0xC326, 
	0xC326, 0xC3D5, 0xC5C3, 0xC8C3, 0xCCA8, 0xD143, 0xD667, 0xDBE6, 0xE192, 
	0xE73F, 0xECBE, 0xF1E2, 0xF67D, 0xFA61, 0xFD62, 0xFF50, 0x0000, 0xFDDE, 
	0xFDD1, 0xFDB1, 0xFD85, 0xFD55, 0xFD29, 0xFD09, 0xFCFD, 0xFCFE, 0xFD02, 
	0xFD08, 0xFD10, 0xFD19, 0xFD22, 0xFD2B, 0xFD34, 0xFD3B, 0xFD41, 0xFD45, 
	0xFD47, 0xFD47, 0xFD47, 0xFD47, 0xFD47, 0xFD47, 0xFDBF, 0xFF12, 0x0121, 
	0x03CC, 0x06F4, 0x0A7A, 0x0E3E, 0x1222, 0x1606, 0x19CA, 0x1D50, 0x2078, 
	0x2323, 0x2531, 0x2684, 0x26FC, 0xC04E, 0xC0C1, 0xC1E8, 0xC37C, 0xC534, 
	0xC6C8, 0xC7F0, 0xC862, 0xC85D, 0xC850, 0xC83C, 0xC823, 0xC806, 0xC7E7, 
	0xC7C9, 0xC7AC, 0xC793, 0xC77F, 0xC772, 0xC76D, 0xC76D, 0xC76D, 0xC76D, 
	0xC76D, 0xC76D, 0xC7F1, 0xC965, 0xCBA8, 0xCE97, 0xD20F, 0xD5EF, 0xDA14, 
	0xDE5A, 0xE2A1, 0xE6C6, 0xEAA5, 0xEE1E, 0xF10D, 0xF350, 0xF4C4, 0xF548, 
	0xFFFF, 0x0000, 0x0000, 0xFFFF, 0xFFFF, 0xFFFF, 0x0000, 0x0000, 0xFFFF, 
	0x0000, 0xFFFF, 0x0000, 0x0000, 0x0000, 0x0000, 0x0000, 0x0000, 0x0000, 
	0x0000, 0x0000, 0x0000, 0x0000, 0x0000, 0x0000, 0x0000, 0xFFFF, 0x0000, 
	0x0000, 0xFFFF, 0xFFFF, 0xFFFF, 0x0000, 0x0000, 0xFFFF, 0xFFFF, 0x0000, 
	0xFFFF, 0xFFFF, 0x0000, 0x0000, 0x0000, 0x0000, 0x0000, 0xFFFF, 0x0000, 
	0xFFFF, 0x0000, 0xFFFF, 0x0000, 0x0000, 0xFFFF, 0xFFFF, 0xFFFF, 0xFFFF, 
	0xFFFF, 0xFFFF, 0xFFFF, 0xFFFF, 0xFFFF, 0xFFFF, 0xFFFF, 0xFFFF, 0xFFFF, 
	0x0000, 0xBFFF, 0xBFFF, 0xBFFF, 0xBFFF, 0xBFFF, 0xBFFF, 0xBFFF, 0xBFFF, 
	0xBFFF, 0xBFFF, 0xBFFF, 0xBFFF, 0xBFFF, 0xBFFF, 0xBFFF, 0xBFFF, 0xBFFF, 
	0xBFFF, 0xBFFF, 0xBFFF, 0xBFFF, 0xBFFF, 0xBFFF, 0xBFFF, 0xBFFF, 0xBFFD, 
	0xBFF8, 0xBFF0, 0xBFE6, 0xBFDA, 0xBFCC, 0xBFBE, 0xBFAF, 0xBFA0, 0xBF91, 
	0xBF84, 0xBF77, 0xBF6D, 0xBF65, 0xBF60, 0xBF5E, 0xF5E4, 0xF5EE, 0xF610, 
	0xF654, 0xF6C1, 0xF75F, 0xF836, 0xF950, 0xFAAB, 0xFC25, 0xFD95, 0xFED0, 
	0xFFAC, 0xFFFF, 0xFFFF, 0xFFFF, 0xFFFF, 0xFFFF, 0xFFFF, 0xFFFF, 0xFFFF, 
	0xFFFF, 0xFFFF, 0xFFFF, 0xFFFF, 0x0000, 0x0001, 0x0001, 0x0002, 0x0003, 
	0x0005, 0x0006, 0x0007, 0x0009, 0x000A, 0x000C, 0x000D, 0x000E, 0x000E, 
	0x000F, 0x01CC, 0x01CC, 0x01CA, 0x01C5, 0x01BB, 0x01AB, 0x0193, 0x0171, 
	0x013B, 0x00EF, 0x009B, 0x004E, 0x0016, 0x0000, 0x0000, 0x0000, 0x0000, 
	0x0000, 0x0000, 0x0000, 0x0000, 0x0000, 0x0000, 0x0000, 0x0000, 0xFFC4, 
	0xFF1B, 0xFE16, 0xFCC4, 0xFB33, 0xF973, 0xF795, 0xF5A7, 0xF3B9, 0xF1DB, 
	0xF01B, 0xEE8B, 0xED38, 0xEC33, 0xEB8B, 0xEB4F, 0xAD07, 0xAC70, 0xAAD8, 
	0xA883, 0xA5B1, 0xA2A7, 0x9FA7, 0x9CF3, 0x9AC0, 0x9907, 0x97B3, 0x96AE, 
	0x95E2, 0x953B, 0x94A5, 0x9418, 0x938D, 0x92FD, 0x9262, 0x91B5, 0x90F1, 
	0x900D, 0x8F05, 0x8DD1, 0x8C6A, 0x8ACE, 0x8903, 0x8713, 0x8509, 0x82EE, 
	0x80CE, 0x7EB1, 0x7CA2, 0x7AAC, 0x78D7, 0x772F, 0x75BE, 0x748C, 0x73A6, 
	0x7314, 0x72E2, 0x0000, 0xFFFF, 0x0000, 0xFFFF, 0x0000, 0x0000, 0xFFFF, 
	0xFFFF, 0x0000, 0xFFFF, 0xFFFF, 0x0000, 0x0000, 0x0000, 0xFFFF, 0x0000, 
	0x0000, 0x0000, 0x0000, 0x0000, 0xFFFF, 0xFFFF, 0xFFFF, 0xFFFF, 0xFFFF, 
	0xFFFF, 0xFFFF, 0xFFFF, 0xFFFF, 0xFFFF, 0xFFFF, 0xFFFF, 0xFFFF, 0xFFFF, 
	0xFFFF, 0xFFFF, 0xFFFF, 0xFFFF, 0xFFFF, 0xFFFF, 0xFFFF, 0xFFFF, 0xFFFF, 
	0xFFFF, 0xFFFF, 0xFFFF, 0xFFFF, 0x0000, 0x2E00, 0x2E3D, 0x2EDB, 0x2FB3, 
	0x309F, 0x3177, 0x3215, 0x3252, 0x2E30, 0x23DB, 0x166C, 0x08FD, 0xFEA7, 
	0xFA85, 0xFAAA, 0xFB1D, 0xFBE1, 0xFCF9, 0xFE69, 0x0035, 0x025F, 0x04EB, 
	0x07DD, 0x0B38, 0x0F00, 0x1334, 0x17C2, 0x1C93, 0x2193, 0x26AC, 0x2BC6, 
	0x30CC, 0x35A8, 0x3A45, 0x3E8B, 0x4266, 0x45BE, 0x487F, 0x4A91, 0x4BDF, 
	0x4C54, 0xFFFF, 0xFFFF, 0xFFFF, 0xFFFF, 0xFFFF, 0xFFFF, 0xFFFF, 0xFFFF, 
	0xFFFF, 0xFFFF, 0xFFFF, 0xFFFF, 0xFFFF, 0xFFFF, 0xFFFF, 0xFFFF, 0xFFFF, 
	0xFFFF, 0xFFFF, 0xFFFF, 0xFFFF, 0xFFFF, 0xFFFF, 0xFFFF, 0xFFFF, 0xFFFF, 
	0xFFFF, 0xFFFF, 0xFFFF, 0xFFFF, 0xFFFF, 0xFFFF, 0xFFFF, 0xFFFF, 0xFFFF, 
	0xFFFF, 0xFFFF, 0xFFFF, 0xFFFF, 0xFFFF, 0x0000, 0x0000, 0xF00C, 0xF049, 
	0xF0E7, 0xF1BF, 0xF2AA, 0xF382, 0xF420, 0xF45D, 0xF232, 0xECC6, 0xE5B9, 
	0xDEAC, 0xD940, 0xD715, 0xD715, 0xD715, 0xD715, 0xD715, 0xD716, 0xD718, 
	0xD719, 0xD71C, 0xD71F, 0xD723, 0xD727, 0xD746, 0xD793, 0xD808, 0xD89F, 
	0xD94F, 0xDA14, 0xDAE6, 0xDBBE, 0xDC96, 0xDD66, 0xDE29, 0xDED8, 0xDF6C, 
	0xDFDD, 0xE026, 0xE040, 0xFFFF, 0x0000, 0x0000, 0xFFFF, 0xFFFF, 0xFFFF, 
	0x0000, 0x0000, 0xFFFF, 0x0000, 0xFFFF, 0x0000, 0x0000, 0x0000, 0x0000, 
	0x0000, 0x0000, 0x0000, 0x0000, 0x0000, 0x0000, 0x0000, 0x0000, 0x0000, 
	0x0000, 0xFFFF, 0x0000, 0x0000, 0xFFFF, 0xFFFF, 0xFFFF, 0x0000, 0x0000, 
	0xFFFF, 0xFFFF, 0x0000, 0xFFFF, 0xFFFF, 0x0000, 0x0000, 0x0000, 0x0000, 
	0x0000, 0xFFFF, 0x0000, 0xFFFF, 0x0000, 0xFFFF, 0x0000, 0x0000, 0xFFFF, 
	0xFFFF, 0xFFFF, 0xFFFF, 0xFFFF, 0xFFFF, 0xFFFF, 0xFFFF, 0xFFFF, 0xFFFF, 
	0xFFFF, 0xFFFF, 0xFFFF, 0x0000, 0xBFFF, 0xBFFF, 0xBFFF, 0xBFFF, 0xBFFF, 
	0xBFFF, 0xBFFF, 0xBFFF, 0xBFFF, 0xBFFF, 0xBFFF, 0xBFFF, 0xBFFF, 0xBFFF, 
	0xBFFF, 0xBFFF, 0xBFFF, 0xBFFF, 0xBFFF, 0xBFFF, 0xBFFF, 0xBFFF, 0xBFFF, 
	0xBFFF, 0xBFFF, 0xBFFD, 0xBFF8, 0xBFF0, 0xBFE6, 0xBFDA, 0xBFCC, 0xBFBE, 
	0xBFAF, 0xBFA0, 0xBF91, 0xBF84, 0xBF77, 0xBF6D, 0xBF65, 0xBF60, 0xBF5E, 
	0x0136, 0x0122, 0x00F0, 0x00AB, 0x005F, 0x001A, 0xFFE6, 0xFFD3, 0x0145, 
	0x04E1, 0x0993, 0x0E44, 0x11E0, 0x1352, 0x1348, 0x132F, 0x130E, 0x12EE, 
	0x12D4, 0x12CA, 0x12DF, 0x1310, 0x134A, 0x137A, 0x138F, 0x137D, 0x1349, 
	0x12F9, 0x1291, 0x1216, 0x118D, 0x10FA, 0x1063, 0x0FCB, 0x0F39, 0x0EB0, 
	0x0E35, 0x0DCD, 0x0D7D, 0x0D49, 0x0D37, 0x0EA9, 0x0EF0, 0x0FA6, 0x109F, 
	0x11AF, 0x12A8, 0x135F, 0x13A5, 0x1212, 0x0E16, 0x08CE, 0x0356, 0xFECA, 
	0xFC48, 0xFB56, 0xFAB5, 0xFA52, 0xFA20, 0xFA0D, 0xFA0B, 0xFA48, 0xFAEC, 
	0xFBD8, 0xFCEE, 0xFE0E, 0xFF20, 0x001F, 0x010A, 0x01E2, 0x02A7, 0x0359, 
	0x03FA, 0x0488, 0x0505, 0x0570, 0x05CA, 0x0613, 0x064B, 0x0673, 0x068B, 
	0x0693, 0x8A27, 0x89D8, 0x890C, 0x87F5, 0x86C6, 0x85AF, 0x84E3, 0x8494, 
	0x8991, 0x9622, 0xA6AC, 0xB795, 0xC543, 0xCC1B, 0xCDFC, 0xCF3F, 0xD002, 
	0xD067, 0xD08C, 0xD091, 0xD01B, 0xCEDE, 0xCD12, 0xCAEF, 0xC8AB, 0xC676, 
	0xC45A, 0xC259, 0xC074, 0xBEAD, 0xBD05, 0xBB7F, 0xBA1A, 0xB8DA, 0xB7C0, 
	0xB6CD, 0xB602, 0xB562, 0xB4ED, 0xB4A6, 0xB48E, 0xFFFF, 0xFFFF, 0xFFFF, 
	0xFFFF, 0xFFFF, 0xFFFF, 0xFFFF, 0xFFFF, 0xFFFF, 0xFFFF, 0xFFFF, 0xFFFF, 
	0xFFFF, 0xFFFF, 0xFFFF, 0xFFFF, 0xFFFF, 0x0000, 0xFFFF, 0xFFFF, 0xFFFF, 
	0xFFFF, 0x0000, 0x0000, 0xFFFF, 0xFFFF, 0xFFFF, 0x0000, 0x0000, 0x0000, 
	0x0000, 0xFFFF, 0x0000, 0x0000, 0x0000, 0x0000, 0x0000, 0x0000, 0xFFFF, 
	0x0000, 0x0000, 0x0000, 0x0000, 0x0000, 0xFFFF, 0xFFFF, 0x0000, 0x0000, 
	0xFFFF, 0x0000, 0xFFFF, 0x0000, 0xFFFF, 0x3610, 0x3636, 0x3699, 0x3721, 
	0x37B4, 0x383B, 0x389E, 0x38C5, 0x388F, 0x37F9, 0x3711, 0x35E6, 0x3487, 
	0x3303, 0x3168, 0x2FC6, 0x2E2B, 0x2CA7, 0x2B47, 0x2A1C, 0x2934, 0x289E, 
	0x2869, 0x2869, 0x2869, 0x2834, 0x27A0, 0x26B9, 0x258E, 0x242C, 0x22A1, 
	0x20FB, 0x1F46, 0x1D92, 0x1BEC, 0x1A61, 0x18FF, 0x17D4, 0x16ED, 0x1658, 
	0x1624, 0xFF4C, 0xFF4C, 0xFF4B, 0xFF49, 0xFF48, 0xFF47, 0xFF46, 0xFF45, 
	0xFF46, 0xFF48, 0xFF4B, 0xFF4E, 0xFF53, 0xFF58, 0xFF5D, 0xFF62, 0xFF67, 
	0xFF6C, 0xFF70, 0xFF74, 0xFF76, 0xFF78, 0xFF79, 0xFF79, 0xFF79, 0xFF79, 
	0xFF79, 0xFF7A, 0xFF7A, 0xFF7B, 0xFF7B, 0xFF7C, 0xFF7C, 0xFF7D, 0xFF7E, 
	0xFF7E, 0xFF7F, 0xFF7F, 0xFF80, 0xFF95, 0xFF95, 0xFF97, 0xFF99, 0xFF9C, 
	0xFF9E, 0xFFA0, 0xFFA1, 0xFFA0, 0xFF9E, 0xFF9A, 0xFF95, 0xFF90, 0xFF8A, 
	0xFF83, 0xFF7D, 0xFF77, 0xFF71, 0xFF6B, 0xFF66, 0xFF63, 0xFF61, 0xFF60, 
	0xFF60, 0xFF60, 0xFF60, 0xFF5F, 0xFF5F, 0xFF5F, 0xFF5E, 0xFF5E, 0xFF5D, 
	0xFF5D, 0xFF5C, 0xFF5C, 0xFF5B, 0xFF5B, 0xFF5B, 0xFF5A, 0xF429, 0xF450, 
	0xF4B3, 0xF53A, 0xF5CD, 0xF655, 0xF6B8, 0xF6DE, 0xF6A9, 0xF613, 0xF52B, 
	0xF400, 0xF2A0, 0xF11C, 0xEF81, 0xEDDF, 0xEC44, 0xEAC0, 0xE961, 0xE836, 
	0xE74E, 0xE6B8, 0xE682, 0xE682, 0xE682, 0xE67D, 0xE66F, 0xE658, 0xE63B, 
	0xE619, 0xE5F3, 0xE5CA, 0xE59F, 0xE575, 0xE54C, 0xE525, 0xE503, 0xE4E6, 
	0xE4D0, 0xE4C1, 0xE4BC, 
	},{ 
	0x0001, 0x0000, 0x0001, 0x0001, 0x0001, 0x0002, 0x0001, 0x0003, 0x0001, 
	0x0004, 0x0001, 0x0005, 0x0029, 0x0006, 0x0023, 0x002F, 0x0029, 0x0052, 
	0x0029, 0x007B, 0x0029, 0x00A4, 0x0029, 0x00CD, 0x0029, 0x00F6, 0x0029, 
	0x011F, 0x0029, 0x0148, 0x0022, 0x0171, 0x0022, 0x0193, 0x0029, 0x01B5, 
	0x0029, 0x01DE, 0x0029, 0x0207, 0x0029, 0x0230, 0x0029, 0x0259, 0x0029, 
	0x0282, 0x0029, 0x02AB, 0x0029, 0x02D4, 0x0001, 0x02FD, 0x0001, 0x02FE, 
	0x0022, 0x02FF, 0x0022, 0x0321, 0x0029, 0x0343, 0x0029, 0x036C, 0x0029, 
	0x0395, 0x0029, 0x03BE, 0x0029, 0x03E7, 0x0027, 0x0410, 0x0028, 0x0437, 
	0x0029, 0x045F, 0x0029, 0x0488, 0x0029, 0x04B1, 0x0027, 0x04DA, 0x0019, 
	0x0501, 0x0029, 0x051A, 0x0028, 0x0543, 0x0029, 0x056B, 0x0029, 0x0594, 
	0x0007, 0x05BD, 0x0029, 0x05C4, 0x0029, 0x05ED, 0x0029, 0x0616, 0x0001, 
	0x063F, 0x0029, 0x0640, 0x0027, 0x0669, 0x0019, 0x0690, 0x0029, 0x06A9, 
	0x0029, 0x06D2, 0x0029, 0x06FB, 0x0029, 0x0724, 0x0021, 0x074D, 0x0014, 
	0x076E, 0x0029, 0x0782, 0x0027, 0x07AB, 0x0027, 0x07D2, 0x0029, 0x07F9, 
});
smlua_anim_util_register_animation('JSYP_SLASH',1, 0, 0, 0, 20, { 
	0x0000, 0x009C, 0x00A0, 0x00A4, 0x00A1, 0x009D, 0x0098, 0x0096, 0x0096, 
	0x0096, 0x0096, 0x0096, 0x0096, 0x0096, 0x0097, 0x0097, 0x0097, 0x0097, 
	0x0098, 0x0000, 0x0000, 0x3FFF, 0x0000, 0x1542, 0xFFAF, 0x408B, 0x401D, 
	0x3F08, 0x3DA0, 0x3C38, 0x3B23, 0x3AB5, 0xFFFF, 0xFF43, 0xFD6D, 0xFB0A, 
	0xF8A7, 0xF6D1, 0xF615, 0xF616, 0xF617, 0xF619, 0xF61B, 0xF61E, 0xF621, 
	0xF624, 0xF627, 0xF62A, 0xF62D, 0xF630, 0xF631, 0xF633, 0x0000, 0xFFE7, 
	0xFFAA, 0xFF58, 0xFEFF, 0xFEB0, 0xFE7B, 0xFE5A, 0xFE3E, 0xFE27, 0xFE13, 
	0xFE02, 0xFDF5, 0xFDEB, 0xFDE4, 0xFDDE, 0xFDDB, 0xFDD8, 0xFDD7, 0x0884, 
	0x0778, 0x04D3, 0x0156, 0xFDC0, 0xFAD3, 0xF950, 0xF8CB, 0xF859, 0xF7F8, 
	0xF7A8, 0xF766, 0xF731, 0xF708, 0xF6E9, 0xF6D3, 0xF6C4, 0xF6BB, 0xF6B6, 
	0xF6B5, 0xF6B4, 0x0000, 0x0000, 0xFFFF, 0x0000, 0x0000, 0x0000, 0x0000, 
	0xFFFF, 0xFFFF, 0x0000, 0xFFFF, 0xFFFF, 0xFFFF, 0xFFFF, 0xFFFF, 0x0000, 
	0xFFFF, 0x0000, 0xFFFF, 0xFFFF, 0x0000, 0xFFFF, 0xFFFF, 0xFFFF, 0xFFFF, 
	0xFFFF, 0xFFFF, 0xFFFF, 0xFFFF, 0xFFFF, 0xFFFF, 0x0000, 0xFFFF, 0x0000, 
	0xFFFF, 0x0000, 0x0000, 0xFFFF, 0xFFFF, 0xFFFF, 0x0000, 0xFFFF, 0x097F, 
	0x09DE, 0x0AD4, 0x0C21, 0x0D88, 0x0ECA, 0x0FA8, 0x1034, 0x10AD, 0x1114, 
	0x1169, 0x11AF, 0x11E7, 0x1212, 0x1233, 0x124A, 0x125A, 0x1264, 0x1268, 
	0x126A, 0x0000, 0xFFFF, 0xBFFF, 0xACF0, 0xA81E, 0x1C0A, 0x0C41, 0xFC55, 
	0xEFD9, 0xEA5B, 0xE99B, 0xE8F6, 0xE86A, 0xE7F6, 0xE797, 0xE74B, 0xE70F, 
	0xE6E3, 0xE6C3, 0xE6AD, 0xE6A0, 0xE69A, 0xE697, 0xA86C, 0xA88B, 0xD724, 
	0xD6BE, 0xD658, 0xD609, 0xD5E9, 0xD5EF, 0xD5FF, 0xD617, 0xD637, 0xD65B, 
	0xD683, 0xD6AD, 0xD6D6, 0xD6FE, 0xD723, 0xD742, 0xD75B, 0xD76B, 0xD770, 
	0x07A9, 0x0E71, 0x9F6E, 0xB59C, 0xCBF1, 0xDD69, 0xE4FB, 0xE5DE, 0xE6A0, 
	0xE744, 0xE7CD, 0xE83D, 0xE896, 0xE8DC, 0xE911, 0xE936, 0xE950, 0xE95F, 
	0xE967, 0xE96A, 0x0000, 0x0000, 0x0000, 0x0000, 0x0000, 0x0000, 0xFFFF, 
	0xFFFF, 0x0000, 0xB215, 0xB60C, 0xBFFD, 0xCCF8, 0xDA0D, 0xE44B, 0xE8C2, 
	0xE951, 0xE9CB, 0xEA32, 0xEA88, 0xEACF, 0xEB08, 0xEB34, 0xEB55, 0xEB6D, 
	0xEB7C, 0xEB86, 0xEB8B, 0xEB8D, 0x0000, 0xFFFE, 0xFFFC, 0xFFF8, 0xFFF3, 
	0xFFED, 0xFFE6, 0xFFDF, 0xFFD6, 0xFFCE, 0xFFC5, 0xFFBD, 0xFFB4, 0xFFAC, 
	0xFFA5, 0xFF9E, 0xFF98, 0xFF93, 0xFF8F, 0xFF8D, 0xFF8C, 0xF97B, 0xF97B, 
	0xF97B, 0xF97B, 0xF97B, 0xF97C, 0xF97C, 0xF97C, 0xF97C, 0xF97D, 0xF97D, 
	0xF97D, 0xF97E, 0xF97E, 0xF97E, 0xF97E, 0xF97F, 0xED8B, 0xED90, 0xED9F, 
	0xEDB7, 0xEDD6, 0xEDFC, 0xEE28, 0xEE57, 0xEE8A, 0xEEBF, 0xEEF5, 0xEF2B, 
	0xEF60, 0xEF93, 0xEFC3, 0xEFEE, 0xF014, 0xF033, 0xF04B, 0xF05A, 0xF05F, 
	0x0000, 0xFFFF, 0xBFFF, 0x3070, 0x2469, 0x0D33, 0xFAAF, 0xEEF4, 0xE8A4, 
	0x6662, 0x65BF, 0x6533, 0x64BC, 0x645A, 0x6409, 0x63C8, 0x6396, 0x6370, 
	0x6355, 0x6342, 0x6337, 0x6332, 0x6330, 0x632F, 0x755A, 0x6E99, 0x621B, 
	0x5941, 0x54B6, 0x5309, 0x2D34, 0x2D2F, 0x2D21, 0x2D0C, 0x2CF2, 0x2CD2, 
	0x2CB0, 0x2C8D, 0x2C69, 0x2C47, 0x2C28, 0x2C0D, 0x2BF8, 0x2BEA, 0x2BE6, 
	0xFE9E, 0xF245, 0xD992, 0xC3EB, 0xB456, 0xAABD, 0x270B, 0x2654, 0x25B6, 
	0x2531, 0x24C2, 0x2467, 0x241E, 0x23E5, 0x23BA, 0x239C, 0x2387, 0x237B, 
	0x2375, 0x2372, 0xFFFF, 0x0000, 0xFFFF, 0x0000, 0xFFFF, 0x0000, 0xFFFF, 
	0xFFFF, 0xFFFF, 0xFFFF, 0x0000, 0xC914, 0xCCE3, 0xD66B, 0xE2DB, 0xEF5D, 
	0xF91F, 0xFD4E, 0xFDB9, 0xFE16, 0xFE64, 0xFEA5, 0xFEDA, 0xFF05, 0xFF26, 
	0xFF3F, 0xFF51, 0xFF5D, 0xFF64, 0xFF68, 0xFF69, 0xBFFE, 0xC589, 0xCB14, 
	0xFC27, 0x0415, 0x0C02, 0xCE49, 0xD043, 0xD23D, 0xFFFF, 0x0000, 0xFFFF, 
	0xFFFF, 0x0000, 0x0000, 0xFFFF, 0xFFFF, 0x0000, 0xFFFF, 0x0000, 0x0000, 
	0xFFFF, 0x0000, 0xBFFF, 0xF290, 0xEF0F, 0xE64A, 0xDAE2, 0xCF75, 0xC6A3, 
	0xC30B, 0xC2F1, 0xC2DB, 0xC2C9, 0xC2B9, 0xC2AC, 0xC2A2, 0xC29A, 0xC294, 
	0xC290, 0xC28D, 0xC28C, 0xC28B, 0xC28A, 0xF6DA, 0xF5B6, 0xF2DA, 0xEF1E, 
	0xEB5B, 0xE86A, 0xE723, 0xE6FD, 0xE6DB, 0xE6BF, 0xE6A8, 0xE695, 0xE686, 
	0xE67A, 0xE671, 0xE66A, 0xE666, 0xE663, 0xE662, 0xE662, 0xE661, 0xAB5A, 
	0xAE36, 0xB560, 0xBEB8, 0xC822, 0xCF7D, 0xD2AA, 0xD305, 0xD354, 0xD396, 
	0xD3CD, 0xD3FA, 0xD41E, 0xD43B, 0xD450, 0xD45F, 0xD469, 0xD46F, 0xD472, 
	0xD474, 0x0000, 0xFFFF, 0x0000, 0x0000, 0x0000, 0x0000, 0xFFFF, 0xFFFF, 
	0xFFFF, 0x0000, 0x0000, 0x0000, 0x0000, 0xFFFF, 0xFFFF, 0xFFFF, 0x0000, 
	0x0000, 0xFFFF, 0x0000, 0x3C09, 0x3B42, 0x3951, 0x36CA, 0x3444, 0x3253, 
	0x318C, 0x319C, 0x31CA, 0x3211, 0x326B, 0x32D4, 0x3346, 0x33BE, 0x3436, 
	0x34A8, 0x3511, 0x356B, 0x35B2, 0x35E0, 0x35F0, 0x0000, 0xFFFF, 0x0000, 
	0x0000, 0x0000, 0x0000, 0x0000, 0xFFFF, 0xFFFF, 0x0000, 0x0000, 0xFFFF, 
	0x0000, 0xFFFF, 0xA856, 0xA746, 0xA636, 0xA80B, 0xAC11, 0xB017, 0xB1EB, 
	0xB1DF, 0xB1BC, 0xB186, 0xB141, 0xB0F1, 0xB09A, 0xB03E, 0xAFE3, 0xAF8C, 
	0xAF3C, 0xAEF7, 0xAEC1, 0xAE9E, 0xAE91, 0xFFFF, 0x0000, 0xFFFF, 0xFFFF, 
	0x0000, 0x0000, 0xFFFF, 0xFFFF, 0x0000, 0xFFFF, 0x0000, 0x0000, 0xFFFF, 
	0x0000, 0xBFFF, 0x0E66, 0x0E95, 0x0F0C, 0x0FA6, 0x1040, 0x10B7, 0x10E6, 
	0x10E6, 0x10E3, 0x10DF, 0x10DA, 0x10D5, 0x10CF, 0x10C8, 0x10C2, 0x10BC, 
	0x10B6, 0x10B1, 0x10AD, 0x10AB, 0x10AA, 0x0E59, 0x0E1D, 0x0D84, 0x0CBE, 
	0x0BF8, 0x0B60, 0x0B23, 0x0B25, 0x0B28, 0x0B2E, 0x0B36, 0x0B3E, 0x0B48, 
	0x0B51, 0x0B5B, 0x0B65, 0x0B6D, 0x0B75, 0x0B7B, 0x0B7E, 0x0B80, 0xA1A5, 
	0xA23B, 0xA3B1, 0xA597, 0xA77E, 0xA8F4, 0xA989, 0xA986, 0xA97D, 0xA96F, 
	0xA95E, 0xA949, 0xA933, 0xA91C, 0xA904, 0xA8EE, 0xA8D9, 0xA8C8, 0xA8BA, 
	0xA8B1, 0xA8AE, 0x0000, 0x0000, 0x0000, 0xFFFF, 0x0000, 0x0000, 0x0000, 
	0x0000, 0x0000, 0x0000, 0x0000, 0xFFFF, 0x2C83, 0x2936, 0x20F6, 0x163D, 
	0x0B83, 0x0344, 0xFFF6, 0x0024, 0x0016, 0xFFF1, 0xFFC3, 0xFF95, 0xFF71, 
	0xFF62, 0xFF61, 0xFF61, 0xFF60, 0xFF60, 0xFF5F, 0xFF32, 0xFF37, 0xFF44, 
	0xFF54, 0xFF64, 0xFF71, 0xFF77, 0xFF77, 0xFF78, 0xFF79, 0xFF79, 0xFF7A, 
	0xFF7A, 0xFF7A, 0xFF7A, 0xFF7A, 0xFF7B, 0xC2BA, 0xC5CF, 0xCD85, 0xD791, 
	0xE1A6, 0xE978, 0xECBB, 0xECEF, 0xED1B, 0xED41, 0xED60, 0xED7A, 0xED8E, 
	0xED9E, 0xEDAA, 0xEDB3, 0xEDB9, 0xEDBC, 0xEDBE, 0xEDBF, 
	},{ 
	0x0001, 0x0000, 0x0012, 0x0001, 0x0001, 0x0013, 0x0001, 0x0014, 0x0001, 
	0x0015, 0x0001, 0x0016, 0x0001, 0x0017, 0x0001, 0x0018, 0x0007, 0x0019, 
	0x0014, 0x0020, 0x0013, 0x0034, 0x0015, 0x0047, 0x0015, 0x005C, 0x0015, 
	0x0071, 0x0014, 0x0086, 0x0001, 0x009A, 0x0001, 0x009B, 0x0001, 0x009C, 
	0x0014, 0x009D, 0x0015, 0x00B1, 0x0014, 0x00C6, 0x0007, 0x00DA, 0x0002, 
	0x00E1, 0x0014, 0x00E3, 0x0015, 0x00F7, 0x0011, 0x010C, 0x0015, 0x011D, 
	0x0001, 0x0132, 0x0001, 0x0133, 0x0001, 0x0134, 0x0015, 0x0135, 0x0015, 
	0x014A, 0x0014, 0x015F, 0x0007, 0x0173, 0x0004, 0x017A, 0x0014, 0x017E, 
	0x0003, 0x0192, 0x0003, 0x0195, 0x0003, 0x0198, 0x0007, 0x019B, 0x0007, 
	0x01A2, 0x0001, 0x01A9, 0x0014, 0x01AA, 0x0015, 0x01BE, 0x0014, 0x01D3, 
	0x0007, 0x01E7, 0x000D, 0x01EE, 0x0015, 0x01FB, 0x0001, 0x0210, 0x000D, 
	0x0211, 0x0015, 0x021E, 0x0007, 0x0233, 0x0007, 0x023A, 0x0001, 0x0241, 
	0x0015, 0x0242, 0x0015, 0x0257, 0x0015, 0x026C, 0x0005, 0x0281, 0x0007, 
	0x0286, 0x0007, 0x028D, 0x000C, 0x0294, 0x0011, 0x02A0, 0x0014, 0x02B1, 
});
smlua_anim_util_register_animation('JSYP_CORKSCREW',1, 0, 0, 0, 65, { 
	0x0000, 0x009C, 0x009D, 0x009D, 0x009D, 0x009E, 0x009E, 0x009F, 0x00A0, 
	0x00A0, 0x00A1, 0x00A2, 0x00A2, 0x00A3, 0x00A3, 0x00A4, 0x00A4, 0x00A4, 
	0x00A4, 0x00A4, 0x00A4, 0x00A4, 0x00A4, 0x00A4, 0x00A4, 0x00A4, 0x00A4, 
	0x00A3, 0x00A3, 0x00A2, 0x00A2, 0x00A1, 0x009F, 0x009E, 0x009D, 0x009C, 
	0x009B, 0x009A, 0x0099, 0x0098, 0x0000, 0x0000, 0x3FFF, 0x0000, 0x1542, 
	0xC176, 0x6DD3, 0x1A82, 0xC7AA, 0x7575, 0x240B, 0xD395, 0x843C, 0x3628, 
	0xE981, 0x9E71, 0x5521, 0x0DB8, 0xC85F, 0x8540, 0x4483, 0x0650, 0xCACF, 
	0x922A, 0x5C8A, 0x2A17, 0xFAF9, 0xCF5A, 0xA762, 0x8339, 0x6309, 0x46F9, 
	0x2F34, 0x1BE0, 0x0D27, 0x0289, 0xFB09, 0xF615, 0xF31B, 0xF188, 0xF0C8, 
	0xF04A, 0xEFA2, 0xEEFF, 0xEEB5, 0xEEE2, 0xEF5E, 0xF016, 0xF0F6, 0xF1EC, 
	0xF2E8, 0xF3E6, 0xF4E4, 0xF5E1, 0xF6DA, 0xF7CF, 0xF8BE, 0xF9A5, 0xFA82, 
	0xFB55, 0xFC1B, 0xFCD3, 0xFD7B, 0xFE12, 0xFE96, 0xFF05, 0xFF5F, 0xFFA1, 
	0xFFC9, 0xFFD7, 0xFFAF, 0xFFAF, 0xFFAF, 0xFFAF, 0xFFAF, 0xFFAF, 0xFFAE, 
	0xFFAE, 0xFFAE, 0xFFAE, 0xFFAD, 0xFFAD, 0xFFAC, 0xFFAB, 0xFFAB, 0xFFAA, 
	0xFFA9, 0xFFA7, 0xFFA6, 0xFFA4, 0xFFA3, 0xFFA1, 0xFF9F, 0xFF9C, 0xFF9A, 
	0xFF97, 0xFF94, 0xFF91, 0xFF8D, 0xFF8A, 0xFF86, 0xFF81, 0xFF7D, 0xFF78, 
	0xFF74, 0xFF70, 0xFF6E, 0xFF6D, 0xFF7D, 0xFF9C, 0xFFAC, 0xFFAB, 0xFFA6, 
	0xFFA1, 0xFF9D, 0xFF9B, 0xFF9C, 0xFF9E, 0xFFA0, 0xFFA4, 0xFFA8, 0xFFAD, 
	0xFFB2, 0xFFB8, 0xFFBE, 0xFFC4, 0xFFCA, 0xFFD0, 0xFFD5, 0xFFDB, 0xFFDF, 
	0xFFE4, 0xFFE7, 0xFFEA, 0xFFEB, 0xFFEC, 0x408B, 0x408B, 0x408B, 0x408B, 
	0x408B, 0x408B, 0x408B, 0x408B, 0x408B, 0x408A, 0x408A, 0x4089, 0x4089, 
	0x4088, 0x4087, 0x4086, 0x4085, 0x4084, 0x4082, 0x4081, 0x407F, 0x407D, 
	0x407B, 0x4078, 0x4076, 0x4073, 0x4070, 0x406C, 0x4069, 0x4065, 0x4061, 
	0x405B, 0x4053, 0x4047, 0x4035, 0x401E, 0x3FFF, 0x3FD9, 0x3FAC, 0x3F86, 
	0x3F76, 0x3F7B, 0x3F89, 0x3F9A, 0x3FA8, 0x3FAE, 0x3FAE, 0x3FAC, 0x3FA9, 
	0x3FA6, 0x3FA2, 0x3F9D, 0x3F98, 0x3F93, 0x3F8D, 0x3F87, 0x3F81, 0x3F7B, 
	0x3F76, 0x3F71, 0x3F6C, 0x3F68, 0x3F65, 0x3F62, 0x3F60, 0xFFFF, 0xFFFF, 
	0x0000, 0xFFFF, 0x0000, 0xFFFF, 0x0000, 0xFFFF, 0xFFFF, 0xFFFF, 0x0000, 
	0x0000, 0x0000, 0x0000, 0x0000, 0xFFFF, 0x0000, 0xFFFF, 0xFFFF, 0xFFFF, 
	0xFFFF, 0x0000, 0x0000, 0xFFFF, 0xFFFF, 0x0000, 0xFFDF, 0xFF86, 0xFEFC, 
	0xFE4A, 0xFD79, 0xFC91, 0xFB9D, 0xFAA3, 0xF9AE, 0xF8C5, 0xF7F3, 0xF73F, 
	0xF6B2, 0xF656, 0xF633, 0xF630, 0xF62C, 0xF62A, 0xF627, 0xF624, 0xF622, 
	0xF620, 0xF61E, 0xF61D, 0xF61C, 0xF61A, 0xF619, 0xF618, 0xF618, 0xF617, 
	0xF616, 0xF616, 0xF616, 0xF615, 0x0000, 0xFFFF, 0xFFFF, 0xFFFF, 0xFFFF, 
	0x0000, 0xFFFF, 0x0000, 0x0000, 0xFFFF, 0xFFFF, 0xFFFF, 0xFFFF, 0x0000, 
	0x0000, 0xFFFF, 0x0000, 0x0000, 0xFFFF, 0x0000, 0xFFFF, 0x0000, 0x0000, 
	0x0000, 0x0000, 0xFFFF, 0xFFF8, 0xFFE4, 0xFFC6, 0xFF9E, 0xFF70, 0xFF3D, 
	0xFF06, 0xFECF, 0xFE99, 0xFE66, 0xFE38, 0xFE10, 0xFDF2, 0xFDDE, 0xFDD7, 
	0xFDDB, 0xFDE8, 0xFDFC, 0xFE17, 0xFE38, 0xFE5F, 0xFE8A, 0xFEBA, 0xFEEC, 
	0xFF21, 0xFF58, 0xFF90, 0xFFC9, 0x0002, 0x0038, 0x006E, 0x00A0, 0x00CF, 
	0x00FB, 0x0121, 0x0143, 0x015E, 0x0172, 0x017F, 0x0183, 0x0884, 0x0868, 
	0x081A, 0x07A1, 0x0706, 0x064F, 0x0585, 0x04AF, 0x03D5, 0x02FF, 0x0235, 
	0x017E, 0x00E3, 0x006A, 0x001C, 0x0000, 0x0000, 0xFFFF, 0x0000, 0x0000, 
	0x0000, 0xFFFF, 0xFFFF, 0xFFFF, 0xFFFF, 0x0000, 0xFFE1, 0xFF8B, 0xFF08, 
	0xFE5E, 0xFD96, 0xFCBA, 0xFBD0, 0xFAE3, 0xF9FA, 0xF91D, 0xF856, 0xF7AC, 
	0xF728, 0xF6D3, 0xF6B4, 0xF6C6, 0xF6F9, 0xF74A, 0xF7B7, 0xF83C, 0xF8D7, 
	0xF985, 0xFA42, 0xFB0D, 0xFBE2, 0xFCBE, 0xFD9E, 0xFE80, 0xFF60, 0x003D, 
	0x0112, 0x01DD, 0x029A, 0x0348, 0x03E3, 0x0468, 0x04D5, 0x0526, 0x0559, 
	0x056B, 0xF214, 0xF203, 0xF1D2, 0xF188, 0xF128, 0xF0B7, 0xF03B, 0xEFB7, 
	0xEF31, 0xEEAD, 0xEE30, 0xEDBF, 0xED5F, 0xED15, 0xECE5, 0xECD3, 0xED4C, 
	0xEE9D, 0xF09D, 0xF326, 0xF60F, 0xF932, 0xFC68, 0xFF87, 0x026B, 0x04EA, 
	0x0703, 0x08D5, 0x0A64, 0x0BB7, 0x0CD1, 0x0DB7, 0x0E70, 0x0F00, 0x0F6C, 
	0x0FBA, 0x0FEE, 0x100D, 0x101E, 0x1024, 0x1024, 0x0FF1, 0x0F66, 0x0E9B, 
	0x0DA8, 0x0CA5, 0x0BA5, 0x0AAE, 0x09BF, 0x08D9, 0x07FD, 0x072B, 0x0663, 
	0x05A7, 0x04F7, 0x0454, 0x03BD, 0x0334, 0x02B9, 0x024C, 0x01EF, 0x01A2, 
	0x0164, 0x0138, 0x011D, 0x0114, 0x06A9, 0x069A, 0x066F, 0x062C, 0x05D6, 
	0x0572, 0x0503, 0x048D, 0x0415, 0x039F, 0x0330, 0x02CC, 0x0276, 0x0233, 
	0x0208, 0x01F9, 0x020A, 0x0237, 0x0279, 0x02CA, 0x0322, 0x037A, 0x03CB, 
	0x040D, 0x043B, 0x044B, 0x043D, 0x0416, 0x03D9, 0x038A, 0x032E, 0x02C8, 
	0x025C, 0x01EF, 0x0183, 0x011D, 0x00C1, 0x0072, 0x0035, 0x000E, 0x0000, 
	0x0030, 0x00A2, 0x012B, 0x019E, 0x01CE, 0x01C9, 0x01BE, 0x01AB, 0x0193, 
	0x0175, 0x0154, 0x012F, 0x0107, 0x00DE, 0x00B3, 0x0089, 0x0060, 0x0038, 
	0x0013, 0xFFF0, 0xFFD3, 0xFFBA, 0xFFA8, 0xFF9C, 0xFF98, 0x0858, 0x0849, 
	0x081E, 0x07D6, 0x0774, 0x06F8, 0x0664, 0x05B8, 0x04F5, 0x041C, 0x032F, 
	0x022E, 0x011B, 0xFFF5, 0xFEC0, 0xFD7B, 0xFC28, 0xFAD1, 0xF97F, 0xF83B, 
	0xF70E, 0xF602, 0xF522, 0xF476, 0xF407, 0xF3E0, 0xF42B, 0xF4FF, 0xF64B, 
	0xF7FC, 0xFA00, 0xFC46, 0xFEBC, 0x0150, 0x03F0, 0x0689, 0x0909, 0x0B60, 
	0x0D7B, 0x0F47, 0x10B4, 0x11B6, 0x125F, 0x12C7, 0x1308, 0x133A, 0x1372, 
	0x13B3, 0x13FA, 0x1449, 0x149C, 0x14F2, 0x154C, 0x15A6, 0x1601, 0x165A, 
	0x16B0, 0x1703, 0x1751, 0x1799, 0x17D8, 0x180F, 0x183D, 0x185E, 0x1873, 
	0x187B, 0x0000, 0xFFFF, 0xBFFF, 0xC80F, 0xC77A, 0xC5CC, 0xC322, 0xBF95, 
	0xBB40, 0xB63F, 0xB0AD, 0xAAA4, 0xA43F, 0x1D9A, 0x16D0, 0x0FFA, 0x0935, 
	0x029B, 0xFC46, 0xF650, 0xF0C8, 0xEBB9, 0xE730, 0xE338, 0xDFDD, 0xDD2D, 
	0xDB32, 0xD9F9, 0xD98E, 0xD9B8, 0xDA30, 0xDAE9, 0xDBD7, 0xDCEF, 0xDE24, 
	0xDF6C, 0xE0B9, 0xE200, 0xE336, 0xE44E, 0xE53C, 0xE5F5, 0xE66C, 0xE697, 
	0xE60E, 0xE486, 0xE219, 0xDEE3, 0xDAFD, 0xD682, 0xD188, 0xCC21, 0xC663, 
	0xC062, 0xBA31, 0xB3E6, 0xAD94, 0xA74F, 0xA12C, 0x1B3F, 0x159B, 0x1056, 
	0x0B83, 0x0737, 0x0385, 0x0083, 0xFE42, 0xFCDA, 0xFC5E, 0xAB29, 0xAB4C, 
	0xABAE, 0xAC45, 0xAD08, 0xADEC, 0xAEE9, 0xAFF5, 0xB105, 0xB211, 0xCCF1, 
	0xCC0C, 0xCB4A, 0xCAB3, 0xCA51, 0xCA2E, 0xCA4F, 0xCAAB, 0xCB39, 0xCBF0, 
	0xCCC8, 0xCDB7, 0xCEB3, 0xCFB5, 0xD0B3, 0xD1A4, 0xD280, 0xD348, 0xD3FA, 
	0xD49A, 0xD527, 0xD5A2, 0xD60C, 0xD667, 0xD6B3, 0xD6F0, 0xD721, 0xD745, 
	0xD75E, 0xD76C, 0xD770, 0xD770, 0xD76E, 0xD769, 0xD75F, 0xD74E, 0xD729, 
	0xD6E4, 0xD682, 0xD608, 0xD579, 0xD4D9, 0xD42B, 0xD373, 0xD2B5, 0xD1F4, 
	0xAECA, 0xAF85, 0xB038, 0xB0DF, 0xB176, 0xB1FA, 0xB267, 0xB2B9, 0xB2ED, 
	0xB2FF, 0xEE34, 0xEED7, 0xF0AE, 0xF398, 0xF776, 0xFC29, 0x0193, 0x0791, 
	0x0E07, 0x14D4, 0x9BD9, 0xA2F8, 0xAA10, 0xB103, 0xB7B1, 0xBDFB, 0xC3C7, 
	0xC911, 0xCDDE, 0xD22E, 0xD605, 0xD964, 0xDC4F, 0xDEC8, 0xE0D1, 0xE26C, 
	0xE3A5, 0xE48A, 0xE52A, 0xE590, 0xE5CA, 0xE5E4, 0xE5EB, 0xE5EB, 0xE5F2, 
	0xE60C, 0xE646, 0xE6AD, 0xE74C, 0xE832, 0xE96A, 0xEB22, 0xED77, 0xF05B, 
	0xF3C1, 0xF79E, 0xFBE4, 0x0085, 0x056E, 0x0A92, 0x0FE0, 0x1549, 0x1ABD, 
	0x202C, 0x2586, 0x2ABC, 0xAFBE, 0xB47B, 0xB8E5, 0xBCEC, 0xC07F, 0xC38F, 
	0xC60D, 0xC7E7, 0xC910, 0xC976, 0xFFFF, 0xFFFF, 0xFFFF, 0xFFFF, 0xFFFF, 
	0x0000, 0xFFFF, 0xFFFF, 0xFFFF, 0xFFFF, 0xFFFF, 0xFFFF, 0xFFFF, 0xFFFF, 
	0x0000, 0xFFFF, 0xFFFF, 0xFFFF, 0xFFFF, 0xFFFF, 0xFFFF, 0xFFFF, 0xFFFF, 
	0xFFFF, 0xFFFF, 0xFFFF, 0xFFFF, 0xFFFF, 0xFFFF, 0xFFFF, 0xFFFF, 0xFFFF, 
	0xFFFF, 0xFFFF, 0xFFFF, 0xFFFF, 0xFFFF, 0xFFFF, 0xFFFF, 0xFFFF, 0xFFFF, 
	0xFFFF, 0xFFFF, 0xFFFF, 0xFFFF, 0xFFFF, 0xFFFF, 0xFFFF, 0xFFFF, 0xFFFF, 
	0xFFFF, 0xFFFF, 0xFFFF, 0xFFFF, 0xFFFF, 0x0000, 0xFFFF, 0xFFFF, 0xFFFF, 
	0xFFFF, 0xFFFF, 0xFFFF, 0xFFFF, 0xFFFF, 0xFFFF, 0xFFFF, 0xFFFF, 0xFFFF, 
	0xFFFF, 0xFFFF, 0xFFFF, 0xFFFF, 0x0000, 0x0000, 0x0000, 0x0000, 0x0000, 
	0x0000, 0xFFFF, 0x0000, 0xFFFF, 0x0000, 0xC2AE, 0xC2E3, 0xC37C, 0xC46F, 
	0xC5B3, 0xC740, 0xC90B, 0xCB0C, 0xCD3A, 0xCF8A, 0xD1F5, 0xD470, 0xD6F3, 
	0xD975, 0xDBEB, 0xDE4D, 0xE093, 0xE2B5, 0xE4AE, 0xE677, 0xE80A, 0xE962, 
	0xEA78, 0xEB46, 0xEBC6, 0xEBF2, 0xEBF1, 0xEBED, 0xEBE8, 0xEBE0, 0xEBD8, 
	0xEBCF, 0xEBC5, 0xEBBB, 0xEBB1, 0xEBA7, 0xEB9F, 0xEB98, 0xEB92, 0xEB8E, 
	0xEB8D, 0xEC1E, 0xED79, 0xEF16, 0xF070, 0xF101, 0xF0D7, 0xF05E, 0xEF9F, 
	0xEEA3, 0xED72, 0xEC15, 0xEA96, 0xE8FC, 0xE751, 0xE59D, 0xE3E8, 0xE23D, 
	0xE0A3, 0xDF24, 0xDDC7, 0xDC96, 0xDB9A, 0xDADB, 0xDA62, 0xDA38, 0x0000, 
	0xFFFF, 0xFFFE, 0xFFFD, 0xFFFC, 0xFFFA, 0xFFF8, 0xFFF6, 0xFFF3, 0xFFF0, 
	0xFFED, 0xFFEA, 0xFFE6, 0xFFE2, 0xFFDF, 0xFFDB, 0xFFD6, 0xFFD2, 0xFFCE, 
	0xFFCA, 0xFFC5, 0xFFC1, 0xFFBD, 0xFFB8, 0xFFB4, 0xFFB0, 0xFFAC, 0xFFA8, 
	0xFFA5, 0xFFA1, 0xFF9E, 0xFF9B, 0xFF98, 0xFF95, 0xFF93, 0xFF91, 0xFF8F, 
	0xFF8E, 0xFF8D, 0xFF8C, 0xF97B, 0xF97B, 0xF97B, 0xF97B, 0xF97B, 0xF97B, 
	0xF97B, 0xF97B, 0xF97B, 0xF97C, 0xF97C, 0xF97C, 0xF97C, 0xF97C, 0xF97C, 
	0xF97C, 0xF97C, 0xF97D, 0xF97D, 0xF97D, 0xF97D, 0xF97D, 0xF97D, 0xF97D, 
	0xF97E, 0xF97E, 0xF97E, 0xF97E, 0xF97E, 0xF97E, 0xF97E, 0xF97E, 0xF97F, 
	0xED8B, 0xED8C, 0xED90, 0xED97, 0xED9F, 0xEDAA, 0xEDB7, 0xEDC6, 0xEDD6, 
	0xEDE9, 0xEDFC, 0xEE11, 0xEE28, 0xEE3F, 0xEE57, 0xEE70, 0xEE8A, 0xEEA4, 
	0xEEBF, 0xEEDA, 0xEEF5, 0xEF10, 0xEF2B, 0xEF46, 0xEF60, 0xEF7A, 0xEF93, 
	0xEFAC, 0xEFC3, 0xEFD9, 0xEFEE, 0xF002, 0xF014, 0xF025, 0xF033, 0xF040, 
	0xF04B, 0xF054, 0xF05A, 0xF05E, 0xF05F, 0x0000, 0xFFFF, 0xBFFF, 0x3A58, 
	0x3A15, 0x3956, 0x382A, 0x36A0, 0x34C6, 0x32AB, 0x305E, 0x2DEE, 0x2B69, 
	0x28DE, 0x265C, 0x23F2, 0x21AE, 0x1F9F, 0x1DD4, 0x1C56, 0x1B18, 0x1A07, 
	0x1910, 0x1820, 0x1725, 0x160C, 0x14C2, 0x1334, 0x1150, 0x0F08, 0x0C65, 
	0x0975, 0x0647, 0x02E9, 0xFF68, 0xFBD4, 0xF83C, 0xF4AC, 0xF134, 0xEDE1, 
	0xEAC3, 0x67E7, 0x655C, 0x632F, 0x616D, 0x6015, 0x5F23, 0x5E94, 0x5E66, 
	0x5E6C, 0x5E7E, 0x5E9A, 0x5EC0, 0x5EED, 0x5F21, 0x5F5A, 0x5F97, 0x5FD7, 
	0x6018, 0x6059, 0x6098, 0x60D5, 0x610E, 0x6142, 0x6170, 0x6195, 0x61B2, 
	0x61C4, 0x61CA, 0x755A, 0x74EA, 0x73AD, 0x71C2, 0x6F44, 0x6C52, 0x6908, 
	0x6584, 0x61E2, 0x5E41, 0x5ABD, 0x5774, 0x5483, 0x5207, 0x501C, 0x4EE2, 
	0x4E1E, 0x4D81, 0x4D07, 0x4CAB, 0x4C69, 0x4C3D, 0x4C22, 0x4C14, 0x4C0F, 
	0x4C0E, 0x4C1C, 0x4C43, 0x4C82, 0x4CD7, 0x4D40, 0x4DBB, 0x4E47, 0x4EE1, 
	0x4F89, 0x503B, 0x50F6, 0x51B9, 0x2D7F, 0x2CB3, 0x2BE6, 0x2B1B, 0x2A60, 
	0x29C7, 0x295E, 0x2938, 0x293B, 0x2945, 0x2954, 0x2968, 0x2980, 0x299B, 
	0x29B9, 0x29D9, 0x29FB, 0x2A1D, 0x2A3F, 0x2A61, 0x2A81, 0x2A9F, 0x2ABA, 
	0x2AD2, 0x2AE6, 0x2AF5, 0x2AFE, 0x2B02, 0xFE9E, 0xFE75, 0xFDFF, 0xFD47, 
	0xFC54, 0xFB2F, 0xF9E3, 0xF876, 0xF6F3, 0xF562, 0xF3CD, 0xF23C, 0xF0B8, 
	0xEF4B, 0xEDFC, 0xECD5, 0xEBDB, 0xEAFF, 0xEA2F, 0xE957, 0xE866, 0xE748, 
	0xE5EB, 0xE43D, 0xE22A, 0xDF9F, 0xDC91, 0xD90C, 0xD524, 0xD0EC, 0xCC78, 
	0xC7DA, 0xC325, 0xBE6E, 0xB9C8, 0xB545, 0xB0F9, 0xACF7, 0x2954, 0x2621, 
	0x2372, 0x2155, 0x1FC5, 0x1EB5, 0x1E1B, 0x1DEA, 0x1E01, 0x1E46, 0x1EB1, 
	0x1F3F, 0x1FEB, 0x20AF, 0x2186, 0x226D, 0x235D, 0x2453, 0x2548, 0x2639, 
	0x271F, 0x27F7, 0x28BB, 0x2967, 0x29F5, 0x2A60, 0x2AA4, 0x2ABC, 0x0365, 
	0x035A, 0x033B, 0x030B, 0x02CD, 0x0284, 0x0233, 0x01DE, 0x0187, 0x0132, 
	0x00E1, 0x0098, 0x005A, 0x002A, 0x000B, 0xFFFF, 0xFFFF, 0xFFFF, 0xFFFF, 
	0x0000, 0xFFFF, 0x0000, 0x0000, 0x0000, 0x0000, 0x0000, 0x0000, 0x0000, 
	0x0000, 0x0000, 0x0000, 0x0000, 0x0000, 0x0000, 0x0000, 0x0000, 0x0000, 
	0x0000, 0x0000, 0x0000, 0x0000, 0x0000, 0x0000, 0x0000, 0x0000, 0x0000, 
	0x0000, 0x0000, 0x0000, 0x0000, 0x0000, 0x0000, 0x0000, 0x0000, 0x0000, 
	0x0000, 0x0000, 0x0000, 0x0000, 0x0000, 0x0000, 0x0000, 0x0000, 0x0000, 
	0x0000, 0x0000, 0x0000, 0x0000, 0x0000, 0x0000, 0x0000, 0x0000, 0x0000, 
	0x0000, 0x0000, 0x0000, 0x0000, 0x0000, 0x0000, 0x0000, 0x0000, 0xFFFF, 
	0xC914, 0xC97D, 0xCAA7, 0xCC79, 0xCED7, 0xD1AA, 0xD4D7, 0xD845, 0xDBDA, 
	0xDF7C, 0xE311, 0xE681, 0xE9B1, 0xEC88, 0xEEEB, 0xF0C2, 0xF220, 0xF332, 
	0xF402, 0xF49A, 0xF504, 0xF54C, 0xF57B, 0xF59C, 0xF5B9, 0xF5DC, 0xF60F, 
	0xF652, 0xF6A6, 0xF70B, 0xF77F, 0xF804, 0xF899, 0xF93D, 0xF9F1, 0xFAB5, 
	0xFB88, 0xFC6A, 0xFD5B, 0xFE5B, 0xFF69, 0x0083, 0x018E, 0x026F, 0x030B, 
	0x0345, 0x0300, 0x023B, 0x0103, 0xFF67, 0xFD77, 0xFB3F, 0xF8CE, 0xF633, 
	0xF37A, 0xF0B4, 0xEDEE, 0xEB36, 0xE89A, 0xE629, 0xE3F1, 0xE201, 0xE066, 
	0xDF2F, 0xDE69, 0xDE24, 0xBFFE, 0xC022, 0xC088, 0xC125, 0xC1EF, 0xC2DD, 
	0xC3E5, 0xC4FB, 0xC616, 0xC72D, 0xC834, 0xC922, 0xC9EC, 0xCA8A, 0xCAEF, 
	0xCB14, 0xCB14, 0xCB14, 0xCB14, 0xCB14, 0xCB14, 0xCB14, 0xCB14, 0xCB14, 
	0xCB14, 0xCB14, 0xCB17, 0xCB20, 0xCB2F, 0xCB43, 0xCB5B, 0xCB76, 0xCB94, 
	0xCBB4, 0xCBD5, 0xCBF7, 0xCC19, 0xCC3A, 0xCC5A, 0xCC78, 0xCC94, 0xCCAB, 
	0xCCBF, 0xCCCE, 0xCCD7, 0xCCDB, 0xFC27, 0xFC5B, 0xFCEC, 0xFDCD, 0xFEEF, 
	0x0044, 0x01BD, 0x034B, 0x04E0, 0x066E, 0x07E6, 0x093A, 0x0A5C, 0x0B3D, 
	0x0BCF, 0x0C02, 0x0C02, 0x0C02, 0x0C02, 0x0C02, 0x0C02, 0x0C02, 0x0C02, 
	0x0C02, 0x0C02, 0x0C02, 0x0BFF, 0x0BF4, 0x0BE4, 0x0BCF, 0x0BB5, 0x0B97, 
	0x0B77, 0x0B54, 0x0B30, 0x0B0B, 0x0AE6, 0x0AC1, 0x0A9E, 0x0A7E, 0x0A60, 
	0x0A46, 0x0A31, 0x0A21, 0x0A16, 0x0A13, 0xCE49, 0xCE56, 0xCE7B, 0xCEB3, 
	0xCEFB, 0xCF50, 0xCFAE, 0xD011, 0xD076, 0xD0D9, 0xD137, 0xD18C, 0xD1D4, 
	0xD20C, 0xD230, 0xD23D, 0xD23D, 0xD23D, 0xD23D, 0xD23D, 0xD23D, 0xD23D, 
	0xD23D, 0xD23D, 0xD23D, 0xD23D, 0xD24A, 0xD26D, 0xD2A4, 0xD2EE, 0xD346, 
	0xD3AC, 0xD41B, 0xD492, 0xD50F, 0xD58D, 0xD60C, 0xD689, 0xD700, 0xD76F, 
	0xD7D5, 0xD82D, 0xD877, 0xD8AE, 0xD8D1, 0xD8DE, 0xFFFF, 0xFFFF, 0x0000, 
	0xFFFF, 0xFFFF, 0x0000, 0xFFFF, 0xFFFF, 0xFFFF, 0x0000, 0x0000, 0xFFFF, 
	0xFFFF, 0xFFFF, 0x0000, 0x0000, 0x0000, 0xFFFF, 0x0000, 0xFFFF, 0x0000, 
	0xFFFF, 0xFFFF, 0x0000, 0xFFFF, 0xFFFF, 0xFFFF, 0xFFFF, 0x0000, 0x0000, 
	0xFFFF, 0xFFFF, 0xFFFF, 0xFFFF, 0xFFFF, 0x0000, 0xFFFF, 0xFFFF, 0xFFFF, 
	0x0000, 0x0000, 0xFFFF, 0x0000, 0xFFFF, 0x0000, 0x0000, 0xFFFF, 0x0000, 
	0xFFFF, 0xFFFF, 0x0000, 0xFFFF, 0xFFFF, 0x0000, 0xFFFF, 0xFFFF, 0xFFFF, 
	0x0000, 0x0000, 0x0000, 0xFFFF, 0xFFFF, 0xFFFF, 0xFFFF, 0xFFFF, 0x0000, 
	0xFFFF, 0xFFFF, 0xFFFF, 0x0000, 0x0000, 0xFFFF, 0x0000, 0xFFFF, 0xFFFF, 
	0xFFFF, 0x0000, 0x0000, 0x0000, 0x0000, 0xFFFF, 0xFFFF, 0x0000, 0xFFFF, 
	0xFFFF, 0xFFFF, 0xFFFF, 0x0000, 0x0000, 0xFFFF, 0x0000, 0x0000, 0x0000, 
	0xFFFF, 0x0000, 0xFFFF, 0xFFFF, 0x0000, 0x0000, 0xFFFF, 0xFFFF, 0xFFFF, 
	0x0000, 0x0000, 0x0000, 0x0000, 0xFFFF, 0x0000, 0xFFFF, 0x0000, 0xFFFF, 
	0x0000, 0x0000, 0xFFFF, 0x0000, 0x0000, 0xFFFF, 0xFFFF, 0x0000, 0x0000, 
	0x0000, 0x0000, 0xFFFF, 0x0000, 0xFFFF, 0xFFFF, 0x0000, 0xFFFF, 0x0000, 
	0x0000, 0xFFFF, 0xBFFF, 0xF0BD, 0xF0B2, 0xF093, 0xF063, 0xF025, 0xEFDC, 
	0xEF8C, 0xEF37, 0xEEE0, 0xEE8B, 0xEE3B, 0xEDF2, 0xEDB4, 0xED84, 0xED65, 
	0xED5A, 0xED5F, 0xED6E, 0xED83, 0xED9D, 0xEDB9, 0xEDD5, 0xEDEF, 0xEE04, 
	0xEE12, 0xEE18, 0xEDFE, 0xEDB6, 0xED46, 0xECB6, 0xEC0D, 0xEB53, 0xEA8D, 
	0xE9C4, 0xE8FE, 0xE843, 0xE79B, 0xE70B, 0xE69B, 0xE653, 0xE639, 0xE64F, 
	0xE68B, 0xE6E5, 0xE755, 0xE7D2, 0xE857, 0xE8E0, 0xE96C, 0xE9FA, 0xEA89, 
	0xEB17, 0xEBA4, 0xEC2E, 0xECB5, 0xED35, 0xEDB0, 0xEE22, 0xEE8C, 0xEEEB, 
	0xEF40, 0xEF87, 0xEFC1, 0xEFEC, 0xF006, 0xF00F, 0xFA8E, 0xFA91, 0xFA98, 
	0xFAA3, 0xFAB1, 0xFAC2, 0xFAD5, 0xFAE8, 0xFAFC, 0xFB10, 0xFB23, 0xFB33, 
	0xFB42, 0xFB4D, 0xFB54, 0xFB56, 0xFB56, 0xFB51, 0xFB46, 0xFB2E, 0xFB08, 
	0xFACF, 0xFA7F, 0xFA15, 0xF98D, 0xF8E3, 0xF808, 0xF6F5, 0xF5B4, 0xF44B, 
	0xF2C6, 0xF12B, 0xEF85, 0xEDDB, 0xEC37, 0xEAA1, 0xE921, 0xE7C2, 0xE68B, 
	0xE585, 0xE4B9, 0xE42C, 0xE3D1, 0xE39B, 0xE378, 0xE35A, 0xE333, 0xE302, 
	0xE2C9, 0xE288, 0xE242, 0xE1F6, 0xE1A7, 0xE156, 0xE104, 0xE0B2, 0xE062, 
	0xE015, 0xDFCC, 0xDF89, 0xDF4D, 0xDF18, 0xDEED, 0xDECD, 0xDEB9, 0xDEB2, 
	0xB58A, 0xB59E, 0xB5D5, 0xB62B, 0xB69A, 0xB71C, 0xB7AC, 0xB845, 0xB8E0, 
	0xB978, 0xBA08, 0xBA8A, 0xBAF9, 0xBB4F, 0xBB87, 0xBB9B, 0xBB89, 0xBB55, 
	0xBB03, 0xBA95, 0xBA0F, 0xB974, 0xB8C8, 0xB80D, 0xB746, 0xB677, 0xB5A3, 
	0xB4CB, 0xB3F1, 0xB316, 0xB23B, 0xB161, 0xB08A, 0xAFB8, 0xAEEA, 0xAE23, 
	0xAD65, 0xACAF, 0xAC04, 0xAB65, 0xAAD2, 0xAA4D, 0xA9D1, 0xA956, 0xA8D7, 
	0xA84D, 0xA7B4, 0xA70D, 0xA65A, 0xA59E, 0xA4DA, 0xA412, 0xA347, 0xA27C, 
	0xA1B4, 0xA0F1, 0xA035, 0x9F82, 0x9EDC, 0x9E44, 0x9DBD, 0x9D49, 0x9CEA, 
	0x9CA4, 0x9C78, 0x9C69, 0x0000, 0x0000, 0x0000, 0x0000, 0x0000, 0x0000, 
	0xFFFF, 0xFFFF, 0xFFFF, 0x0000, 0x0000, 0x0000, 0x0000, 0xFFFF, 0xFFFF, 
	0xFFFF, 0xFFFF, 0xFFFF, 0xFFFF, 0xFFFF, 0xFFFF, 0xFFFF, 0xFFFF, 0xFFFF, 
	0xFFFF, 0xFFFF, 0xFFFF, 0xFFFF, 0xFFFF, 0xFFFF, 0xFFFF, 0xFFFF, 0xFFFF, 
	0xFFFF, 0xFFFF, 0xFFFF, 0xFFFF, 0xFFFF, 0xFFFF, 0x0000, 0xFFFF, 0x0000, 
	0x0000, 0x0000, 0x0000, 0x0000, 0x0000, 0x0000, 0x0000, 0x0000, 0x0000, 
	0x0000, 0x0000, 0x0000, 0x0000, 0x0000, 0x0000, 0x0000, 0x0000, 0x0000, 
	0x0000, 0x0000, 0x0000, 0x0000, 0x0000, 0x0000, 0x0000, 0x0000, 0x0000, 
	0x0000, 0x0000, 0x0000, 0x0000, 0x0000, 0x0000, 0x0000, 0x0000, 0x0000, 
	0x0000, 0x0000, 0x0000, 0x0000, 0x0000, 0x0000, 0x0000, 0x0000, 0x0000, 
	0x0000, 0x0000, 0x0000, 0x0000, 0x0000, 0x0000, 0x0000, 0xFFFF, 0x0000, 
	0x0000, 0x0000, 0xFFFF, 0x0000, 0x0000, 0x0000, 0xFFFF, 0xFFFF, 0x0000, 
	0x0FA9, 0x0F82, 0x0F12, 0x0E66, 0x0D88, 0x0C83, 0x0B62, 0x0A31, 0x08FA, 
	0x07C9, 0x06A9, 0x05A4, 0x04C6, 0x0419, 0x03AA, 0x0382, 0x03B3, 0x043A, 
	0x0505, 0x0603, 0x0723, 0x0854, 0x0983, 0x0AA1, 0x0B9B, 0x0C5F, 0x0CF9, 
	0x0D7F, 0x0DF1, 0x0E52, 0x0EA2, 0x0EE4, 0x0F19, 0x0F42, 0x0F61, 0x0F78, 
	0x0F86, 0x0F8F, 0x0F94, 0x0F96, 0x0F96, 0x0F57, 0x0EBF, 0x0E0B, 0x0D73, 
	0x0D34, 0x0D4E, 0x0D98, 0x0E0E, 0x0EAA, 0x0F65, 0x103C, 0x1128, 0x1225, 
	0x132C, 0x1439, 0x1546, 0x164D, 0x1749, 0x1836, 0x190D, 0x19C8, 0x1A64, 
	0x1ADA, 0x1B24, 0x1B3E, 0x0000, 0xFFFF, 0x0000, 0xFFFF, 0x0000, 0x0000, 
	0x0000, 0x0000, 0x0000, 0x0000, 0x0000, 0x0000, 0x0000, 0x0000, 0xFFFF, 
	0x0000, 0x0000, 0x0000, 0x0000, 0x0000, 0x0000, 0x0000, 0xFFFF, 0xF511, 
	0xF506, 0xF4EA, 0xF4BE, 0xF485, 0xF443, 0xF3F9, 0xF3AB, 0xF35C, 0xF30E, 
	0xF2C5, 0xF282, 0xF24A, 0xF21E, 0xF201, 0xF1F7, 0xF1F7, 0xF1F7, 0xF1F7, 
	0xF1F7, 0xF1F7, 0xF1F7, 0xF1F7, 0xF1F7, 0xF1F7, 0xF1F7, 0xF1D6, 0xF174, 
	0xF0D5, 0xEFFE, 0xEEF2, 0xEDB5, 0xEC4A, 0xEAB7, 0xE8FD, 0xE722, 0xE52A, 
	0xE317, 0xE0EF, 0xDEB4, 0xDC6B, 0xDA1F, 0xD7FC, 0xD636, 0xD4FF, 0xD48C, 
	0xD4A7, 0xD4F1, 0xD567, 0xD602, 0xD6BE, 0xD795, 0xD881, 0xD97E, 0xDA85, 
	0xDB92, 0xDC9E, 0xDDA6, 0xDEA2, 0xDF8E, 0xE065, 0xE121, 0xE1BD, 0xE232, 
	0xE27D, 0xE297, 0xFFFF, 0xFFFF, 0x0000, 0xFFFF, 0xFFFF, 0x0000, 0xFFFF, 
	0xFFFF, 0xFFFF, 0x0000, 0x0000, 0xFFFF, 0xFFFF, 0xFFFF, 0x0000, 0x0000, 
	0x0000, 0xFFFF, 0x0000, 0xFFFF, 0x0000, 0xFFFF, 0xFFFF, 0x0000, 0xFFFF, 
	0xFFFF, 0xFFFF, 0xFFFF, 0x0000, 0x0000, 0xFFFF, 0xFFFF, 0xFFFF, 0xFFFF, 
	0xFFFF, 0x0000, 0xFFFF, 0xFFFF, 0xFFFF, 0x0000, 0x0000, 0xFFFF, 0x0000, 
	0xFFFF, 0x0000, 0x0000, 0xFFFF, 0x0000, 0xFFFF, 0xFFFF, 0x0000, 0xFFFF, 
	0xFFFF, 0x0000, 0xFFFF, 0xFFFF, 0xFFFF, 0x0000, 0x0000, 0x0000, 0xFFFF, 
	0xFFFF, 0xFFFF, 0xFFFF, 0xFFFF, 0x0000, 0xFFFF, 0xFFFF, 0xFFFF, 0x0000, 
	0x0000, 0xFFFF, 0x0000, 0xFFFF, 0xFFFF, 0xFFFF, 0x0000, 0x0000, 0x0000, 
	0x0000, 0xFFFF, 0xFFFF, 0x0000, 0xFFFF, 0xFFFF, 0xFFFF, 0xFFFF, 0x0000, 
	0x0000, 0xFFFF, 0x0000, 0x0000, 0x0000, 0xFFFF, 0x0000, 0xFFFF, 0xFFFF, 
	0x0000, 0x0000, 0xFFFF, 0xFFFF, 0xFFFF, 0x0000, 0x0000, 0x0000, 0x0000, 
	0xFFFF, 0x0000, 0xFFFF, 0x0000, 0xFFFF, 0x0000, 0x0000, 0xFFFF, 0x0000, 
	0x0000, 0xFFFF, 0xFFFF, 0x0000, 0x0000, 0x0000, 0x0000, 0xFFFF, 0x0000, 
	0xFFFF, 0xFFFF, 0x0000, 0xFFFF, 0x0000, 0x0000, 0xFFFF, 0xBFFF, 0x0B91, 
	0x0BC4, 0x0C57, 0x0D3B, 0x0E64, 0x0FC5, 0x1151, 0x12FA, 0x14B5, 0x1673, 
	0x1828, 0x19C7, 0x1B43, 0x1C8F, 0x1D9E, 0x1E64, 0x1EE8, 0x1F43, 0x1F7E, 
	0x1FA2, 0x1FB6, 0x1FC4, 0x1FD4, 0x1FF0, 0x201F, 0x206B, 0x20D9, 0x2167, 
	0x2210, 0x22CF, 0x239D, 0x2476, 0x2555, 0x2634, 0x270F, 0x27DF, 0x28A1, 
	0x294D, 0x29E0, 0x2A54, 0x2AA3, 0x2AD4, 0x2AF1, 0x2B00, 0x2B06, 0x2B07, 
	0x2AE7, 0x2A8C, 0x29FD, 0x2940, 0x285C, 0x2756, 0x2637, 0x2504, 0x23C3, 
	0x227D, 0x2136, 0x1FF6, 0x1EC3, 0x1DA3, 0x1C9E, 0x1BB9, 0x1AFC, 0x1A6D, 
	0x1A12, 0x19F3, 0x10AF, 0x10AF, 0x10AD, 0x10AA, 0x10A2, 0x1097, 0x1085, 
	0x106C, 0x104B, 0x1021, 0x0FED, 0x0FAC, 0x0F5F, 0x0F04, 0x0E9A, 0x0E20, 
	0x0D7F, 0x0CAE, 0x0BBC, 0x0AB8, 0x09B2, 0x08B9, 0x07DD, 0x072C, 0x06B7, 
	0x068C, 0x0696, 0x06B0, 0x06DA, 0x070F, 0x074D, 0x0792, 0x07DB, 0x0826, 
	0x086F, 0x08B4, 0x08F2, 0x0927, 0x0950, 0x096B, 0x0975, 0x0916, 0x0834, 
	0x0727, 0x0645, 0x05E6, 0x05EA, 0x05F5, 0x0606, 0x061C, 0x0637, 0x0656, 
	0x0678, 0x069C, 0x06C2, 0x06E9, 0x0710, 0x0736, 0x075A, 0x077C, 0x079B, 
	0x07B6, 0x07CC, 0x07DD, 0x07E8, 0x07EC, 0x9A0C, 0x9A5D, 0x9B42, 0x9CAB, 
	0x9E86, 0xA0C2, 0xA34E, 0xA618, 0xA90F, 0xAC21, 0xAF3E, 0xB253, 0xB550, 
	0xB823, 0xBABA, 0xBD05, 0xBEF6, 0xC092, 0xC1DF, 0xC2E6, 0xC3AE, 0xC441, 
	0xC4A5, 0xC4E3, 0xC502, 0xC50B, 0xC4FF, 0xC4DF, 0xC4AE, 0xC46F, 0xC424, 
	0xC3D1, 0xC37A, 0xC321, 0xC2CA, 0xC278, 0xC22D, 0xC1EE, 0xC1BC, 0xC19D, 
	0xC191, 0xC1C8, 0xC24C, 0xC2E8, 0xC36C, 0xC3A3, 0xC383, 0xC327, 0xC297, 
	0xC1D8, 0xC0F1, 0xBFEA, 0xBEC8, 0xBD92, 0xBC4E, 0xBB04, 0xB9BA, 0xB877, 
	0xB741, 0xB61F, 0xB517, 0xB431, 0xB372, 0xB2E1, 0xB286, 0xB266, 0x0000, 
	0x0000, 0xFFFF, 0x0000, 0x0000, 0x0000, 0x0000, 0x0000, 0x0000, 0x0000, 
	0x0000, 0x0000, 0x0000, 0x0000, 0x0000, 0xFFFF, 0xFFFF, 0x0000, 0x0000, 
	0xFFFF, 0xFFFF, 0xFFFF, 0xFFFF, 0x0000, 0xFFFF, 0x0000, 0x0000, 0x0000, 
	0x0000, 0x0000, 0x0000, 0x0000, 0x0000, 0x0000, 0x0000, 0x0000, 0x0000, 
	0x0000, 0x0000, 0x0000, 0x0000, 0x0000, 0x0000, 0x0000, 0x0000, 0x0000, 
	0x0000, 0x0000, 0x0000, 0x0000, 0x0000, 0x0000, 0x0000, 0x0000, 0x0000, 
	0x0000, 0x0000, 0x0000, 0x0000, 0x0000, 0x0000, 0x0000, 0x0000, 0x0000, 
	0x0000, 0xFFFF, 0xFFFF, 0xFFFF, 0xFFFF, 0xFFFF, 0x0000, 0x0000, 0xFFFF, 
	0xFFFF, 0x0000, 0x0000, 0xFFFF, 0x0000, 0x0000, 0xFFFF, 0xFFFF, 0x0000, 
	0x0000, 0x0000, 0xFFFF, 0x0000, 0x0000, 0x0000, 0xFFFF, 0x0000, 0xFFFF, 
	0x4362, 0x4358, 0x433A, 0x4307, 0x42BF, 0x425F, 0x41E9, 0x4159, 0x40B1, 
	0x3FEF, 0x3F11, 0x3E18, 0x3D02, 0x3BCF, 0x3A7D, 0x390C, 0x377C, 0x35D0, 
	0x340E, 0x323A, 0x305A, 0x2E71, 0x2C84, 0x2A9A, 0x28B5, 0x26DB, 0x2510, 
	0x2350, 0x2198, 0x1FE4, 0x1E30, 0x1C77, 0x1AB7, 0x18EA, 0x170E, 0x151D, 
	0x1314, 0x10EF, 0x0EAB, 0x0C42, 0x09B1, 0x0702, 0x046E, 0x023D, 0x00B9, 
	0x0027, 0x0058, 0x00E6, 0x01C5, 0x02EB, 0x044F, 0x05E5, 0x07A5, 0x0983, 
	0x0B76, 0x0D73, 0x0F70, 0x1162, 0x1340, 0x1500, 0x1697, 0x17FA, 0x1921, 
	0x1A00, 0x1A8D, 0x1ABE, 0xFF75, 0xFF75, 0xFF77, 0xFF79, 0xFF7C, 0xFF80, 
	0xFF84, 0xFF88, 0xFF8C, 0xFF90, 0xFF94, 0xFF97, 0xFF9A, 0xFF9D, 0xFF9E, 
	0xFF9F, 0xFF9F, 0xFF9F, 0xFF9F, 0xFF9F, 0xFF9F, 0xFF9F, 0xFF9F, 0xFF9F, 
	0xFF9F, 0xFF9F, 0xFF9E, 0xFF9B, 0xFF98, 0xFF93, 0xFF8E, 0xFF88, 0xFF82, 
	0xFF7B, 0xFF75, 0xFF6F, 0xFF6A, 0xFF65, 0xFF62, 0xFF5F, 0xFF5F, 0xFF5F, 
	0xFF61, 0xFF63, 0xFF65, 0xFF66, 0xFF66, 0xFF65, 0xFF64, 0xFF63, 0xFF62, 
	0xFF60, 0xFF5F, 0xFF5D, 0xFF5B, 0xFF59, 0xFF57, 0xFF55, 0xFF54, 0xFF52, 
	0xFF51, 0xFF4F, 0xFF4E, 0xFF4D, 0xFF64, 0xFF63, 0xFF62, 0xFF61, 0xFF5F, 
	0xFF5C, 0xFF59, 0xFF57, 0xFF54, 0xFF51, 0xFF4E, 0xFF4C, 0xFF4A, 0xFF48, 
	0xFF47, 0xFF47, 0xFF47, 0xFF47, 0xFF47, 0xFF47, 0xFF47, 0xFF47, 0xFF47, 
	0xFF47, 0xFF47, 0xFF47, 0xFF48, 0xFF49, 0xFF4C, 0xFF50, 0xFF54, 0xFF59, 
	0xFF5E, 0xFF63, 0xFF68, 0xFF6D, 0xFF72, 0xFF75, 0xFF78, 0xFF7A, 0xFF7B, 
	0xFF7A, 0xFF78, 0xFF75, 0xFF73, 0xFF72, 0xFF73, 0xFF73, 0xFF74, 0xFF76, 
	0xFF78, 0xFF7A, 0xFF7C, 0xFF7E, 0xFF81, 0xFF83, 0xFF86, 0xFF88, 0xFF8B, 
	0xFF8D, 0xFF8F, 0xFF91, 0xFF92, 0xFF93, 0xFF94, 0xE772, 0xE752, 0xE6F7, 
	0xE669, 0xE5B3, 0xE4DE, 0xE3F1, 0xE2F8, 0xE1F9, 0xE0FF, 0xE013, 0xDF3D, 
	0xDE87, 0xDDFA, 0xDD9F, 0xDD7E, 0xDD7E, 0xDD7E, 0xDD7E, 0xDD7E, 0xDD7E, 
	0xDD7E, 0xDD7E, 0xDD7E, 0xDD7E, 0xDD7E, 0xDDB3, 0xDE48, 0xDF2F, 0xE058, 
	0xE1B5, 0xE337, 0xE4CF, 0xE66E, 0xE806, 0xE988, 0xEAE5, 0xEC0E, 0xECF4, 
	0xED8A, 0xEDBF, 0xED85, 0xECFD, 0xEC59, 0xEBD1, 0xEB97, 0xEBA7, 0xEBD2, 
	0xEC18, 0xEC73, 0xECE1, 0xED5F, 0xEDEA, 0xEE7E, 0xEF18, 0xEFB6, 0xF053, 
	0xF0EE, 0xF182, 0xF20D, 0xF28A, 0xF2F9, 0xF354, 0xF399, 0xF3C5, 0xF3D4, 
	},{ 
	0x0001, 0x0000, 0x0027, 0x0001, 0x0001, 0x0028, 0x0001, 0x0029, 0x0001, 
	0x002A, 0x0001, 0x002B, 0x0042, 0x002C, 0x0042, 0x006E, 0x0041, 0x00B0, 
	0x003C, 0x00F1, 0x0042, 0x012D, 0x0042, 0x016F, 0x0042, 0x01B1, 0x0042, 
	0x01F3, 0x0042, 0x0235, 0x0001, 0x0277, 0x0001, 0x0278, 0x0001, 0x0279, 
	0x0042, 0x027A, 0x0042, 0x02BC, 0x0042, 0x02FE, 0x0039, 0x0340, 0x0019, 
	0x0379, 0x0042, 0x0392, 0x0028, 0x03D4, 0x0021, 0x03FC, 0x0029, 0x041D, 
	0x0001, 0x0446, 0x0001, 0x0447, 0x0001, 0x0448, 0x0042, 0x0449, 0x0042, 
	0x048B, 0x0042, 0x04CD, 0x0010, 0x050F, 0x0042, 0x051F, 0x0042, 0x0561, 
	0x002E, 0x05A3, 0x002E, 0x05D1, 0x002E, 0x05FF, 0x0042, 0x062D, 0x0041, 
	0x066F, 0x0001, 0x06B0, 0x0042, 0x06B1, 0x0042, 0x06F3, 0x0042, 0x0735, 
	0x0029, 0x0777, 0x0040, 0x07A0, 0x0042, 0x07E0, 0x0010, 0x0822, 0x0007, 
	0x0832, 0x0042, 0x0839, 0x0042, 0x087B, 0x0041, 0x08BD, 0x0001, 0x08FE, 
	0x0042, 0x08FF, 0x0042, 0x0941, 0x0042, 0x0983, 0x0019, 0x09C5, 0x0042, 
	0x09DE, 0x0042, 0x0A20, 0x0040, 0x0A62, 0x0041, 0x0AA2, 0x0042, 0x0AE3, 
});
smlua_anim_util_register_animation('JSYP_IDLE',0, 0, 0, 0, 30, { 
	0x0000, 0x00B6, 0x00B6, 0x00B6, 0x00B6, 0x00B6, 0x00B6, 0x00B6, 0x00B5, 
	0x00B5, 0x00B5, 0x00B5, 0x00B5, 0x00B5, 0x00B5, 0x00B5, 0x00B5, 0x00B5, 
	0x00B5, 0x00B5, 0x00B5, 0x00B5, 0x00B5, 0x00B5, 0x00B5, 0x00B6, 0x0013, 
	0x0013, 0x0014, 0x0014, 0x0014, 0x0015, 0x0016, 0x0017, 0x0018, 0x0018, 
	0x0019, 0x001A, 0x001A, 0x001B, 0x001B, 0x001B, 0x001B, 0x001B, 0x001A, 
	0x001A, 0x0019, 0x0018, 0x0018, 0x0017, 0x0016, 0x0015, 0x0014, 0x0014, 
	0x0014, 0x0013, 0x0000, 0xFFFF, 0xFFFF, 0xFFFF, 0xFFFF, 0xFFFF, 0xFFFF, 
	0xFFFF, 0xFFFF, 0xFFFF, 0xFFFF, 0xFFFF, 0xFFFF, 0xFFFF, 0x0000, 0x0000, 
	0xFFFF, 0xFFFF, 0xFFFF, 0xFFFF, 0xFFFF, 0xFFFF, 0xFFFF, 0xFFFF, 0xFFFF, 
	0xFFFF, 0xFFFF, 0xFFFF, 0xFFFF, 0x0000, 0x4000, 0x0000, 0x0000, 0xFFFF, 
	0x3319, 0xFFFF, 0xFFFF, 0x05BD, 0x05B3, 0x0597, 0x056C, 0x0535, 0x04F4, 
	0x04AD, 0x0461, 0x0414, 0x03C8, 0x0380, 0x0340, 0x0308, 0x02DE, 0x02C2, 
	0x02B8, 0x02C2, 0x02DE, 0x0308, 0x0340, 0x0380, 0x03C8, 0x0414, 0x0461, 
	0x04AD, 0x04F4, 0x0535, 0x056C, 0x0597, 0x05B3, 0x05BD, 0x0000, 0x0000, 
	0x06AA, 0x06B1, 0x06C6, 0x06E8, 0x0718, 0x0755, 0x079F, 0x07F5, 0x0857, 
	0x08C5, 0x093F, 0x09C4, 0x0A53, 0x0AEE, 0x0B8E, 0x0C20, 0x0C8A, 0x0CB2, 
	0x0C98, 0x0C50, 0x0BE2, 0x0B56, 0x0AB5, 0x0A07, 0x0955, 0x08A7, 0x0806, 
	0x077B, 0x070C, 0x06C4, 0x06AA, 0x0000, 0xFFFF, 0xBFFF, 0x18A0, 0x1896, 
	0x187A, 0x184F, 0x1816, 0x17D5, 0x178C, 0x173F, 0x16F0, 0x16A3, 0x165A, 
	0x1618, 0x15E0, 0x15B4, 0x1598, 0x158E, 0x1598, 0x15B4, 0x15E0, 0x1618, 
	0x165A, 0x16A3, 0x16F0, 0x173F, 0x178C, 0x17D5, 0x1816, 0x184F, 0x187A, 
	0x1896, 0x18A0, 0xD71B, 0xD717, 0xD70C, 0xD6FB, 0xD6E5, 0xD6CB, 0xD6AF, 
	0xD690, 0xD672, 0xD653, 0xD637, 0xD61D, 0xD607, 0xD5F6, 0xD5EB, 0xD5E7, 
	0xD5EB, 0xD5F6, 0xD607, 0xD61D, 0xD637, 0xD653, 0xD672, 0xD690, 0xD6AF, 
	0xD6CB, 0xD6E5, 0xD6FB, 0xD70C, 0xD717, 0xD71B, 0xDF94, 0xDFA0, 0xDFC1, 
	0xDFF4, 0xE036, 0xE083, 0xE0D9, 0xE134, 0xE190, 0xE1EA, 0xE240, 0xE28D, 
	0xE2CF, 0xE302, 0xE323, 0xE32F, 0xE323, 0xE302, 0xE2CF, 0xE28D, 0xE240, 
	0xE1EA, 0xE190, 0xE134, 0xE0D9, 0xE083, 0xE036, 0xDFF4, 0xDFC1, 0xDFA0, 
	0xDF94, 0xFFFF, 0xFFFF, 0x0000, 0xFFFF, 0xFFFF, 0xFFFF, 0xFFFF, 0xFFFF, 
	0xFFFF, 0xFFFF, 0xFFFF, 0xFFFF, 0xFFFF, 0xFFFF, 0xFFFF, 0xFFFF, 0xFFFF, 
	0xFFFF, 0xFFFF, 0xFFFF, 0xFFFF, 0xFFFF, 0xFFFF, 0xFFFF, 0xFFFF, 0xFFFF, 
	0x0000, 0xFFFF, 0x0000, 0xFFFF, 0xAE0C, 0xAE13, 0xAE28, 0xAE48, 0xAE71, 
	0xAEA1, 0xAED6, 0xAF0E, 0xAF48, 0xAF80, 0xAFB5, 0xAFE5, 0xB00E, 0xB02E, 
	0xB043, 0xB04A, 0xB043, 0xB02E, 0xB00E, 0xAFE5, 0xAFB5, 0xAF80, 0xAF48, 
	0xAF0E, 0xAED6, 0xAEA1, 0xAE71, 0xAE48, 0xAE28, 0xAE13, 0xAE0C, 0xCC38, 
	0xCC0D, 0xCB94, 0xCAD9, 0xC9E8, 0xC8CE, 0xC795, 0xC64A, 0xC4FA, 0xC3AF, 
	0xC277, 0xC15C, 0xC06B, 0xBFB1, 0xBF38, 0xBF0D, 0xBF38, 0xBFB1, 0xC06B, 
	0xC15C, 0xC277, 0xC3AF, 0xC4FA, 0xC64A, 0xC795, 0xC8CE, 0xC9E8, 0xCAD9, 
	0xCB94, 0xCC0D, 0xCC38, 0x20F6, 0x20FC, 0x210B, 0x2123, 0x2142, 0x2166, 
	0x218F, 0x21B9, 0x21E4, 0x220F, 0x2237, 0x225B, 0x227A, 0x2292, 0x22A2, 
	0x22A7, 0x22A2, 0x2292, 0x227A, 0x225B, 0x2237, 0x220F, 0x21E4, 0x21B9, 
	0x218F, 0x2166, 0x2142, 0x2123, 0x210B, 0x20FC, 0x20F6, 0x07DD, 0x07A4, 
	0x0701, 0x0606, 0x04C2, 0x0346, 0x01A1, 0xFFE3, 0xFE1E, 0xFC62, 0xFABD, 
	0xF941, 0xF7FD, 0xF702, 0xF65F, 0xF625, 0xF65F, 0xF702, 0xF7FD, 0xF941, 
	0xFABD, 0xFC62, 0xFE1E, 0xFFE3, 0x01A1, 0x0346, 0x04C2, 0x0606, 0x0701, 
	0x07A4, 0x07DD, 0x0000, 0xFFFF, 0xBFFF, 0xE74A, 0xE752, 0xE76A, 0xE78E, 
	0xE7BD, 0xE7F4, 0xE831, 0xE872, 0xE8B3, 0xE8F4, 0xE930, 0xE967, 0xE996, 
	0xE9BB, 0xE9D2, 0xE9DB, 0xE9D2, 0xE9BB, 0xE996, 0xE967, 0xE930, 0xE8F4, 
	0xE8B3, 0xE872, 0xE831, 0xE7F4, 0xE7BD, 0xE78E, 0xE76A, 0xE752, 0xE74A, 
	0x2597, 0x259B, 0x25A6, 0x25B7, 0x25CE, 0x25E8, 0x2605, 0x2623, 0x2643, 
	0x2661, 0x267E, 0x2698, 0x26AF, 0x26C0, 0x26CB, 0x26CF, 0x26CB, 0x26C0, 
	0x26AF, 0x2698, 0x267E, 0x2661, 0x2643, 0x2623, 0x2605, 0x25E8, 0x25CE, 
	0x25B7, 0x25A6, 0x259B, 0x2597, 0xDB34, 0xDB3F, 0xDB5C, 0xDB89, 0xDBC3, 
	0xDC08, 0xDC53, 0xDCA3, 0xDCF4, 0xDD44, 0xDD90, 0xDDD4, 0xDE0E, 0xDE3B, 
	0xDE58, 0xDE63, 0xDE58, 0xDE3B, 0xDE0E, 0xDDD4, 0xDD90, 0xDD44, 0xDCF4, 
	0xDCA3, 0xDC53, 0xDC08, 0xDBC3, 0xDB89, 0xDB5C, 0xDB3F, 0xDB34, 0x0000, 
	0xFFFF, 0xFFFF, 0xFFFF, 0xFFFF, 0xFFFF, 0xFFFF, 0xFFFF, 0xFFFF, 0xFFFF, 
	0xFFFF, 0xFFFF, 0xFFFF, 0x0000, 0x0000, 0xFFFF, 0xB049, 0xB051, 0xB065, 
	0xB085, 0xB0AE, 0xB0DE, 0xB113, 0xB14C, 0xB185, 0xB1BD, 0xB1F3, 0xB223, 
	0xB24C, 0xB26C, 0xB280, 0xB287, 0xB280, 0xB26C, 0xB24C, 0xB223, 0xB1F3, 
	0xB1BD, 0xB185, 0xB14C, 0xB113, 0xB0DE, 0xB0AE, 0xB085, 0xB065, 0xB051, 
	0xB049, 0x3271, 0x32AF, 0x335F, 0x346F, 0x35CD, 0x3768, 0x392F, 0x3B10, 
	0x3CFA, 0x3EDB, 0x40A2, 0x423D, 0x439B, 0x44AB, 0x455A, 0x4599, 0x455A, 
	0x44AB, 0x439B, 0x423D, 0x40A2, 0x3EDB, 0x3CFA, 0x3B10, 0x392F, 0x3768, 
	0x35CD, 0x346F, 0x335F, 0x32AF, 0x3271, 0xDBDA, 0xDBD5, 0xDBC7, 0xDBB2, 
	0xDB97, 0xDB76, 0xDB53, 0xDB2D, 0xDB07, 0xDAE1, 0xDABD, 0xDA9D, 0xDA82, 
	0xDA6D, 0xDA5F, 0xDA5A, 0xDA5F, 0xDA6D, 0xDA82, 0xDA9D, 0xDABD, 0xDAE1, 
	0xDB07, 0xDB2D, 0xDB53, 0xDB76, 0xDB97, 0xDBB2, 0xDBC7, 0xDBD5, 0xDBDA, 
	0x1385, 0x1337, 0x125A, 0x1104, 0x0F4C, 0x0D47, 0x0B0B, 0x08AF, 0x0648, 
	0x03EB, 0x01AF, 0xFFAA, 0xFDF2, 0xFC9C, 0xFBBF, 0xFB71, 0xFBBF, 0xFC9C, 
	0xFDF2, 0xFFAA, 0x01AF, 0x03EB, 0x0648, 0x08AF, 0x0B0B, 0x0D47, 0x0F4C, 
	0x1104, 0x125A, 0x1337, 0x1385, 0x0000, 0xFFFF, 0xFFFF, 0xFFFF, 0xFFFF, 
	0xFFFF, 0xFFFF, 0xFFFF, 0xFFFF, 0xFFFF, 0xFFFF, 0xFFFF, 0xFFFF, 0xFFFF, 
	0x0000, 0x0000, 0xFFFF, 0xFFFF, 0xFFFF, 0xFFFF, 0xFFFF, 0xFFFF, 0xFFFF, 
	0xFFFF, 0xFFFF, 0xFFFF, 0xFFFF, 0xFFFF, 0xFFFF, 0x0000, 0x0000, 0xBFFF, 
	0xD996, 0xF6AC, 0xD3DF, 0xD3DF, 0xD3E4, 0xD3F3, 0xD40C, 0xD42E, 0xD456, 
	0xD481, 0xD4AD, 0xD4D8, 0xD500, 0xD521, 0xD539, 0xD546, 0xD54A, 0xD54B, 
	0xD54A, 0xD546, 0xD539, 0xD521, 0xD500, 0xD4D8, 0xD4AD, 0xD481, 0xD456, 
	0xD42E, 0xD40C, 0xD3F3, 0xD3E4, 0xD3DF, 0x0000, 0x0000, 0x00EF, 0xF330, 
	0xF330, 0xF32C, 0xF320, 0xF30C, 0xF2F0, 0xF2D0, 0xF2AD, 0xF28A, 0xF267, 
	0xF247, 0xF22D, 0xF219, 0xF20E, 0xF20B, 0xF20B, 0xF20B, 0xF20E, 0xF219, 
	0xF22D, 0xF247, 0xF267, 0xF28A, 0xF2AD, 0xF2D0, 0xF2F0, 0xF30C, 0xF320, 
	0xF32C, 0xF330, 0xFC85, 0xFC85, 0xFC86, 0xFC88, 0xFC8D, 0xFC92, 0xFC98, 
	0xFC9F, 0xFCA6, 0xFCAD, 0xFCB3, 0xFCB9, 0xFCBD, 0xFCBF, 0xFCBF, 0xFCBF, 
	0xFCBF, 0xFCBF, 0xFCBD, 0xFCB9, 0xFCB3, 0xFCAD, 0xFCA6, 0xFC9F, 0xFC98, 
	0xFC92, 0xFC8D, 0xFC88, 0xFC86, 0xFC85, 0xD2D4, 0xD2D4, 0xD2D1, 0xD2CA, 
	0xD2BD, 0xD2AC, 0xD298, 0xD282, 0xD26C, 0xD256, 0xD242, 0xD231, 0xD225, 
	0xD21E, 0xD21C, 0xD21C, 0xD21C, 0xD21E, 0xD225, 0xD231, 0xD242, 0xD256, 
	0xD26C, 0xD282, 0xD298, 0xD2AC, 0xD2BD, 0xD2CA, 0xD2D1, 0xD2D4, 0x0000, 
	0xFFFF, 0xFFFF, 0xFFFF, 0xFFFF, 0xFFFF, 0xFFFF, 0xFFFF, 0xFFFF, 0xFFFF, 
	0xFFFF, 0xFFFF, 0xFFFF, 0xFFFF, 0x0000, 0x0000, 0xFFFF, 0xFFFF, 0xFFFF, 
	0xFFFF, 0xFFFF, 0xFFFF, 0xFFFF, 0xFFFF, 0xFFFF, 0xFFFF, 0xFFFF, 0xFFFF, 
	0xFFFF, 0x0000, 0x0000, 0xBFFF, 0x1AC6, 0x0A6E, 0xD368, 0xD369, 0xD36E, 
	0xD37C, 0xD396, 0xD3B7, 0xD3DF, 0xD40A, 0xD437, 0xD462, 0xD489, 0xD4AA, 
	0xD4C2, 0xD4D0, 0xD4D4, 0xD4D4, 0xD4D4, 0xD4D0, 0xD4C2, 0xD4AA, 0xD489, 
	0xD462, 0xD437, 0xD40A, 0xD3DF, 0xD3B7, 0xD396, 0xD37C, 0xD36E, 0xD369, 
	0xD368, 0xFFFF, 0x0000, 0x0000, 0x0000, 0x0000, 0x0000, 0x0000, 0x0000, 
	0x0000, 0x0000, 0x0000, 0xFFFF, 0x0000, 0x0000, 0x0000, 0x0000, 0x0000, 
	0x0000, 0x0000, 0x0000, 0x0000, 0x0000, 0x0000, 0x0000, 0x0000, 0x0000, 
	0x0000, 0x0000, 0xFFFF, 0xFFFF, 0xFFFF, 0xFFFF, 0xFFFF, 0x0000, 0xFFFF, 
	0x0000, 0x0000, 0x0000, 0xFFFF, 0x0000, 0x0000, 0x0000, 0xFFFF, 0xFFFF, 
	0xFFFF, 0xFFFF, 0x0000, 0x0000, 0xFFFF, 0xFFFF, 0x0000, 0x0000, 0x0000, 
	0xFFFF, 0xFB08, 0x0BD7, 0x0BD8, 0x0BDB, 0x0BE4, 0x0BF5, 0x0C0A, 0x0C24, 
	0x0C40, 0x0C5C, 0x0C78, 0x0C91, 0x0CA6, 0x0CB6, 0x0CBF, 0x0CC1, 0x0CC2, 
	0x0CC1, 0x0CBF, 0x0CB6, 0x0CA6, 0x0C91, 0x0C78, 0x0C5C, 0x0C40, 0x0C24, 
	0x0C0A, 0x0BF5, 0x0BE4, 0x0BDB, 0x0BD8, 0x0BD7, 0xFE36, 0xFE36, 0xFE36, 
	0xFE36, 0xFE37, 0xFE37, 0xFE38, 0xFE38, 0xFE39, 0xFE39, 0xFE39, 0xFE3A, 
	0xFE3A, 0xFE3A, 0xFE3A, 0xFE3A, 0xFE3A, 0xFE3A, 0xFE3A, 0xFE3A, 0xFE39, 
	0xFE39, 0xFE39, 0xFE38, 0xFE38, 0xFE37, 0xFE37, 0xFE36, 0xD54D, 0xD54C, 
	0xD548, 0xD53D, 0xD528, 0xD50E, 0xD4EE, 0xD4CC, 0xD4A9, 0xD486, 0xD467, 
	0xD44D, 0xD43A, 0xD42F, 0xD42C, 0xD42B, 0xD42C, 0xD42F, 0xD43A, 0xD44D, 
	0xD467, 0xD486, 0xD4A9, 0xD4CC, 0xD4EE, 0xD50E, 0xD528, 0xD53D, 0xD548, 
	0xD54C, 0xD54D, 

},{ 
	0x0001, 0x0000, 0x0019, 0x0001, 0x001E, 0x001A, 0x001E, 0x0038, 0x0001, 
	0x0056, 0x0001, 0x0057, 0x0001, 0x0058, 0x0001, 0x0059, 0x0001, 0x005A, 
	0x0001, 0x005B, 0x0001, 0x005C, 0x001F, 0x005D, 0x0001, 0x007C, 0x0001, 
	0x007D, 0x001F, 0x007E, 0x0001, 0x009D, 0x0001, 0x009E, 0x0001, 0x009F, 
	0x001F, 0x00A0, 0x001F, 0x00BF, 0x001F, 0x00DE, 0x0001, 0x00FD, 0x001D, 
	0x00FE, 0x001F, 0x011B, 0x001F, 0x013A, 0x001F, 0x0159, 0x001F, 0x0178, 
	0x0001, 0x0197, 0x0001, 0x0198, 0x0001, 0x0199, 0x001F, 0x019A, 0x001F, 
	0x01B9, 0x001F, 0x01D8, 0x0001, 0x01F7, 0x000F, 0x01F8, 0x001F, 0x0207, 
	0x001F, 0x0226, 0x001F, 0x0245, 0x001F, 0x0264, 0x001E, 0x0283, 0x0001, 
	0x02A1, 0x0001, 0x02A2, 0x0001, 0x02A3, 0x0001, 0x02A4, 0x001E, 0x02A5, 
	0x0001, 0x02C3, 0x0001, 0x02C4, 0x0001, 0x02C5, 0x001E, 0x02C6, 0x001E, 
	0x02E4, 0x001E, 0x0302, 0x001E, 0x0320, 0x0001, 0x033E, 0x0001, 0x033F, 
	0x0001, 0x0340, 0x0001, 0x0341, 0x001F, 0x0342, 0x001D, 0x0361, 0x0019, 
	0x037E, 0x0001, 0x0397, 0x001F, 0x0398, 0x001C, 0x03B7, 0x001F, 0x03D3, 
	

});
smlua_anim_util_register_animation('JSYP_SINGLE_JUMP',1, 0, 0, 0, 20, { 
	0x0000, 0x00C0, 0x0000, 0x0000, 0x3FFF, 0x0000, 0xFFFF, 0xFFFF, 0x3A85, 
	0x1EB1, 0x1D28, 0x18FD, 0x12DA, 0x0B65, 0x0349, 0xFB2B, 0xF3B7, 0xED93, 
	0xE969, 0xE7E0, 0xE7E1, 0xE7E5, 0xE7EB, 0xE7F2, 0xE7FA, 0xE802, 0xE809, 
	0xE80F, 0xE813, 0xE814, 0xFA31, 0xFA38, 0xFA4A, 0xFA64, 0xFA83, 0xFAA6, 
	0xFAC8, 0xFAE8, 0xFB02, 0xFB14, 0xFB1A, 0xFB13, 0xFAFF, 0xFAE2, 0xFABE, 
	0xFA97, 0xFA70, 0xFA4D, 0xFA30, 0xFA1C, 0xFA14, 0x0FB5, 0x0F1F, 0x0D86, 
	0x0B28, 0x0842, 0x0512, 0x01D7, 0xFECD, 0xFC33, 0xFA47, 0xF946, 0xF8DB, 
	0xF886, 0xF843, 0xF811, 0xF7ED, 0xF7D5, 0xF7C6, 0xF7BF, 0xF7BC, 0xE560, 
	0xE6C8, 0xEA98, 0xF036, 0xF709, 0xFE76, 0x05E4, 0x0CB7, 0x1255, 0x1626, 
	0x178D, 0x1784, 0x176C, 0x1749, 0x171E, 0x16EF, 0x16C0, 0x1695, 0x1671, 
	0x1659, 0x1650, 0x0C78, 0x0C25, 0x0B3C, 0x09DB, 0x081F, 0x0622, 0x0402, 
	0x01DC, 0xFFC9, 0xFDEA, 0xFC58, 0xFB1A, 0xFA1A, 0xF953, 0xF8BE, 0xF853, 
	0xF80B, 0xF7DF, 0xF7C9, 0xF7C1, 0xF7C0, 0x0759, 0x076C, 0x07A7, 0x0805, 
	0x0887, 0x0928, 0x09E9, 0x0AC6, 0x0BBF, 0x0CD0, 0x0DF8, 0x0F35, 0x107B, 
	0x11C3, 0x1300, 0x1429, 0x1533, 0x1615, 0x16C2, 0x1732, 0x175A, 0xFFFE, 
	0x0001, 0xC170, 0x1B6A, 0x1B6A, 0x1B6B, 0x1B6D, 0x1B70, 0x1B76, 0x1B7F, 
	0x1B8C, 0x1B9C, 0x1BB2, 0x1BCD, 0x1C05, 0x1C6A, 0x1CF1, 0x1D8C, 0x1E30, 
	0x1ED2, 0x1F64, 0x1FDC, 0x202C, 0x204A, 0xE744, 0xE6EC, 0xE600, 0xE4A4, 
	0xE2FD, 0xE131, 0xDF64, 0xDDBD, 0xDC61, 0xDB75, 0xDB1D, 0xDB37, 0xDB7B, 
	0xDBDF, 0xDC59, 0xDCDD, 0xDD61, 0xDDDB, 0xDE3F, 0xDE83, 0xDE9C, 0xAFB2, 
	0xAF88, 0xAF10, 0xAE57, 0xAD68, 0xAC50, 0xAB1A, 0xA9D2, 0xA883, 0xA73A, 
	0xA602, 0xA4E5, 0xA3E6, 0xA304, 0xA23F, 0xA198, 0xA110, 0xA0A5, 0xA058, 
	0xA02A, 0xA01B, 0xFFFF, 0xFFFF, 0xF410, 0xF2FD, 0xF00D, 0xEBAD, 0xE649, 
	0xE051, 0xDA31, 0xD457, 0xCF2F, 0xCB28, 0xC8AE, 0xC746, 0xC626, 0xC546, 
	0xC49D, 0xC424, 0xC3D3, 0xC3A2, 0xC389, 0xC37F, 0xC37E, 0xDFF1, 0xDFDB, 
	0xDF9F, 0xDF46, 0xDEDA, 0xDE64, 0xDDEF, 0xDD83, 0xDD2A, 0xDCEE, 0xDCD7, 
	0x0589, 0x057F, 0x0563, 0x053A, 0x0508, 0x04D2, 0x049C, 0x046A, 0x0441, 
	0x0425, 0x041B, 0xEE9A, 0xEE16, 0xECB0, 0xEAA1, 0xE821, 0xE568, 0xE2B0, 
	0xE030, 0xDE21, 0xDCBB, 0xDC37, 0xFFFE, 0x0001, 0xC170, 0xE4B1, 0xE4F7, 
	0xE5C1, 0xE6FE, 0xE8A0, 0xEA99, 0xECDA, 0xEF53, 0xF1F7, 0xF4B6, 0xF781, 
	0xFA4A, 0xFD04, 0xFF9F, 0x020F, 0x0445, 0x0633, 0x07CB, 0x0900, 0x09C3, 
	0x0A07, 0x265B, 0x264A, 0x261C, 0x25D8, 0x2585, 0x2529, 0x24CA, 0x2470, 
	0x2420, 0x23E3, 0x23BD, 0x23A9, 0x2398, 0x238B, 0x2382, 0x237B, 0x2376, 
	0x2373, 0x2372, 0x2371, 0xA66C, 0xA760, 0xAA0B, 0xAE23, 0xB360, 0xB979, 
	0xC024, 0xC718, 0xCE0D, 0xD4B9, 0xDAD3, 0xE020, 0xE4A1, 0xE864, 0xEB77, 
	0xEDE9, 0xEFC9, 0xF125, 0xF20C, 0xF28C, 0xF2B3, 0xFFFF, 0xFFFF, 0xFFFF, 
	0x0000, 0x0000, 0x0000, 0xFFFF, 0xFFFF, 0xFFFF, 0xFFFF, 0xFFFF, 0xFFFF, 
	0xFFFF, 0xFFFF, 0xFFFF, 0xFFFF, 0xFFFF, 0xFFFF, 0x0000, 0xFFFF, 0x0000, 
	0xBD42, 0xBE35, 0xC0C8, 0xC493, 0xC92F, 0xCE32, 0xD336, 0xD7D1, 0xDB9C, 
	0xDE2F, 0xDF22, 0xDE8F, 0xDCFF, 0xDAB1, 0xD7E5, 0xD4DA, 0xD1CF, 0xCF03, 
	0xCCB5, 0xCB25, 0xCA92, 0xFFFF, 0xFFFF, 0x0000, 0xFFFF, 0xFFFF, 0xFFFF, 
	0xFFFF, 0xFFFF, 0xFFFF, 0xFFFF, 0xFFFF, 0x0000, 0xFFFF, 0x0000, 0xE843, 
	0x0000, 0x0000, 0xC5E3, 0x0132, 0x0127, 0x010A, 0x00DE, 0x00A9, 0x006F, 
	0x0034, 0xFFFB, 0xFFCC, 0xFFAA, 0xFF99, 0xFF93, 0xFF8E, 0xFF8A, 0xFF87, 
	0xFF85, 0xFF83, 0xFF83, 0xFF82, 0x00D7, 0x00DB, 0x00E6, 0x00F6, 0x010A, 
	0x011F, 0x0135, 0x0148, 0x0159, 0x0164, 0x0168, 0x0168, 0x0167, 0x0166, 
	0x0165, 0x0164, 0x0163, 0x0162, 0x0161, 0x0161, 0x0160, 0xC382, 0xC22B, 
	0xBE86, 0xB920, 0xB289, 0xAB4F, 0xA401, 0x9D2D, 0x9763, 0x9330, 0x9124, 
	0x906D, 0x8FDB, 0x8F6A, 0x8F14, 0x8ED7, 0x8EAE, 0x8E95, 0x8E88, 0x8E84, 
	0x8E83, 0x0000, 0x0000, 0x0000, 0x0000, 0xFFFF, 0xFFFF, 0x0000, 0xFFFF, 
	0x0000, 0x0000, 0x0000, 0xFFFF, 0x0000, 0xFFFF, 0x0000, 0xFFFF, 0x0000, 
	0x3C70, 0x3ABB, 0x3618, 0x2F3C, 0x26DF, 0x1DB7, 0x147A, 0x0BE0, 0x04A0, 
	0xFF6E, 0xFD04, 0xFC4E, 0xFBBC, 0xFB4A, 0xFAF5, 0xFAB8, 0xFA8F, 0xFA76, 
	0xFA69, 0xFA64, 0xFFFF, 0x0000, 0x0000, 0xFFFF, 0xFFFF, 0x0000, 0x0000, 
	0xFFFF, 0x0000, 0x0000, 0xFFFF, 0x0000, 0x0000, 0x0000, 0x0000, 0x0000, 
	0x0000, 0x0000, 0x0000, 0x0000, 0x0000, 0xFFFF, 0xFFFF, 0xFFFF, 0xFFFF, 
	0xFFFF, 0xFFFF, 0xFFFF, 0xFFFF, 0xFFFF, 0x0000, 0xFFFF, 0xE91F, 0xE855, 
	0xE62F, 0xE2FE, 0xDF14, 0xDAC4, 0xD660, 0xD23A, 0xCEA4, 0xCBF0, 0xCA71, 
	0xC9BB, 0xC929, 0xC8B7, 0xC862, 0xC825, 0xC7FC, 0xC7E3, 0xC7D6, 0xC7D2, 
	0xC7D1, 0xFFFF, 0x0000, 0xBF5E, 0x004C, 0x0048, 0x003E, 0x002F, 0x001D, 
	0x0009, 0xFFF4, 0xFFE1, 0xFFD1, 0xFFC6, 0xFFC1, 0xFFBF, 0xFFBE, 0xFFBD, 
	0xFFBC, 0xFFBC, 0xFFBB, 0xFFB7, 0xFFB7, 0xFFB6, 0xFFB5, 0xFFB3, 0xFFB2, 
	0xFFB0, 0xFFAE, 0xFFAD, 0xFFAC, 0xFFAC, 0xFFAC, 0xFFAC, 0xFFAD, 0xFFAD, 
	0xFFAE, 0xFFAF, 0xFFAF, 0xFFB0, 0xAA35, 0xABCA, 0xB019, 0xB679, 0xBE41, 
	0xC6C8, 0xCF65, 0xD770, 0xDE3F, 0xE329, 0xE586, 0xE64F, 0xE6F0, 0xE76D, 
	0xE7CB, 0xE80F, 0xE83C, 0xE857, 0xE865, 0xE86A, 0xE86B, 0x0000, 0x0000, 
	0x0000, 0x0000, 0x0000, 0x0000, 0x0000, 0x0000, 0x0000, 0x0000, 0xFFFF, 
	0x0000, 0xFFFF, 0x0000, 0x0000, 0xFFFF, 0x0000, 0x0000, 0xFFFF, 0xFFFF, 
	0x0000, 0x3491, 0x338C, 0x30C6, 0x2CB0, 0x27BA, 0x2254, 0x1CEE, 0x17F8, 
	0x13E2, 0x111C, 0x1017, 0x102B, 0x1064, 0x10B7, 0x111B, 0x1189, 0x11F7, 
	0x125B, 0x12AE, 0x12E7, 0x12FB, 0xFFFF, 0xFFFF, 0xFFFF, 0x0000, 0xFFFF, 
	0xFFFF, 0xFFFF, 0x0000, 0xFFFF, 0xFFFF, 0xFFFF, 0xFFFF, 0x0000, 0x0000, 
	0xFFFF, 0x0000, 0xFFFF, 0x0000, 0xFFFF, 0x0000, 0x0000, 0xFFFF, 0xFFFF, 
	0x0000, 0xFFFF, 0x0000, 0x0000, 0x0000, 0xFFFF, 0xFFFF, 0x0000, 0xBF62, 
	0xC031, 0xC264, 0xC5A8, 0xC9AA, 0xCE16, 0xD297, 0xD6DC, 0xDA8F, 0xDD5E, 
	0xDEF4, 0xDFBD, 0xE05E, 0xE0DB, 0xE139, 0xE17C, 0xE1AA, 0xE1C5, 0xE1D3, 
	0xE1D8, 0xE1D9, 

},{ 
	0x0001, 0x0000, 0x0001, 0x0001, 0x0001, 0x0002, 0x0001, 0x0003, 0x0001, 
	0x0004, 0x0001, 0x0005, 0x0001, 0x0006, 0x0001, 0x0007, 0x0001, 0x0008, 
	0x0015, 0x0009, 0x0015, 0x001E, 0x0014, 0x0033, 0x0015, 0x0047, 0x0015, 
	0x005C, 0x0015, 0x0071, 0x0001, 0x0086, 0x0001, 0x0087, 0x0001, 0x0088, 
	0x0015, 0x0089, 0x0015, 0x009E, 0x0015, 0x00B3, 0x0001, 0x00C8, 0x0001, 
	0x00C9, 0x0015, 0x00CA, 0x000B, 0x00DF, 0x000B, 0x00EA, 0x000B, 0x00F5, 
	0x0001, 0x0100, 0x0001, 0x0101, 0x0001, 0x0102, 0x0015, 0x0103, 0x0014, 
	0x0118, 0x0015, 0x012C, 0x0004, 0x0141, 0x0011, 0x0145, 0x0015, 0x0156, 
	0x000D, 0x016B, 0x0001, 0x0178, 0x0001, 0x0179, 0x0001, 0x017A, 0x0001, 
	0x017B, 0x0001, 0x017C, 0x0013, 0x017D, 0x0015, 0x0190, 0x0015, 0x01A5, 
	0x0008, 0x01BA, 0x0009, 0x01C2, 0x0014, 0x01CB, 0x000B, 0x01DF, 0x0015, 
	0x01EA, 0x0015, 0x01FF, 0x0001, 0x0214, 0x0001, 0x0215, 0x0001, 0x0216, 
	0x0011, 0x0217, 0x0013, 0x0228, 0x0015, 0x023B, 0x000B, 0x0250, 0x000A, 
	0x025B, 0x0015, 0x0265, 0x0014, 0x027A, 0x000B, 0x028E, 0x0015, 0x0299, 
	

});
smlua_anim_util_register_animation('JSYP_SINGLE_JUMP_LAND',1, 0, 0, 0, 34, { 
	0x0000, 0x00B6, 0x00B6, 0x00B6, 0x00B6, 0x00B6, 0x00B6, 0x00B6, 0x00B6, 
	0x00B6, 0x00B6, 0x00B6, 0x00B6, 0x00B6, 0x00B6, 0x00B6, 0x00B6, 0x00B6, 
	0x00B6, 0x00B6, 0x00B6, 0x00B6, 0x00B6, 0x00AC, 0x0098, 0x008E, 0x0090, 
	0x0095, 0x009C, 0x00A4, 0x00AC, 0x00B3, 0x00B8, 0x00BA, 0x00B8, 0x00B6, 
	0x0013, 0x0013, 0x0013, 0x0013, 0x0013, 0x0013, 0x0013, 0x0013, 0x0013, 
	0x0013, 0x0013, 0x0013, 0x0013, 0x0013, 0x0013, 0x0013, 0x0013, 0x0013, 
	0x0013, 0x0013, 0x0013, 0x0013, 0xFFFD, 0xFFD4, 0xFFBE, 0xFFBF, 0xFFC4, 
	0xFFCA, 0xFFD2, 0xFFDC, 0xFFE8, 0xFFF4, 0x0001, 0x000E, 0x0013, 0xFFFF, 
	0x4000, 0x0000, 0x0000, 0x0000, 0x0000, 0x0000, 0x0000, 0x0000, 0x0000, 
	0x0000, 0x0000, 0x0000, 0x0000, 0x0000, 0x0000, 0x0000, 0x0000, 0x0000, 
	0x0000, 0x0000, 0x0000, 0x0000, 0x0000, 0x0000, 0x0000, 0x0000, 0xFFFF, 
	0xFFFF, 0xFFFF, 0xFFFF, 0xFFFF, 0xFFFF, 0xFFFF, 0xFFFF, 0xFFFF, 0xFFFF, 
	0x0000, 0xFFFF, 0x3319, 0x3319, 0x3319, 0x3319, 0x3319, 0x3319, 0x3319, 
	0x3319, 0x3319, 0x3319, 0x3319, 0x3319, 0x3319, 0x3319, 0x3319, 0x3319, 
	0x3319, 0x3319, 0x3319, 0x3319, 0x3319, 0x3319, 0x3724, 0x3EA8, 0x42B4, 
	0x4244, 0x4114, 0x3F55, 0x3D36, 0x3AE6, 0x3897, 0x3678, 0x34B8, 0x3388, 
	0x3319, 0xEABC, 0xEABC, 0xEABC, 0xEABC, 0xEABC, 0xEABC, 0xEABC, 0xEABC, 
	0xEABC, 0xEABC, 0xEABC, 0xEABC, 0xEABC, 0xEABC, 0xEABC, 0xEABC, 0xEABC, 
	0xEABC, 0xEABC, 0xEABC, 0xEABC, 0xEABC, 0xEFEE, 0xF9A2, 0xFF06, 0xFF49, 
	0xFF7F, 0xFFA9, 0xFFC9, 0xFFE0, 0xFFEF, 0xFFF8, 0xFFFD, 0xFFFF, 0x0000, 
	0xFC3C, 0xFC3C, 0xFC3C, 0xFC3C, 0xFC3C, 0xFC3C, 0xFC3C, 0xFC3C, 0xFC3C, 
	0xFC3C, 0xFC3C, 0xFC3C, 0xFC3C, 0xFC3C, 0xFC3C, 0xFC3C, 0xFC3C, 0xFC3C, 
	0xFC3C, 0xFC3C, 0xFC3C, 0xFC3C, 0xFD61, 0xFF80, 0x00A5, 0x00A1, 0x0094, 
	0x0082, 0x006B, 0x0053, 0x003A, 0x0024, 0x0011, 0x0005, 0xFFFF, 0xFF42, 
	0xFF42, 0xFF42, 0xFF42, 0xFF42, 0xFF42, 0xFF42, 0xFF42, 0xFF42, 0xFF42, 
	0xFF42, 0xFF42, 0xFF42, 0xFF42, 0xFF42, 0xFF42, 0xFF42, 0xFF42, 0xFF42, 
	0xFF42, 0xFF42, 0xFF42, 0x01B2, 0x0636, 0x08A5, 0x0891, 0x0858, 0x0804, 
	0x079F, 0x0731, 0x06C3, 0x065D, 0x060A, 0x05D1, 0x05BD, 0x1521, 0x1521, 
	0x1521, 0x1521, 0x1521, 0x1521, 0x1521, 0x1521, 0x1521, 0x1521, 0x1521, 
	0x1521, 0x1521, 0x1521, 0x1521, 0x1521, 0x1521, 0x1521, 0x1521, 0x1521, 
	0x1521, 0x1521, 0x100E, 0x067D, 0x00EB, 0x0057, 0x000C, 0xFFEF, 0xFFEB, 
	0xFFEC, 0xFFF0, 0xFFF5, 0xFFFA, 0xFFFD, 0x0000, 0xF9C0, 0xF9C0, 0xF9C0, 
	0xF9C0, 0xF9C0, 0xF9C0, 0xF9C0, 0xF9C0, 0xF9C0, 0xF9C0, 0xF9C0, 0xF9C0, 
	0xF9C0, 0xF9C0, 0xF9C0, 0xF9C0, 0xF9C0, 0xF9C0, 0xF9C0, 0xF9C0, 0xF9C0, 
	0xF9C0, 0xFB18, 0xFDA2, 0xFF27, 0xFF58, 0xFF6E, 0xFF77, 0xFF80, 0xFF92, 
	0xFFAC, 0xFFC9, 0xFFE4, 0xFFF7, 0x0000, 0x1382, 0x1382, 0x1382, 0x1382, 
	0x1382, 0x1382, 0x1382, 0x1382, 0x1382, 0x1382, 0x1382, 0x1382, 0x1382, 
	0x1382, 0x1382, 0x1382, 0x1382, 0x1382, 0x1382, 0x1382, 0x1382, 0x1382, 
	0x0E55, 0x04B8, 0xFF8A, 0x0322, 0x0B08, 0x12ED, 0x1684, 0x1557, 0x1268, 
	0x0E97, 0x0AC6, 0x07D6, 0x06AA, 0xFFFE, 0x0001, 0xC170, 0x2077, 0x2077, 
	0x2077, 0x2077, 0x2077, 0x2077, 0x2077, 0x2077, 0x2077, 0x2077, 0x2077, 
	0x2077, 0x2077, 0x2077, 0x2077, 0x2077, 0x2077, 0x2077, 0x2077, 0x2077, 
	0x2077, 0x2077, 0x1655, 0xFE29, 0xE150, 0xC925, 0xBF03, 0xC2DC, 0xCD03, 
	0xDB5D, 0xEBD1, 0xFC45, 0x0AA0, 0x14C7, 0x18A0, 0xDC6A, 0xDC6A, 0xDC6A, 
	0xDC6A, 0xDC6A, 0xDC6A, 0xDC6A, 0xDC6A, 0xDC6A, 0xDC6A, 0xDC6A, 0xDC6A, 
	0xDC6A, 0xDC6A, 0xDC6A, 0xDC6A, 0xDC6A, 0xDC6A, 0xDC6A, 0xDC6A, 0xDC6A, 
	0xDC6A, 0xDB31, 0xD844, 0xD4C7, 0xD1DB, 0xD0A1, 0xD0E8, 0xD1A4, 0xD2AE, 
	0xD3DE, 0xD50F, 0xD618, 0xD6D4, 0xD71B, 0xB34D, 0xB34D, 0xB34D, 0xB34D, 
	0xB34D, 0xB34D, 0xB34D, 0xB34D, 0xB34D, 0xB34D, 0xB34D, 0xB34D, 0xB34D, 
	0xB34D, 0xB34D, 0xB34D, 0xB34D, 0xB34D, 0xB34D, 0xB34D, 0xB34D, 0xB34D, 
	0xBC39, 0xD17D, 0xEADF, 0x0024, 0x090F, 0x0747, 0x0294, 0xFBEF, 0xF451, 
	0xECB4, 0xE60F, 0xE15C, 0xDF94, 0xFFFF, 0xFFFF, 0xFFFF, 0xFFFF, 0xFFFF, 
	0xFFFF, 0xFFFF, 0xFFFF, 0xFFFF, 0xFFFF, 0xFFFF, 0xFFFF, 0xFFFF, 0xFFFF, 
	0xFFFF, 0xFFFF, 0xFFFF, 0xFFFF, 0xFFFF, 0xFFFF, 0xFFFF, 0xFFFF, 0xFFFF, 
	0xFFFF, 0xFFFF, 0xFFFF, 0xFFFF, 0xFFFF, 0xFFFF, 0xFFFF, 0x0000, 0xFFFF, 
	0xFFFF, 0xFFFF, 0xFFFF, 0xFFFF, 0xFFFF, 0xFFFF, 0xFFFF, 0xFFFF, 0xFFFF, 
	0xFFFF, 0xFFFF, 0xFFFF, 0xFFFF, 0xFFFF, 0xFFFF, 0xFFFF, 0xFFFF, 0xFFFF, 
	0xFFFF, 0xFFFF, 0xFFFF, 0xFFFF, 0xFFFF, 0xFFFF, 0x0000, 0x0000, 0x0000, 
	0x0000, 0x0000, 0x0000, 0x0000, 0xFFFF, 0xFFFF, 0xFFFF, 0x0000, 0xBE52, 
	0xBE52, 0xBE52, 0xBE52, 0xBE52, 0xBE52, 0xBE52, 0xBE52, 0xBE52, 0xBE52, 
	0xBE52, 0xBE52, 0xBE52, 0xBE52, 0xBE52, 0xBE52, 0xBE52, 0xBE52, 0xBE52, 
	0xBE52, 0xBE52, 0xBE52, 0xC139, 0xC827, 0xD06B, 0xD759, 0xDA41, 0xD85A, 
	0xD358, 0xCC44, 0xC426, 0xBC09, 0xB4F4, 0xAFF2, 0xAE0C, 0xFFFF, 0xFFFF, 
	0xFFFF, 0xFFFF, 0xFFFF, 0xFFFF, 0xFFFF, 0xFFFF, 0xFFFF, 0xFFFF, 0xFFFF, 
	0xFFFF, 0xFFFF, 0xFFFF, 0xFFFF, 0xFFFF, 0xFFFF, 0xFFFF, 0xFFFF, 0xFFFF, 
	0xFFFF, 0xFFFF, 0xFBFB, 0xF2E0, 0xE917, 0xE144, 0xDB00, 0xD61F, 0xD274, 
	0xCFD3, 0xCE11, 0xCCFF, 0xCC73, 0xCC3F, 0xCC38, 0xFFFF, 0xFFFF, 0xFFFF, 
	0xFFFF, 0xFFFF, 0xFFFF, 0xFFFF, 0xFFFF, 0xFFFF, 0xFFFF, 0xFFFF, 0xFFFF, 
	0xFFFF, 0xFFFF, 0xFFFF, 0xFFFF, 0xFFFF, 0xFFFF, 0xFFFF, 0xFFFF, 0xFFFF, 
	0xFFFF, 0x028E, 0x085A, 0x0E95, 0x1390, 0x178D, 0x1AA8, 0x1CFE, 0x1EAA, 
	0x1FC9, 0x2077, 0x20D0, 0x20F1, 0x20F6, 0x0000, 0x0000, 0x0000, 0x0000, 
	0x0000, 0x0000, 0x0000, 0x0000, 0x0000, 0x0000, 0x0000, 0x0000, 0x0000, 
	0x0000, 0x0000, 0x0000, 0x0000, 0x0000, 0x0000, 0x0000, 0x0000, 0x0000, 
	0x009C, 0x01FE, 0x037B, 0x04AB, 0x059F, 0x065C, 0x06EB, 0x0751, 0x0796, 
	0x07BF, 0x07D5, 0x07DC, 0x07DD, 0xFFFE, 0x0001, 0xC170, 0xF1BA, 0xF1BA, 
	0xF1BA, 0xF1BA, 0xF1BA, 0xF1BA, 0xF1BA, 0xF1BA, 0xF1BA, 0xF1BA, 0xF1BA, 
	0xF1BA, 0xF1BA, 0xF1BA, 0xF1BA, 0xF1BA, 0xF1BA, 0xF1BA, 0xF1BA, 0xF1BA, 
	0xF1BA, 0xF1BA, 0xF0CD, 0xEEC5, 0xECC0, 0xEB46, 0xEA16, 0xE92A, 0xE878, 
	0xE7F9, 0xE7A4, 0xE770, 0xE755, 0xE74B, 0xE74A, 0x3B21, 0x3B21, 0x3B21, 
	0x3B21, 0x3B21, 0x3B21, 0x3B21, 0x3B21, 0x3B21, 0x3B21, 0x3B21, 0x3B21, 
	0x3B21, 0x3B21, 0x3B21, 0x3B21, 0x3B21, 0x3B21, 0x3B21, 0x3B21, 0x3B21, 
	0x3B21, 0x392D, 0x34E9, 0x30BB, 0x2DB6, 0x2B4B, 0x2969, 0x27FF, 0x26FB, 
	0x264D, 0x25E4, 0x25AE, 0x259A, 0x2597, 0xD698, 0xD698, 0xD698, 0xD698, 
	0xD698, 0xD698, 0xD698, 0xD698, 0xD698, 0xD698, 0xD698, 0xD698, 0xD698, 
	0xD698, 0xD698, 0xD698, 0xD698, 0xD698, 0xD698, 0xD698, 0xD698, 0xD698, 
	0xCCD6, 0xBAB9, 0xB0F7, 0xB226, 0xB55C, 0xBA17, 0xBFD6, 0xC616, 0xCC56, 
	0xD215, 0xD6D0, 0xDA06, 0xDB34, 0xFFFF, 0xFFFF, 0xFFFF, 0xFFFF, 0xFFFF, 
	0xFFFF, 0xFFFF, 0xFFFF, 0xFFFF, 0xFFFF, 0xFFFF, 0xFFFF, 0xFFFF, 0xFFFF, 
	0xFFFF, 0xFFFF, 0xFFFF, 0xFFFF, 0xFFFF, 0xFFFF, 0xFFFF, 0xFFFF, 0x0000, 
	0x0000, 0xFFFF, 0xFFFF, 0xFFFF, 0xFFFF, 0x0000, 0xFFFF, 0xD4F5, 0xD4F5, 
	0xD4F5, 0xD4F5, 0xD4F5, 0xD4F5, 0xD4F5, 0xD4F5, 0xD4F5, 0xD4F5, 0xD4F5, 
	0xD4F5, 0xD4F5, 0xD4F5, 0xD4F5, 0xD4F5, 0xD4F5, 0xD4F5, 0xD4F5, 0xD4F5, 
	0xD4F5, 0xD4F5, 0xD5EC, 0xD7B8, 0xD8AF, 0xD78E, 0xD47C, 0xCFF5, 0xCA77, 
	0xC47C, 0xBE82, 0xB903, 0xB47D, 0xB16B, 0xB049, 0x0000, 0x0000, 0x0000, 
	0x0000, 0x0000, 0x0000, 0x0000, 0x0000, 0x0000, 0x0000, 0x0000, 0x0000, 
	0x0000, 0x0000, 0x0000, 0x0000, 0x0000, 0x0000, 0x0000, 0x0000, 0x0000, 
	0x0000, 0x03E9, 0x0CC8, 0x1651, 0x1DF0, 0x240B, 0x28CB, 0x2C5E, 0x2EED, 
	0x30A4, 0x31AF, 0x3237, 0x326A, 0x3271, 0xFFFF, 0xFFFF, 0xFFFF, 0xFFFF, 
	0xFFFF, 0xFFFF, 0xFFFF, 0xFFFF, 0xFFFF, 0xFFFF, 0xFFFF, 0xFFFF, 0xFFFF, 
	0xFFFF, 0xFFFF, 0xFFFF, 0xFFFF, 0xFFFF, 0xFFFF, 0xFFFF, 0xFFFF, 0xFFFF, 
	0xFD32, 0xF6D6, 0xF001, 0xEA8B, 0xE62C, 0xE2C4, 0xE034, 0xDE5F, 0xDD24, 
	0xDC65, 0xDC03, 0xDBDF, 0xDBDA, 0x0000, 0x0000, 0x0000, 0x0000, 0x0000, 
	0x0000, 0x0000, 0x0000, 0x0000, 0x0000, 0x0000, 0x0000, 0x0000, 0x0000, 
	0x0000, 0x0000, 0x0000, 0x0000, 0x0000, 0x0000, 0x0000, 0x0000, 0x0183, 
	0x04F2, 0x08A3, 0x0B96, 0x0DF2, 0x0FC9, 0x112B, 0x1229, 0x12D3, 0x133A, 
	0x136F, 0x1382, 0x1385, 0xFFFF, 0xFFFF, 0xFFFF, 0xFFFF, 0xFFFF, 0xFFFF, 
	0xFFFF, 0xFFFF, 0xFFFF, 0xFFFF, 0xFFFF, 0xFFFF, 0xFFFF, 0xFFFF, 0xFFFF, 
	0xFFFF, 0xFFFF, 0xFFFF, 0xFFFF, 0xFFFF, 0xFFFF, 0xFFFF, 0xFFFF, 0x0000, 
	0xFFFF, 0xFFFF, 0x0000, 0x0000, 0x0000, 0x0000, 0xFFFF, 0xFFFF, 0x0000, 
	0xFFFF, 0x0000, 0x0000, 0x0000, 0x0000, 0x0000, 0x0000, 0x0000, 0x0000, 
	0x0000, 0x0000, 0x0000, 0x0000, 0x0000, 0x0000, 0x0000, 0x0000, 0x0000, 
	0x0000, 0x0000, 0x0000, 0x0000, 0x0000, 0x0000, 0x0000, 0xFFFF, 0xFFFF, 
	0xFFFF, 0xFFFF, 0x0000, 0x0000, 0x0000, 0xFFFF, 0x0000, 0xC5E3, 0xFECA, 
	0xFECA, 0xFECA, 0xFECA, 0xFECA, 0xFECA, 0xFECA, 0xFECA, 0xFECA, 0xFECA, 
	0xFECA, 0xFECA, 0xFECA, 0xFECA, 0xFECA, 0xFECA, 0xFECA, 0xFECA, 0xFECA, 
	0xFECA, 0xFECA, 0xFECA, 0xFEE7, 0xFF1C, 0xFF39, 0xFE2B, 0xFB4F, 0xF718, 
	0xF1F9, 0xEC67, 0xE6D6, 0xE1B7, 0xDD80, 0xDAA4, 0xD996, 0x023E, 0x023E, 
	0x023E, 0x023E, 0x023E, 0x023E, 0x023E, 0x023E, 0x023E, 0x023E, 0x023E, 
	0x023E, 0x023E, 0x023E, 0x023E, 0x023E, 0x023E, 0x023E, 0x023E, 0x023E, 
	0x023E, 0x023E, 0x01E9, 0x0110, 0xFFEB, 0xFEAD, 0xFD67, 0xFC23, 0xFAEB, 
	0xF9C7, 0xF8C3, 0xF7E8, 0xF73F, 0xF6D3, 0xF6AC, 0xB0E1, 0xB0E1, 0xB0E1, 
	0xB0E1, 0xB0E1, 0xB0E1, 0xB0E1, 0xB0E1, 0xB0E1, 0xB0E1, 0xB0E1, 0xB0E1, 
	0xB0E1, 0xB0E1, 0xB0E1, 0xB0E1, 0xB0E1, 0xB0E1, 0xB0E1, 0xB0E1, 0xB0E1, 
	0xB0E1, 0xA881, 0x98F3, 0x9093, 0x9244, 0x96DC, 0x9DA1, 0xA5D9, 0xAECB, 
	0xB7BC, 0xBFF4, 0xC6B9, 0xCB51, 0xCD02, 0x0000, 0x0000, 0x0000, 0x0000, 
	0x0000, 0x0000, 0x0000, 0x0000, 0x0000, 0x0000, 0x0000, 0x0000, 0x0000, 
	0x0000, 0x0000, 0x0000, 0x0000, 0x0000, 0x0000, 0x0000, 0x0000, 0x0000, 
	0x0000, 0x0000, 0x0000, 0xFFFF, 0xFFFF, 0xFFFF, 0xFFFF, 0x0000, 0xFFFF, 
	0xFFFF, 0xFFFF, 0xFFFF, 0xFFFF, 0x0000, 0x00EF, 0x00EF, 0x00EF, 0x00EF, 
	0x00EF, 0x00EF, 0x00EF, 0x00EF, 0x00EF, 0x00EF, 0x00EF, 0x00EF, 0x00EF, 
	0x00EF, 0x00EF, 0x00EF, 0x00EF, 0x00EF, 0x00EF, 0x00EF, 0x00EF, 0x00EF, 
	0x102A, 0x2C73, 0x3BAE, 0x3A09, 0x3592, 0x2EFE, 0x2700, 0x1E4F, 0x159D, 
	0x0D9F, 0x070B, 0x0294, 0x00EF, 0x001C, 0x001C, 0x001C, 0x001C, 0x001C, 
	0x001C, 0x001C, 0x001C, 0x001C, 0x001C, 0x001C, 0x001C, 0x001C, 0x001C, 
	0x001C, 0x001C, 0x001C, 0x001C, 0x001C, 0x001C, 0x001C, 0x001C, 0x001B, 
	0x0019, 0x0018, 0x004A, 0x00C8, 0x016C, 0x020F, 0x028D, 0x02C0, 0x0051, 
	0xFAF8, 0xF59F, 0xF330, 0xFFEF, 0xFFEF, 0xFFEF, 0xFFEF, 0xFFEF, 0xFFEF, 
	0xFFEF, 0xFFEF, 0xFFEF, 0xFFEF, 0xFFEF, 0xFFEF, 0xFFEF, 0xFFEF, 0xFFEF, 
	0xFFEF, 0xFFEF, 0xFFEF, 0xFFEF, 0xFFEF, 0xFFEF, 0xFFEF, 0x0036, 0x00B8, 
	0x00FE, 0x00AC, 0xFFDE, 0xFED2, 0xFDC5, 0xFCF1, 0xFC95, 0xFC8C, 0xFC87, 
	0xFC86, 0xFC85, 0xC7B1, 0xC7B1, 0xC7B1, 0xC7B1, 0xC7B1, 0xC7B1, 0xC7B1, 
	0xC7B1, 0xC7B1, 0xC7B1, 0xC7B1, 0xC7B1, 0xC7B1, 0xC7B1, 0xC7B1, 0xC7B1, 
	0xC7B1, 0xC7B1, 0xC7B1, 0xC7B1, 0xC7B1, 0xC7B1, 0xC3F7, 0xBD0C, 0xB952, 
	0xB95B, 0xB99D, 0xBA4F, 0xBBA9, 0xBDE4, 0xC137, 0xC630, 0xCBFF, 0xD0D1, 
	0xD2D4, 0xFFFF, 0xFFFF, 0xFFFF, 0xFFFF, 0xFFFF, 0xFFFF, 0xFFFF, 0xFFFF, 
	0xFFFF, 0xFFFF, 0xFFFF, 0xFFFF, 0xFFFF, 0xFFFF, 0xFFFF, 0xFFFF, 0xFFFF, 
	0xFFFF, 0xFFFF, 0xFFFF, 0xFFFF, 0xFFFF, 0x0000, 0xFFFF, 0x0000, 0x0000, 
	0xFFFF, 0x0000, 0x0000, 0xFFFF, 0x0000, 0x0000, 0xFFFF, 0x0000, 0xFFFF, 
	0xFFFF, 0xFFFF, 0xFFFF, 0xFFFF, 0xFFFF, 0xFFFF, 0xFFFF, 0xFFFF, 0xFFFF, 
	0xFFFF, 0xFFFF, 0xFFFF, 0xFFFF, 0xFFFF, 0xFFFF, 0xFFFF, 0xFFFF, 0xFFFF, 
	0xFFFF, 0xFFFF, 0xFFFF, 0xFFFF, 0xFFFF, 0x0000, 0x0000, 0xFFFF, 0x0000, 
	0xFFFF, 0x0000, 0x0000, 0x0000, 0xFFFF, 0xFFFF, 0x0000, 0xFFFF, 0xBF5E, 
	0x03B7, 0x03B7, 0x03B7, 0x03B7, 0x03B7, 0x03B7, 0x03B7, 0x03B7, 0x03B7, 
	0x03B7, 0x03B7, 0x03B7, 0x03B7, 0x03B7, 0x03B7, 0x03B7, 0x03B7, 0x03B7, 
	0x03B7, 0x03B7, 0x03B7, 0x03B7, 0x091E, 0x1326, 0x188D, 0x1671, 0x112B, 
	0x0A50, 0x0375, 0xFE2E, 0xFC12, 0x00DF, 0x0B6D, 0x15FA, 0x1AC6, 0xFE38, 
	0xFE38, 0xFE38, 0xFE38, 0xFE38, 0xFE38, 0xFE38, 0xFE38, 0xFE38, 0xFE38, 
	0xFE38, 0xFE38, 0xFE38, 0xFE38, 0xFE38, 0xFE38, 0xFE38, 0xFE38, 0xFE38, 
	0xFE38, 0xFE38, 0xFE38, 0x06A0, 0x1639, 0x1EA0, 0x1E74, 0x1DE3, 0x1CD5, 
	0x1B34, 0x18E9, 0x15DD, 0x1223, 0x0E6C, 0x0B92, 0x0A6E, 0xF3C7, 0xF3C7, 
	0xF3C7, 0xF3C7, 0xF3C7, 0xF3C7, 0xF3C7, 0xF3C7, 0xF3C7, 0xF3C7, 0xF3C7, 
	0xF3C7, 0xF3C7, 0xF3C7, 0xF3C7, 0xF3C7, 0xF3C7, 0xF3C7, 0xF3C7, 0xF3C7, 
	0xF3C7, 0xF3C7, 0xEF7A, 0xE521, 0xD88C, 0xCCF2, 0xC319, 0xBB28, 0xB54A, 
	0xB1A7, 0xB067, 0xB5DF, 0xC1E8, 0xCDF0, 0xD368, 0x0000, 0x0000, 0x0000, 
	0x0000, 0x0000, 0x0000, 0x0000, 0x0000, 0x0000, 0x0000, 0x0000, 0x0000, 
	0x0000, 0x0000, 0x0000, 0x0000, 0x0000, 0x0000, 0x0000, 0x0000, 0x0000, 
	0x0000, 0x0000, 0x0000, 0xFFFF, 0x0000, 0x0000, 0xFFFF, 0xFFFF, 0xFFFF, 
	0xFFFF, 0xFFFF, 0xFFFF, 0xFFFF, 0x0000, 0xFFFF, 0xFFFF, 0xFFFF, 0xFFFF, 
	0xFFFF, 0xFFFF, 0xFFFF, 0xFFFF, 0xFFFF, 0xFFFF, 0xFFFF, 0xFFFF, 0xFFFF, 
	0xFFFF, 0xFFFF, 0xFFFF, 0xFFFF, 0xFFFF, 0xFFFF, 0xFFFF, 0xFFFF, 0xFFFF, 
	0xFFFF, 0xFFFF, 0x0000, 0xFFFF, 0x0000, 0x0000, 0x0000, 0xFFFF, 0x0000, 
	0x2EDB, 0x2EDB, 0x2EDB, 0x2EDB, 0x2EDB, 0x2EDB, 0x2EDB, 0x2EDB, 0x2EDB, 
	0x2EDB, 0x2EDB, 0x2EDB, 0x2EDB, 0x2EDB, 0x2EDB, 0x2EDB, 0x2EDB, 0x2EDB, 
	0x2EDB, 0x2EDB, 0x2EDB, 0x2EDB, 0x30B1, 0x3418, 0x35ED, 0x35E8, 0x35C1, 
	0x3559, 0x348E, 0x333F, 0x314C, 0x2784, 0x1502, 0x0314, 0xFB08, 0x025A, 
	0x025A, 0x025A, 0x025A, 0x025A, 0x025A, 0x025A, 0x025A, 0x025A, 0x025A, 
	0x025A, 0x025A, 0x025A, 0x025A, 0x025A, 0x025A, 0x025A, 0x025A, 0x025A, 
	0x025A, 0x025A, 0x025A, 0x02E7, 0x042B, 0x0591, 0x06A3, 0x0762, 0x07ED, 
	0x0863, 0x08E1, 0x0989, 0x0A64, 0x0B32, 0x0BB0, 0x0BD7, 0xFB7B, 0xFB7B, 
	0xFB7B, 0xFB7B, 0xFB7B, 0xFB7B, 0xFB7B, 0xFB7B, 0xFB7B, 0xFB7B, 0xFB7B, 
	0xFB7B, 0xFB7B, 0xFB7B, 0xFB7B, 0xFB7B, 0xFB7B, 0xFB7B, 0xFB7B, 0xFB7B, 
	0xFB7B, 0xFB7B, 0xFB69, 0xFB48, 0xFB36, 0xFBDA, 0xFD75, 0xFF8B, 0x01A2, 
	0x033C, 0x03E1, 0x029C, 0x0049, 0xFEB7, 0xFE36, 0xD590, 0xD590, 0xD590, 
	0xD590, 0xD590, 0xD590, 0xD590, 0xD590, 0xD590, 0xD590, 0xD590, 0xD590, 
	0xD590, 0xD590, 0xD590, 0xD590, 0xD590, 0xD590, 0xD590, 0xD590, 0xD590, 
	0xD590, 0xD817, 0xDCC9, 0xDF51, 0xDCD6, 0xD6A4, 0xCE96, 0xC688, 0xC056, 
	0xBDDC, 0xC2E1, 0xCC4A, 0xD2FE, 0xD54D, 

},{ 
	0x0001, 0x0000, 0x0023, 0x0001, 0x0023, 0x0024, 0x0001, 0x0047, 0x0001, 
	0x0048, 0x0001, 0x0049, 0x0023, 0x004A, 0x0001, 0x006D, 0x0023, 0x006E, 
	0x0023, 0x0091, 0x0023, 0x00B4, 0x0023, 0x00D7, 0x0023, 0x00FA, 0x0023, 
	0x011D, 0x0023, 0x0140, 0x0001, 0x0163, 0x0001, 0x0164, 0x0001, 0x0165, 
	0x0023, 0x0166, 0x0023, 0x0189, 0x0023, 0x01AC, 0x0020, 0x01CF, 0x0023, 
	0x01EF, 0x0023, 0x0212, 0x0023, 0x0235, 0x0023, 0x0258, 0x0023, 0x027B, 
	0x0001, 0x029E, 0x0001, 0x029F, 0x0001, 0x02A0, 0x0023, 0x02A1, 0x0023, 
	0x02C4, 0x0023, 0x02E7, 0x001D, 0x030A, 0x0001, 0x0327, 0x0023, 0x0328, 
	0x0023, 0x034B, 0x0023, 0x036E, 0x0023, 0x0391, 0x0022, 0x03B4, 0x0021, 
	0x03D6, 0x0001, 0x03F7, 0x0023, 0x03F8, 0x0023, 0x041B, 0x0023, 0x043E, 
	0x0001, 0x0461, 0x0023, 0x0462, 0x0023, 0x0485, 0x0023, 0x04A8, 0x0023, 
	0x04CB, 0x0023, 0x04EE, 0x0023, 0x0511, 0x0023, 0x0534, 0x0001, 0x0557, 
	0x0023, 0x0558, 0x0023, 0x057B, 0x0023, 0x059E, 0x0023, 0x05C1, 0x001F, 
	0x05E4, 0x0023, 0x0603, 0x0023, 0x0626, 0x0023, 0x0649, 0x0023, 0x066C, 
	

});
smlua_anim_util_register_animation('JSYP_HOLD_RUN',0, 0, 0, 0, 71, { 
	0x0000, 0x00C0, 0x00BD, 0x00B8, 0x00B4, 0x00B1, 0x00AF, 0x00AD, 0x00AB, 
	0x00AC, 0x00AE, 0x00B0, 0x00B3, 0x00B7, 0x00BA, 0x00BE, 0x00C2, 0x00C5, 
	0x00C8, 0x00CB, 0x00CE, 0x00D1, 0x00D3, 0x00D6, 0x00D8, 0x00D9, 0x00D9, 
	0x00D9, 0x00D8, 0x00D7, 0x00D5, 0x00D2, 0x00D0, 0x00CD, 0x00CA, 0x00C8, 
	0x00C5, 0x00C1, 0x00BD, 0x00B9, 0x00B5, 0x00B2, 0x00B0, 0x00AE, 0x00AD, 
	0x00AC, 0x00AB, 0x00AB, 0x00AB, 0x00AC, 0x00AD, 0x00AF, 0x00B2, 0x00B6, 
	0x00BC, 0x00C2, 0x00C6, 0x00CA, 0x00CD, 0x00CF, 0x00D2, 0x00D4, 0x00D6, 
	0x00D8, 0x00D9, 0x00D9, 0x00D8, 0x00D5, 0x00D3, 0x00CF, 0x00CA, 0x00C5, 
	0x00C3, 0x0000, 0x0000, 0x3FFF, 0x0000, 0xFFFF, 0xFFFF, 0x3A85, 0x3AA5, 
	0x3AFB, 0x3B75, 0x3C01, 0x3C8C, 0x3D06, 0x3D5C, 0x3D7D, 0x3D7A, 0x3D70, 
	0x3D60, 0x3D4B, 0x3D30, 0x3D11, 0x3CEE, 0x3CC8, 0x3CA0, 0x3C75, 0x3C49, 
	0x3C1C, 0x3BEF, 0x3BC2, 0x3B96, 0x3B6C, 0x3B43, 0x3B1D, 0x3AFB, 0x3ADC, 
	0x3AC2, 0x3AAC, 0x3A9C, 0x3A92, 0x3A8F, 0x3AAA, 0x3AF0, 0x3B55, 0x3BCD, 
	0x3C4B, 0x3CC4, 0x3D2A, 0x3D71, 0x3D8D, 0x3D8D, 0x3D89, 0x3D7F, 0x3D72, 
	0x3D61, 0x3D4C, 0x3D35, 0x3D1B, 0x3CFE, 0x3CDF, 0x3CBF, 0x3C9E, 0x3C7B, 
	0x3C58, 0x3C34, 0x3C11, 0x3BEE, 0x3BCC, 0x3BAB, 0x3B8C, 0x3B6E, 0x3B53, 
	0x3B3A, 0x3B24, 0x3B11, 0x3B02, 0x3AF6, 0x3AEF, 0x3AED, 0xEC09, 0xED00, 
	0xEE15, 0xEF45, 0xF08E, 0xF1ED, 0xF360, 0xF4E4, 0xF678, 0xF818, 0xF9C2, 
	0xFB75, 0xFD2C, 0xFEE7, 0x00A2, 0x025B, 0x0410, 0x05BE, 0x0763, 0x08FD, 
	0x0A88, 0x0C03, 0x0D6B, 0x0EBE, 0x0FFA, 0x111B, 0x121F, 0x1305, 0x13C9, 
	0x146A, 0x14E4, 0x1535, 0x155C, 0x1555, 0x1523, 0x14CD, 0x1453, 0x13B8, 
	0x12FE, 0x1226, 0x1132, 0x1024, 0x0EFD, 0x0DC0, 0x0C6E, 0x0B09, 0x0993, 
	0x080D, 0x067A, 0x04DB, 0x0332, 0x0180, 0xFFC8, 0xFE0B, 0xFC4C, 0xFA8B, 
	0xF8CA, 0xF70D, 0xF553, 0xF39F, 0xF1F3, 0xF051, 0xEEBA, 0xED30, 0xEBB5, 
	0xEA4A, 0xE8F2, 0xE7AF, 0xE681, 0xE56B, 0xE46F, 0xE38E, 0xFFFF, 0x0000, 
	0x0000, 0x0000, 0xFFFF, 0x0000, 0xFFFF, 0xFFFF, 0xFFFF, 0x0000, 0xFFFF, 
	0x0000, 0x0000, 0x0000, 0xFFFF, 0x0000, 0x0000, 0x0000, 0x0000, 0x0000, 
	0xFFFF, 0xFFFF, 0xFFFF, 0xFFFF, 0xFFFF, 0x0000, 0x0000, 0x0000, 0x0000, 
	0xFFFF, 0xFFFF, 0x0000, 0x0000, 0x0000, 0xFFFF, 0x0000, 0x0000, 0x0000, 
	0x0000, 0x0000, 0x0000, 0x0000, 0xFFFF, 0xFFFF, 0x0000, 0xFFFF, 0xFFFF, 
	0x0000, 0x0000, 0xFFFF, 0xFFFF, 0x0000, 0x0000, 0x0000, 0xFFFF, 0xFFFF, 
	0xFFFF, 0xFFFF, 0xFFFF, 0x0000, 0x0000, 0xFFFF, 0xFFFF, 0x0000, 0xFFFF, 
	0x0000, 0xFFFF, 0xFFFF, 0x0000, 0x0000, 0xFFFF, 0xFF6D, 0xFF84, 0xFFC0, 
	0x0014, 0x0073, 0x00D0, 0x011E, 0x014F, 0x0156, 0x013F, 0x011F, 0x00F7, 
	0x00C8, 0x0092, 0x0057, 0x0019, 0xFFD8, 0xFF94, 0xFF50, 0xFF0D, 0xFECB, 
	0xFE8B, 0xFE4F, 0xFE17, 0xFDE5, 0xFDBA, 0xFD97, 0xFD7D, 0xFD6C, 0xFD67, 
	0xFD71, 0xFD8E, 0xFDBB, 0xFDF5, 0xFE3A, 0xFE88, 0xFEDC, 0xFF34, 0xFF8E, 
	0xFFE6, 0x003B, 0x008B, 0x00D2, 0x010E, 0x013E, 0x015E, 0x016D, 0x016D, 
	0x0166, 0x0157, 0x0142, 0x0126, 0x0106, 0x00E0, 0x00B7, 0x008A, 0x005B, 
	0x002A, 0xFFF8, 0xFFC5, 0xFF92, 0xFF60, 0xFF30, 0xFF02, 0xFED6, 0xFEAF, 
	0xFE8B, 0xFE6D, 0xFE54, 0xFE41, 0xFE35, 0xFE31, 0x1417, 0x13F6, 0x1394, 
	0x12F6, 0x1221, 0x111A, 0x0FE5, 0x0E87, 0x0D03, 0x0B60, 0x09A1, 0x07CB, 
	0x05E3, 0x03ED, 0x01EE, 0xFFE9, 0xFDE6, 0xFBE7, 0xF9F1, 0xF808, 0xF633, 
	0xF474, 0xF2D0, 0xF14D, 0xEFEF, 0xEEBA, 0xEDB2, 0xECDE, 0xEC40, 0xEBDE, 
	0xEBBC, 0xEBCA, 0xEBF1, 0xEC31, 0xEC8A, 0xECFA, 0xED80, 0xEE1D, 0xEECE, 
	0xEF94, 0xF06D, 0xF159, 0xF256, 0xF364, 0xF483, 0xF5B0, 0xF6EC, 0xF836, 
	0xF98C, 0xFAEF, 0xFC5C, 0xFDD4, 0xFF56, 0x00E1, 0x0273, 0x040C, 0x05AB, 
	0x0750, 0x08F9, 0x0AA6, 0x0C56, 0x0E08, 0x0FBC, 0x1170, 0x1323, 0x14D6, 
	0x1682, 0x1816, 0x1978, 0x1A92, 0x1B4D, 0x1B90, 0xFE2B, 0xFE2F, 0xFE3D, 
	0xFE53, 0xFE70, 0xFE95, 0xFEBF, 0xFEF0, 0xFF25, 0xFF5F, 0xFF9D, 0xFFDE, 
	0x0023, 0x0068, 0x00AF, 0x00F6, 0x013D, 0x0184, 0x01CA, 0x020D, 0x024E, 
	0x028C, 0x02C6, 0x02FB, 0x032C, 0x0357, 0x037B, 0x0399, 0x03AE, 0x03BC, 
	0x03C1, 0x03BD, 0x03B1, 0x039E, 0x0384, 0x0364, 0x033F, 0x0314, 0x02E4, 
	0x02AF, 0x0277, 0x023B, 0x01FC, 0x01BB, 0x0177, 0x0132, 0x00EC, 0x00A5, 
	0x005E, 0x0017, 0xFFCF, 0xFF8A, 0xFF47, 0xFF05, 0xFEC6, 0xFE8A, 0xFE52, 
	0xFE1E, 0xFDEE, 0xFDC3, 0xFD9D, 0xFD7D, 0xFD63, 0xFD51, 0xFD45, 0xFD41, 
	0xFD44, 0xFD4B, 0xFD55, 0xFD5F, 0xFD67, 0xFD6A, 0x04ED, 0x04F0, 0x04F7, 
	0x0503, 0x0514, 0x0528, 0x0540, 0x055B, 0x0579, 0x0599, 0x05BC, 0x05E0, 
	0x0605, 0x062C, 0x0654, 0x067B, 0x06A3, 0x06CA, 0x06F1, 0x0717, 0x073B, 
	0x075D, 0x077E, 0x079C, 0x07B7, 0x07CE, 0x07E3, 0x07F3, 0x07FF, 0x0807, 
	0x0809, 0x0807, 0x0800, 0x07F5, 0x07E6, 0x07D4, 0x07BE, 0x07A5, 0x0789, 
	0x076A, 0x0749, 0x0726, 0x0702, 0x06DC, 0x06B4, 0x068C, 0x0663, 0x063A, 
	0x0610, 0x05E7, 0x05BE, 0x0595, 0x056E, 0x0548, 0x0523, 0x0500, 0x04E0, 
	0x04C1, 0x04A5, 0x048C, 0x0476, 0x0463, 0x0454, 0x0449, 0x0443, 0x0440, 
	0x0442, 0x0445, 0x0449, 0x044D, 0x0451, 0x0452, 0xFFFE, 0x0001, 0xC170, 
	0xFAE1, 0xFAF5, 0xFB2C, 0xFB82, 0xFBF2, 0xFC79, 0xFD11, 0xFDB6, 0xFE63, 
	0xFF14, 0xFFC3, 0x006F, 0x010F, 0x01A1, 0x021F, 0x0286, 0x02D9, 0x0321, 
	0x035F, 0x0394, 0x03C0, 0x03E4, 0x0400, 0x0417, 0x0427, 0x0433, 0x043C, 
	0x0440, 0x0443, 0x0444, 0x0444, 0x0441, 0x0437, 0x0427, 0x0411, 0x03F5, 
	0x03D4, 0x03AE, 0x0382, 0x0352, 0x031D, 0x02E4, 0x02A8, 0x0267, 0x0223, 
	0x01DB, 0x0191, 0x0144, 0x00F4, 0x00A2, 0x004E, 0xFFF7, 0xFFA0, 0xFF47, 
	0xFEEE, 0xFE94, 0xFE3A, 0xFDE1, 0xFD8A, 0xFD36, 0xFCE4, 0xFC96, 0xFC4C, 
	0xFC07, 0xFBC7, 0xFB8E, 0xFB5C, 0xFB32, 0xFB10, 0xFAF6, 0xFAE7, 0xFAE1, 
	0xCE6E, 0xCE9F, 0xCF26, 0xCFF7, 0xD105, 0xD242, 0xD3A0, 0xD512, 0xD68C, 
	0xD7FE, 0xD95C, 0xDA99, 0xDBA7, 0xDC78, 0xDCFF, 0xDD30, 0xDCFE, 0xDC73, 
	0xDB9D, 0xDA88, 0xD943, 0xD7DC, 0xD660, 0xD4DD, 0xD361, 0xD1FA, 0xD0B5, 
	0xCFA1, 0xCECA, 0xCE3F, 0xCE0E, 0xCE20, 0xCE54, 0xCEA6, 0xCF14, 0xCF9A, 
	0xD035, 0xD0E2, 0xD19D, 0xD263, 0xD332, 0xD405, 0xD4DA, 0xD5AE, 0xD67C, 
	0xD743, 0xD7FE, 0xD8AB, 0xD946, 0xD9CC, 0xDA3A, 0xDA8C, 0xDAC0, 0xDAD2, 
	0xDAB6, 0xDA65, 0xD9E7, 0xD942, 0xD87C, 0xD79C, 0xD6A8, 0xD5A7, 0xD4A0, 
	0xD399, 0xD298, 0xD1A5, 0xD0C5, 0xCFFF, 0xCF59, 0xCEDB, 0xCE8B, 0xCE6E, 
	0xC09E, 0xC0B1, 0xC0E9, 0xC144, 0xC1BE, 0xC256, 0xC309, 0xC3D4, 0xC4B4, 
	0xC5A8, 0xC6AD, 0xC7C0, 0xC8DF, 0xCA06, 0xCB35, 0xCC67, 0xCD9B, 0xCECE, 
	0xCFFC, 0xD123, 0xD240, 0xD350, 0xD450, 0xD53C, 0xD613, 0xD6D0, 0xD772, 
	0xD7F5, 0xD856, 0xD893, 0xD8A8, 0xD89C, 0xD879, 0xD841, 0xD7F5, 0xD795, 
	0xD724, 0xD6A3, 0xD612, 0xD573, 0xD4C8, 0xD411, 0xD350, 0xD286, 0xD1B4, 
	0xD0DC, 0xCFFF, 0xCF1F, 0xCE3B, 0xCD57, 0xCC72, 0xCB8F, 0xCAAE, 0xC9D0, 
	0xC8F8, 0xC826, 0xC75A, 0xC696, 0xC5D9, 0xC526, 0xC47D, 0xC3DE, 0xC34B, 
	0xC2C3, 0xC249, 0xC1DC, 0xC17E, 0xC12F, 0xC0F1, 0xC0C3, 0xC0A7, 0xC09E, 
	0x0000, 0xFFFF, 0xFFFF, 0x0000, 0x0000, 0xFFFF, 0x0000, 0x0000, 0x0000, 
	0x0000, 0x0000, 0x0000, 0x0000, 0xFFFF, 0x0000, 0x0000, 0x0000, 0x0000, 
	0x0000, 0x0000, 0x0000, 0x0000, 0x0000, 0x0000, 0x0000, 0x0000, 0xFFFF, 
	0xFFFF, 0xFFFF, 0x0000, 0x0000, 0xFFFF, 0xFFFF, 0xFFFF, 0xFFFF, 0xFFFF, 
	0xFFFF, 0xFFFF, 0xFFFF, 0x0000, 0xFFFF, 0xFFFF, 0xFFFF, 0x0000, 0xFFFF, 
	0x0000, 0xFFFF, 0xFFFF, 0x0000, 0xFFFF, 0xFFFF, 0xFFFF, 0xFFFF, 0xFFFF, 
	0x0000, 0xFFFF, 0xFFFF, 0xFFFF, 0x0000, 0xFFFF, 0xFFFF, 0x0000, 0x0000, 
	0xFFFF, 0xFFFF, 0x0000, 0x0000, 0xFFFF, 0x0000, 0x0000, 0x0000, 0x0000, 
	0xFFFF, 0xAE0D, 0xAD18, 0xAAD1, 0xA818, 0xA5D1, 0xA4DC, 0xA50B, 0xA592, 
	0xA66C, 0xA794, 0xA902, 0xAAB1, 0xAC9C, 0xAEBC, 0xB10B, 0xB383, 0xB61F, 
	0xB8D8, 0xBBA8, 0xBE8A, 0xC178, 0xC46B, 0xC75D, 0xCA4A, 0xCD2A, 0xCFF8, 
	0xD2AD, 0xD545, 0xD7B8, 0xDA02, 0xDC1B, 0xDDFE, 0xDFA7, 0xE10E, 0xE22F, 
	0xE304, 0xE388, 0xE3B5, 0xE392, 0xE32C, 0xE287, 0xE1A7, 0xE091, 0xDF49, 
	0xDDD2, 0xDC31, 0xDA6B, 0xD883, 0xD67E, 0xD460, 0xD22C, 0xCFE8, 0xCD97, 
	0xCB3E, 0xC8E1, 0xC684, 0xC42A, 0xC1DA, 0xBF96, 0xBD62, 0xBB44, 0xB93F, 
	0xB757, 0xB590, 0xB3F0, 0xB279, 0xB131, 0xB01B, 0xAF3B, 0xAE96, 0xAE30, 
	0xAE0D, 0xE0B5, 0xF672, 0xDF83, 0xFFFE, 0x0001, 0xC170, 0xD77B, 0xD75B, 
	0xD6FC, 0xD662, 0xD592, 0xD48E, 0xD35B, 0xD1FD, 0xD077, 0xCECD, 0xCD02, 
	0xCB1B, 0xC91C, 0xC708, 0xC4E3, 0xC2B0, 0xC075, 0xBE33, 0xBBF0, 0xB9AE, 
	0xB772, 0xB540, 0xB31B, 0xB106, 0xAF07, 0xAD20, 0xAB56, 0xA9AC, 0xA826, 
	0xA6C7, 0xA594, 0xA491, 0xA3C0, 0xA327, 0xA2C8, 0xA2A7, 0xA2C6, 0xA320, 
	0xA3B1, 0xA477, 0xA56D, 0xA691, 0xA7DE, 0xA952, 0xAAE8, 0xAC9E, 0xAE70, 
	0xB059, 0xB258, 0xB468, 0xB686, 0xB8AF, 0xBADE, 0xBD11, 0xBF44, 0xC174, 
	0xC39C, 0xC5BA, 0xC7CA, 0xC9C9, 0xCBB3, 0xCD85, 0xCF3A, 0xD0D1, 0xD244, 
	0xD392, 0xD4B5, 0xD5AC, 0xD671, 0xD703, 0xD75D, 0xD77B, 0x170B, 0x170D, 
	0x1712, 0x1719, 0x1724, 0x1731, 0x1741, 0x1753, 0x1767, 0x177C, 0x1794, 
	0x17AC, 0x17C6, 0x17E2, 0x17FD, 0x181A, 0x1837, 0x1855, 0x1872, 0x188F, 
	0x18AD, 0x18C9, 0x18E5, 0x1900, 0x191A, 0x1933, 0x194A, 0x1960, 0x1974, 
	0x1986, 0x1995, 0x19A3, 0x19AD, 0x19B5, 0x19BA, 0x19BB, 0x19BA, 0x19B5, 
	0x19AE, 0x19A4, 0x1997, 0x1989, 0x1978, 0x1965, 0x1950, 0x193A, 0x1922, 
	0x1909, 0x18EF, 0x18D4, 0x18B9, 0x189C, 0x1880, 0x1863, 0x1847, 0x182A, 
	0x180E, 0x17F2, 0x17D8, 0x17BE, 0x17A5, 0x178D, 0x1777, 0x1762, 0x174F, 
	0x173E, 0x172F, 0x1723, 0x1719, 0x1711, 0x170D, 0x170B, 0x54A5, 0x5494, 
	0x5460, 0x540E, 0x539D, 0x5312, 0x526C, 0x51AF, 0x50DD, 0x4FF8, 0x4F01, 
	0x4DFB, 0x4CE7, 0x4BC8, 0x4AA1, 0x4972, 0x483E, 0x4706, 0x45CE, 0x4497, 
	0x4363, 0x4234, 0x410C, 0x3FEE, 0x3EDA, 0x3DD4, 0x3CDD, 0x3BF8, 0x3B25, 
	0x3A69, 0x39C3, 0x3937, 0x38C7, 0x3874, 0x3841, 0x3830, 0x3840, 0x3871, 
	0x38BF, 0x3929, 0x39AE, 0x3A4B, 0x3AFF, 0x3BC7, 0x3CA2, 0x3D8E, 0x3E89, 
	0x3F90, 0x40A4, 0x41C0, 0x42E4, 0x440E, 0x453B, 0x466A, 0x479A, 0x48C7, 
	0x49F1, 0x4B15, 0x4C31, 0x4D44, 0x4E4C, 0x4F47, 0x5033, 0x510E, 0x51D6, 
	0x5289, 0x5327, 0x53AB, 0x5416, 0x5464, 0x5495, 0x54A5, 0xFFFF, 0xFFFF, 
	0xE621, 0x4209, 0x32F8, 0x3F64, 0x0000, 0x0000, 0x0000, 0xFFFF, 0xFFFF, 
	0x0000, 0x0000, 0xFFFF, 0x0000, 0xFFFF, 0xFFFF, 0x0000, 0x0000, 0xFFFF, 
	0xFFFF, 0xFFFF, 0xFFFF, 0xFFFF, 0x0000, 0xFFFF, 0x0000, 0xFFFF, 0xFFFF, 
	0x0000, 0xFFFF, 0xFFFF, 0xFFFF, 0xFFFF, 0xFFFF, 0x0000, 0x0000, 0xFFFF, 
	0x0000, 0xFFFF, 0xFFFF, 0xFFFF, 0xFFFF, 0x0000, 0xFFFF, 0xFFFF, 0x0000, 
	0xFFFF, 0x0000, 0x0000, 0xFFFF, 0xFFFF, 0x0000, 0x0000, 0xFFFF, 0xFFFF, 
	0x0000, 0xFFFF, 0x0000, 0xFFFF, 0x0000, 0xFFFF, 0x0000, 0x0000, 0x0000, 
	0x0000, 0xFFFF, 0xFFFF, 0xFFFF, 0xFFFF, 0xFFFF, 0xFFFF, 0xFFFF, 0xFFFF, 
	0x0000, 0xFFFF, 0x0000, 0xFF5A, 0xFDA5, 0xFB3A, 0xF876, 0xF5B1, 0xF347, 
	0xF192, 0xF0EC, 0xF122, 0xF1BA, 0xF2A4, 0xF3D0, 0xF530, 0xF6B2, 0xF848, 
	0xF9E2, 0xFB71, 0xFCE4, 0xFE2D, 0xFF3B, 0xFFFF, 0x0081, 0x00D6, 0x0104, 
	0x0111, 0x0106, 0x00E7, 0x00BB, 0x0088, 0x0056, 0x002A, 0x000B, 0xFFFF, 
	0xFFFF, 0xFFFF, 0x0000, 0x0000, 0x0000, 0x0000, 0xFFFF, 0x0000, 0xFFFF, 
	0xFFFF, 0xFFFF, 0xFFFF, 0xFFFF, 0xFFFF, 0xFFFF, 0xFFFF, 0xFFFF, 0xFFFF, 
	0xFFFF, 0x0000, 0xFFFF, 0x0000, 0xFFFF, 0x0000, 0x0000, 0x0000, 0x0000, 
	0x0000, 0x0000, 0x0000, 0x0000, 0x0000, 0xFFFF, 0xFFFF, 0xFFFF, 0x0000, 
	0xFFFF, 0x0000, 0xC5E3, 0xC5F0, 0xC601, 0xC5F3, 0xC5A7, 0xC4FA, 0xC3CA, 
	0xC1F7, 0xBF5E, 0xBBFF, 0xB804, 0xB38B, 0xAEB5, 0xA9A0, 0xA46B, 0x9F36, 
	0x9A20, 0x9547, 0x90CB, 0x8CCB, 0x8967, 0x86BC, 0x84D6, 0x8398, 0x82EB, 
	0x82B7, 0x82E3, 0x8358, 0x83FD, 0x84BA, 0x8577, 0x861B, 0x8690, 0x86BC, 
	0x0168, 0x00CC, 0xFF39, 0xFD14, 0xFABE, 0xF898, 0xF707, 0xF66B, 0xF67C, 
	0xF6AB, 0xF6F7, 0xF75D, 0xF7D7, 0xF865, 0xF902, 0xF9AC, 0xFA5F, 0xFB19, 
	0xFBD5, 0xFC92, 0xFD4B, 0xFDFE, 0xFEA8, 0xFF46, 0xFFD3, 0x004F, 0x00B4, 
	0x0100, 0x0130, 0x0141, 0x0140, 0x013F, 0x013C, 0x0138, 0x0134, 0x012E, 
	0x0128, 0x0121, 0x011A, 0x0111, 0x0109, 0x00FF, 0x00F5, 0x00EB, 0x00E0, 
	0x00D5, 0x00CA, 0x00BF, 0x00B3, 0x00A7, 0x009C, 0x0090, 0x0084, 0x0078, 
	0x006D, 0x0062, 0x0057, 0x004C, 0x0042, 0x0038, 0x002E, 0x0026, 0x001D, 
	0x0016, 0x000F, 0x0009, 0x0003, 0xFFFE, 0xFFFA, 0xFFF7, 0xFFF6, 0xFFF5, 
	0x0066, 0x00DC, 0x020C, 0x03AD, 0x0573, 0x0714, 0x0845, 0x08BB, 0x08B0, 
	0x0890, 0x085D, 0x081A, 0x07C7, 0x0768, 0x06FE, 0x068A, 0x060F, 0x058F, 
	0x050C, 0x0488, 0x0404, 0x0383, 0x0306, 0x0290, 0x0222, 0x01BF, 0x0168, 
	0x011F, 0x00E6, 0x00C0, 0x00A4, 0x008A, 0x0070, 0x0058, 0x0042, 0x002C, 
	0x0018, 0x0004, 0xFFF1, 0xFFE0, 0xFFD0, 0xFFC1, 0xFFB3, 0xFFA6, 0xFF99, 
	0xFF8E, 0xFF84, 0xFF7A, 0xFF71, 0xFF69, 0xFF61, 0xFF5A, 0xFF54, 0xFF4F, 
	0xFF4A, 0xFF45, 0xFF41, 0xFF3E, 0xFF3B, 0xFF39, 0xFF36, 0xFF35, 0xFF33, 
	0xFF32, 0xFF31, 0xFF30, 0xFF30, 0xFF30, 0xFF2F, 0xD134, 0xD1C3, 0xD334, 
	0xD52C, 0xD751, 0xD94A, 0xDABB, 0xDB4A, 0xDB29, 0xDACD, 0xDA3B, 0xD978, 
	0xD88B, 0xD77A, 0xD64B, 0xD504, 0xD3AB, 0xD245, 0xD0DA, 0xCF6F, 0xCE0A, 
	0xCCB0, 0xCB69, 0xCA3A, 0xC929, 0xC83C, 0xC77A, 0xC6E7, 0xC68B, 0xC66B, 
	0xC68A, 0xC6E7, 0xC77D, 0xC84B, 0xC94D, 0xCA7F, 0xCBDF, 0xCD6A, 0xCF1C, 
	0xD0F3, 0xD2EC, 0xD504, 0xD736, 0xD981, 0xDBE2, 0xDE55, 0xE0D7, 0xE365, 
	0xE5FD, 0xE89A, 0xEB3B, 0xEDDC, 0xF079, 0xF311, 0xF59F, 0xF821, 0xFA94, 
	0xFCF5, 0xFF40, 0x0174, 0x038B, 0x0584, 0x075B, 0x090D, 0x0A98, 0x0BF8, 
	0x0D2B, 0x0E2C, 0x0EFA, 0x0F90, 0x0FED, 0x100D, 0xFFFF, 0xFFFF, 0xFFFF, 
	0xFFFF, 0x0000, 0x0000, 0x0000, 0xFFFF, 0xFFFF, 0x0000, 0x0000, 0xFFFF, 
	0x0000, 0x0000, 0x0000, 0x0000, 0x0000, 0x0000, 0x0000, 0x0000, 0x0000, 
	0x0000, 0xFFFF, 0x0000, 0xFFFF, 0xFFFF, 0x0000, 0x0000, 0x0000, 0xFFFF, 
	0xFFFF, 0x0000, 0x0000, 0xFFFF, 0x0000, 0x0000, 0xFFFF, 0xFFFF, 0x0000, 
	0xFFFF, 0xFFFF, 0x0000, 0xFFFF, 0x0000, 0x0000, 0xFFFF, 0xFFFF, 0x0000, 
	0xFFFF, 0x0000, 0xFFFF, 0x0000, 0x3C70, 0x3D60, 0x3F9E, 0x424A, 0x4488, 
	0x4579, 0x454F, 0x44D5, 0x440F, 0x4300, 0x41AE, 0x401D, 0x3E50, 0x3C4C, 
	0x3A15, 0x37B0, 0x3520, 0x326A, 0x2F92, 0x2C9D, 0x298D, 0x2669, 0x2333, 
	0x1FF1, 0x1CA6, 0x1956, 0x1607, 0x12BB, 0x0F78, 0x0C4B, 0x0967, 0x070B, 
	0x0574, 0x04DE, 0x0504, 0x0571, 0x0620, 0x070C, 0x0831, 0x098A, 0x0B10, 
	0x0CBF, 0x0E93, 0x1086, 0x1293, 0x14B4, 0x16E6, 0x1922, 0x1B64, 0x1DA7, 
	0x1FE6, 0x221C, 0x2447, 0x2665, 0x2875, 0x2A74, 0x2C62, 0x2E3C, 0x3001, 
	0x31AF, 0x3345, 0x34C0, 0x361F, 0x3760, 0x3882, 0x3982, 0x3A60, 0x3B1A, 
	0x3BAD, 0x3C18, 0x3C5A, 0x3C70, 0xFFFF, 0xFFFF, 0xFFFF, 0xFFFF, 0xFFFF, 
	0xFFFF, 0xFFFF, 0x0000, 0x0000, 0x0000, 0x0000, 0x0000, 0xFFFF, 0x0000, 
	0xFFFF, 0xFFFF, 0xFFFF, 0xFFFF, 0xFFFF, 0x0000, 0xFFFF, 0xFFFF, 0xFFFF, 
	0x0000, 0x0000, 0x0000, 0xFFFF, 0x0000, 0x0000, 0xFFFF, 0xFFFF, 0xFFFF, 
	0xFFFF, 0xFFFF, 0xFFFF, 0xFFFF, 0x0000, 0xFFFF, 0xFFFF, 0x0000, 0x0000, 
	0x0000, 0xFFFF, 0xFFFF, 0x0000, 0xFFFF, 0xFFFF, 0xFFFF, 0xFFFF, 0xFFFF, 
	0x0000, 0x0000, 0xFFFF, 0x0000, 0x0000, 0xFFFF, 0x0000, 0xFFFF, 0x0000, 
	0x0000, 0xFFFF, 0x0000, 0x0000, 0xFFFF, 0x0000, 0xFFFF, 0x0000, 0xFFFF, 
	0x0000, 0xFFFF, 0x0000, 0x0000, 0x0000, 0x0000, 0xFFFF, 0xFFFF, 0xFFFF, 
	0xFFFF, 0x0000, 0x0000, 0xFFFF, 0x0000, 0xFFFF, 0x0000, 0x0000, 0xFFFF, 
	0x0000, 0xFFFF, 0x0000, 0xFFFF, 0xFFFF, 0xFFFF, 0x0000, 0xFFFF, 0xFFFF, 
	0x0000, 0x0000, 0x0000, 0x0000, 0x0000, 0xFFFF, 0x0000, 0x0000, 0xFFFF, 
	0x0000, 0xFFFF, 0xFFFF, 0xFFFF, 0xFFFF, 0xFFFF, 0x0000, 0xFFFF, 0x0000, 
	0x0000, 0x0000, 0x0000, 0xFFFF, 0xFFFF, 0xFFFF, 0x0000, 0x0000, 0x0000, 
	0xFFFF, 0xFFFF, 0x0000, 0xFFFF, 0xFFFF, 0x0000, 0xFFFF, 0x0000, 0xFFFF, 
	0x0000, 0xFFFF, 0x0000, 0xFFFF, 0xFFFF, 0x0000, 0x0000, 0xFFFF, 0xD749, 
	0xD6C5, 0xD560, 0xD35A, 0xD0F0, 0xCE60, 0xCBE8, 0xC9C5, 0xC836, 0xC709, 
	0xC5E6, 0xC4CF, 0xC3C6, 0xC2CE, 0xC1E9, 0xC119, 0xC060, 0xBFC0, 0xBF3C, 
	0xBED7, 0xBE91, 0xBE6F, 0xBE8E, 0xBF01, 0xBFB7, 0xC09E, 0xC1A5, 0xC2BA, 
	0xC3CC, 0xC4C9, 0xC5A1, 0xC641, 0xC698, 0xC695, 0xC621, 0xC540, 0xC40B, 
	0xC296, 0xC0F9, 0xBF4B, 0xBDA3, 0xBC17, 0xBABE, 0xB9B0, 0xB901, 0xB8CB, 
	0xB923, 0xBA29, 0xBBD8, 0xBE13, 0xC0BB, 0xC3B1, 0xC6D6, 0xCA0C, 0xCD33, 
	0xD02E, 0xD2DE, 0xD524, 0xD6E1, 0xD833, 0xD951, 0xDA3F, 0xDB01, 0xDB9B, 
	0xDC12, 0xDC6C, 0xDCAB, 0xDCD4, 0xDCED, 0xDCF9, 0xDCFD, 0xFFFF, 0xFFFF, 
	0x0000, 0x0000, 0xFFFF, 0xFFFF, 0x0000, 0x0000, 0xFFFF, 0x0000, 0xFFFF, 
	0x0000, 0xFFFF, 0x0000, 0xFFFF, 0xFFFF, 0xFFFF, 0xFFFF, 0xFFFF, 0xFFFF, 
	0x0000, 0xFFFF, 0xFFFF, 0xFFFF, 0x0000, 0x0000, 0xFFFF, 0x0000, 0x0000, 
	0x0000, 0x0000, 0xFFFF, 0x0000, 0x0000, 0xFFFF, 0xFFFF, 0xFFFF, 0xFFFF, 
	0xFFFF, 0x0000, 0xFFFF, 0xFFFF, 0x0000, 0x0000, 0xFFFF, 0xFFFF, 0xFFFF, 
	0xFFFF, 0xFFFF, 0xFFFF, 0x0000, 0xFFFF, 0x0000, 0xFFFF, 0xFFFF, 0xFFFF, 
	0xFFFF, 0x0000, 0xFFFF, 0x0000, 0xFFFF, 0xFFFF, 0xFFFF, 0xFFFF, 0xFFFF, 
	0x0000, 0xFFFF, 0xFFFF, 0x0000, 0xFFFF, 0x0000, 0x0000, 0x0000, 0x0000, 
	0xFFFF, 0xFFFF, 0xFFFF, 0x0000, 0xFFFF, 0xFFFF, 0x0000, 0x0000, 0x0000, 
	0xFFFF, 0x0000, 0xFFFF, 0xFFFF, 0x0000, 0x0000, 0xFFFF, 0xFFFF, 0x0000, 
	0x0000, 0x0000, 0x0000, 0x0000, 0x0000, 0x0000, 0x0000, 0xFFFF, 0x0000, 
	0x0000, 0xFFFF, 0x0000, 0x0000, 0x0000, 0x0000, 0x0000, 0xFFFF, 0x0000, 
	0x0000, 0x0000, 0x0000, 0x0000, 0x0000, 0xFFFF, 0xFFFF, 0xFFFF, 0xFFFF, 
	0xFFFF, 0xFFFF, 0x0000, 0xFFFF, 0xFFFF, 0x0000, 0xFFFF, 0x0000, 0xFFFF, 
	0xFFFF, 0xFFFF, 0x0000, 0x0000, 0xFFFF, 0x0000, 0xFFFF, 0x0000, 0x0000, 
	0xFFFF, 0xFFFF, 0xFFFF, 0x0000, 0xBF5E, 0x0068, 0x0068, 0x0069, 0x006A, 
	0x006B, 0x006D, 0x006F, 0x0071, 0x0074, 0x0077, 0x0079, 0x007D, 0x0080, 
	0x0083, 0x0086, 0x008A, 0x008D, 0x0090, 0x0094, 0x0097, 0x009A, 0x009C, 
	0x009F, 0x00A1, 0x00A3, 0x00A5, 0x00A6, 0x00A8, 0x00A8, 0x00A8, 0x00A8, 
	0x00A8, 0x00A7, 0x00A7, 0x00A6, 0x00A5, 0x00A4, 0x00A2, 0x00A1, 0x009F, 
	0x009D, 0x009C, 0x009A, 0x0098, 0x0096, 0x0093, 0x0091, 0x008F, 0x008D, 
	0x008A, 0x0088, 0x0086, 0x0084, 0x0081, 0x007F, 0x007D, 0x007B, 0x0079, 
	0x0077, 0x0075, 0x0073, 0x0071, 0x0070, 0x006E, 0x006D, 0x006C, 0x006A, 
	0x006A, 0x0069, 0x0068, 0xFFF7, 0xFFF7, 0xFFF5, 0xFFF2, 0xFFEE, 0xFFE9, 
	0xFFE4, 0xFFDD, 0xFFD6, 0xFFCF, 0xFFC7, 0xFFBE, 0xFFB5, 0xFFAC, 0xFFA3, 
	0xFF9A, 0xFF91, 0xFF88, 0xFF7F, 0xFF77, 0xFF6F, 0xFF67, 0xFF60, 0xFF5A, 
	0xFF54, 0xFF4F, 0xFF4C, 0xFF49, 0xFF47, 0xFF46, 0xFF47, 0xFF47, 0xFF49, 
	0xFF4B, 0xFF4D, 0xFF50, 0xFF54, 0xFF58, 0xFF5C, 0xFF60, 0xFF65, 0xFF6A, 
	0xFF70, 0xFF75, 0xFF7B, 0xFF81, 0xFF87, 0xFF8E, 0xFF94, 0xFF9B, 0xFFA1, 
	0xFFA8, 0xFFAE, 0xFFB4, 0xFFBB, 0xFFC1, 0xFFC7, 0xFFCD, 0xFFD3, 0xFFD8, 
	0xFFDD, 0xFFE2, 0xFFE7, 0xFFEB, 0xFFEF, 0xFFF2, 0xFFF5, 0xFFF7, 0xFFF9, 
	0xFFFB, 0xFFFC, 0x8E65, 0x8EAA, 0x8F73, 0x90B7, 0x926A, 0x9485, 0x96FC, 
	0x99C6, 0x9CD9, 0xA02C, 0xA3B5, 0xA76A, 0xAB41, 0xAF30, 0xB32E, 0xB731, 
	0xBB2F, 0xBF1E, 0xC2F5, 0xC6AA, 0xCA33, 0xCD86, 0xD099, 0xD363, 0xD5DA, 
	0xD7F5, 0xD9A8, 0xDAEC, 0xDBB5, 0xDBFA, 0xDBD8, 0xDB74, 0xDAD1, 0xD9F4, 
	0xD8DE, 0xD793, 0xD617, 0xD46D, 0xD297, 0xD09B, 0xCE7A, 0xCC38, 0xC9D9, 
	0xC75F, 0xC4CE, 0xC229, 0xBF74, 0xBCB1, 0xB9E5, 0xB712, 0xB43C, 0xB166, 
	0xAE93, 0xABC7, 0xA904, 0xA64F, 0xA3AB, 0xA11A, 0x9EA0, 0x9C40, 0x99FE, 
	0x97DD, 0x95E1, 0x940C, 0x9262, 0x90E5, 0x8F9B, 0x8E85, 0x8DA7, 0x8D04, 
	0x8CA0, 0x8C7E, 0xFFFF, 0x0000, 0x0000, 0x0000, 0x0000, 0x0000, 0x0000, 
	0x0000, 0x0000, 0x0000, 0x0000, 0x0000, 0x0000, 0xFFFF, 0x0000, 0x0000, 
	0x0000, 0x0000, 0x0000, 0x0000, 0x0000, 0x0000, 0x0000, 0x0000, 0x0000, 
	0x0000, 0x0000, 0x0000, 0x0000, 0x0000, 0x0000, 0x0000, 0x0000, 0x0000, 
	0x0000, 0x0000, 0xFFFF, 0x0000, 0x0000, 0xFFFF, 0x0000, 0x0000, 0xFFFF, 
	0x0000, 0x0000, 0x0000, 0x0000, 0x0000, 0x0000, 0x0000, 0x0000, 0xFFFF, 
	0x0000, 0x0000, 0x0000, 0x0000, 0x0000, 0x0000, 0x0000, 0x0000, 0xFFFF, 
	0x0000, 0xFFFF, 0xFFFF, 0xFFFF, 0xFFFF, 0x0000, 0xFFFF, 0xFFFF, 0xFFFF, 
	0xFFFF, 0x0000, 0xFFFF, 0xFFFF, 0xFFFF, 0xFFFF, 0xFFFF, 0xFFFF, 0xFFFF, 
	0xFFFF, 0xFFFF, 0xFFFF, 0xFFFF, 0xFFFF, 0xFFFF, 0xFFFF, 0xFFFF, 0xFFFF, 
	0xFFFF, 0xFFFF, 0xFFFF, 0xFFFF, 0xFFFF, 0xFFFF, 0xFFFF, 0xFFFF, 0xFFFF, 
	0xFFFF, 0xFFFF, 0xFFFF, 0xFFFF, 0xFFFF, 0xFFFF, 0xFFFF, 0xFFFF, 0xFFFF, 
	0xFFFF, 0xFFFF, 0xFFFF, 0xFFFF, 0xFFFF, 0xFFFF, 0xFFFF, 0xFFFF, 0xFFFF, 
	0xFFFF, 0xFFFF, 0xFFFF, 0xFFFF, 0xFFFF, 0xFFFF, 0xFFFF, 0xFFFF, 0xFFFF, 
	0xFFFF, 0xFFFF, 0xFFFF, 0xFFFF, 0xFFFF, 0xFFFF, 0xFFFF, 0xFFFF, 0x0000, 
	0x0000, 0x0000, 0x0000, 0x0000, 0x0000, 0x0000, 0x0000, 0x0000, 0x0000, 
	0x0000, 0xFFFF, 0x0DBE, 0x0DC8, 0x0DE5, 0x0E15, 0x0E57, 0x0EAA, 0x0F0D, 
	0x0F80, 0x1001, 0x1091, 0x112E, 0x11D7, 0x128D, 0x134D, 0x1418, 0x14EC, 
	0x15C9, 0x16AF, 0x179B, 0x188E, 0x1989, 0x1A96, 0x1BC0, 0x1D13, 0x1E9B, 
	0x2064, 0x227A, 0x24E8, 0x27BA, 0x2AFC, 0x2EBA, 0x32DD, 0x36C4, 0x39AB, 
	0x3ACE, 0x3ACE, 0x3ACC, 0x3AC6, 0x3ABB, 0x3AA9, 0x3A8E, 0x3A68, 0x3A36, 
	0x39F5, 0x39A4, 0x3942, 0x38CC, 0x3840, 0x379D, 0x36E2, 0x360B, 0x3518, 
	0x3407, 0x32D5, 0x3181, 0x300A, 0x2E6E, 0x2CAA, 0x2ABC, 0x28A5, 0x2660, 
	0x23DA, 0x2112, 0x1E23, 0x1B27, 0x183A, 0x1576, 0x12F7, 0x10D6, 0x0F30, 
	0x0E1F, 0x0DBE, 0xFFFF, 0xFFFF, 0xFFFF, 0x0000, 0xFFFF, 0x0000, 0x0000, 
	0xFFFF, 0x0000, 0xFFFF, 0x0000, 0x0000, 0x0000, 0x0000, 0xFFFF, 0xFFFF, 
	0xFFFF, 0xFFFF, 0x0000, 0x0000, 0xFFFF, 0x0000, 0xFFFF, 0xFFFF, 0x0000, 
	0x0000, 0x0000, 0x0000, 0xFFFF, 0x0000, 0x0000, 0x0000, 0xFFFF, 0x0000, 
	0x0000, 0xFFFF, 0x0000, 0x0000, 0xFFFF, 0x0000, 0xFFFF, 0x0000, 0xFFFF, 
	0x0000, 0x0000, 0x0000, 0x0000, 0x0000, 0xFFFF, 0xFFFF, 0x0000, 0xFFFF, 
	0xFFFF, 0xFFFF, 0xFFFF, 0xFFFF, 0x0000, 0x0000, 0x0000, 0x0000, 0x0000, 
	0xFFFF, 0xFFFF, 0x0000, 0xFFFF, 0x0000, 0x0000, 0x0000, 0x0000, 0xFFFF, 
	0x0000, 0xFFFF, 0xFFFF, 0x0000, 0xFFFF, 0xFFFF, 0x0000, 0xFFFF, 0x0000, 
	0xFFFF, 0x0000, 0x0000, 0xFFFF, 0xFFFF, 0xFFFF, 0x0000, 0xFFFF, 0x0000, 
	0x0000, 0x0000, 0x0000, 0xFFFF, 0x0000, 0x0000, 0x0000, 0x0000, 0x0000, 
	0x0000, 0xFFFF, 0x0000, 0xFFFF, 0x0000, 0x0000, 0xFFFF, 0x0000, 0xFFFF, 
	0xFFFF, 0x0000, 0x0000, 0xFFFF, 0xFFFF, 0xFFFF, 0x0000, 0x0000, 0xFFFF, 
	0x0000, 0xFFFF, 0xFFFF, 0x0000, 0x0000, 0xFFFF, 0x0000, 0xFFFF, 0x0000, 
	0x0000, 0xFFFF, 0xFFFF, 0x0000, 0x0000, 0xFFFF, 0xFFFF, 0x0000, 0x0000, 
	0xFFFF, 0x0000, 0xFFFF, 0xFFFF, 0x0000, 0xFFFF, 0x0000, 0xFFFF, 0x0000, 
	0x0000, 0xFFFF, 0xC352, 0xC360, 0xC388, 0xC3CA, 0xC427, 0xC49D, 0xC52C, 
	0xC5D4, 0xC695, 0xC76D, 0xC859, 0xC957, 0xCA62, 0xCB77, 0xCC94, 0xCDB4, 
	0xCED4, 0xCFF2, 0xD109, 0xD216, 0xD317, 0xD407, 0xD4E3, 0xD5AC, 0xD665, 
	0xD70F, 0xD7AF, 0xD846, 0xD8D8, 0xD966, 0xDA6D, 0xDBB6, 0xDC3B, 0xDAF4, 
	0xD825, 0xD4D5, 0xD120, 0xCD24, 0xC8FE, 0xC4CA, 0xC0A5, 0xBCAC, 0xB8FD, 
	0xB5B3, 0xB2ED, 0xB0C6, 0xAF5C, 0xAED0, 0xAF1A, 0xB017, 0xB1A3, 0xB39C, 
	0xB5DD, 0xB845, 0xBAAF, 0xBCF8, 0xBEFE, 0xC09D, 0xC1B1, 0xC25B, 0xC2D7, 
	0xC329, 0xC357, 0xC369, 0xC362, 0xC349, 0xC325, 0xC2F9, 0xC2CE, 0xC2A7, 
	0xC28C, 0xC282, 

},{ 
	0x0001, 0x0000, 0x0048, 0x0001, 0x0001, 0x0049, 0x0001, 0x004A, 0x0001, 
	0x004B, 0x0001, 0x004C, 0x0001, 0x004D, 0x0001, 0x004E, 0x0048, 0x004F, 
	0x0048, 0x0097, 0x0047, 0x00DF, 0x0048, 0x0126, 0x0048, 0x016E, 0x0048, 
	0x01B6, 0x0048, 0x01FE, 0x0001, 0x0246, 0x0001, 0x0247, 0x0001, 0x0248, 
	0x0048, 0x0249, 0x0048, 0x0291, 0x0048, 0x02D9, 0x0001, 0x0321, 0x0048, 
	0x0322, 0x0048, 0x036A, 0x0001, 0x03B2, 0x0001, 0x03B3, 0x0001, 0x03B4, 
	0x0001, 0x03B5, 0x0001, 0x03B6, 0x0001, 0x03B7, 0x0048, 0x03B8, 0x0048, 
	0x0400, 0x0048, 0x0448, 0x0001, 0x0490, 0x0001, 0x0491, 0x0001, 0x0492, 
	0x0001, 0x0493, 0x0001, 0x0494, 0x0001, 0x0495, 0x0046, 0x0496, 0x0048, 
	0x04DC, 0x0022, 0x0524, 0x0048, 0x0546, 0x0045, 0x058E, 0x0048, 0x05D3, 
	0x0018, 0x061B, 0x001C, 0x0633, 0x0048, 0x064F, 0x0047, 0x0697, 0x0044, 
	0x06DE, 0x0047, 0x0722, 0x0047, 0x0769, 0x0046, 0x07B0, 0x0001, 0x07F6, 
	0x0046, 0x07F7, 0x0047, 0x083D, 0x0048, 0x0884, 0x0048, 0x08CC, 0x0048, 
	0x0914, 0x0048, 0x095C, 0x0048, 0x09A4, 0x0048, 0x09EC, 0x0048, 0x0A34, 
	

});
smlua_anim_util_register_animation('JSYP_HOLD_PICKUP',1, 0, 0, 0, 10, { 
	0x0000, 0x0000, 0x0001, 0x0001, 0x0002, 0x0002, 0x0001, 0x0001, 0x0001, 
	0x0000, 0x0098, 0x009A, 0x009B, 0x009B, 0x009A, 0x009C, 0x00A1, 0x00A8, 
	0x00AF, 0x00B4, 0x00B6, 0x0015, 0x001A, 0x001F, 0x0020, 0x0019, 0x0017, 
	0x0015, 0x0014, 0x0014, 0x0013, 0x0000, 0x3FFF, 0x3FFF, 0x3FFF, 0x3FFF, 
	0x3FFF, 0x3FFF, 0x3FFF, 0x4000, 0x0000, 0x17E6, 0x1588, 0x135F, 0x10A3, 
	0x0D8C, 0x0A59, 0x073A, 0x0467, 0x021C, 0x0091, 0x0000, 0x00F4, 0xFED8, 
	0xFE7E, 0xFE63, 0xFE7B, 0xFEB7, 0xFF07, 0xFF5F, 0xFFAE, 0xFFE8, 0x0000, 
	0x56B3, 0x582E, 0x55D4, 0x523F, 0x4DD7, 0x486A, 0x4280, 0x3CC0, 0x37D4, 
	0x3463, 0x3319, 0x1F34, 0x232F, 0x2941, 0x2F6D, 0x30EF, 0x2D4F, 0x243F, 
	0x1877, 0x0CB0, 0x03A0, 0xFFFF, 0xEFAA, 0xEDC2, 0xF1A3, 0xF683, 0xF9FE, 
	0xFC75, 0xFE22, 0xFF2D, 0xFFBB, 0xFFF5, 0x0000, 0x184B, 0x1154, 0x0DC3, 
	0x0ADD, 0x088D, 0x075D, 0x0692, 0x0617, 0x05D7, 0x05C0, 0x05BD, 0xD7ED, 
	0xDA07, 0xD6D4, 0xD2CC, 0xD31D, 0xD719, 0xDF98, 0xEA44, 0xF4C8, 0xFCCE, 
	0x0000, 0xFC02, 0xF9D1, 0xFA73, 0xFC5D, 0xFDD8, 0xFEC0, 0xFF5C, 0xFFBA, 
	0xFFEB, 0xFFFC, 0x0000, 0xF088, 0xEF89, 0xF038, 0xF257, 0xF592, 0xF94B, 
	0xFD1B, 0x00AA, 0x03A0, 0x05A6, 0x0666, 0xFFFE, 0x0001, 0xC170, 0xB560, 
	0x2DB6, 0x2978, 0x252E, 0x20FE, 0x29DA, 0xC001, 0xDCCE, 0xF99B, 0x0FC4, 
	0x18A0, 0x97BE, 0xEEA4, 0xF109, 0xF317, 0xF4D2, 0xEF32, 0x9EDC, 0xB124, 
	0xC36C, 0xD17B, 0xD71B, 0x0416, 0x82F7, 0x835D, 0x8419, 0x8510, 0x824A, 
	0xFB58, 0xF252, 0xE94C, 0xE25B, 0xDF94, 0xFFFF, 0x0000, 0xFFFF, 0x0000, 
	0xFFFF, 0xFFFF, 0xFFFF, 0x0000, 0x0000, 0x0000, 0xFFFF, 0xFFFF, 0x0000, 
	0x0000, 0xFFFF, 0xFFFF, 0xFFFF, 0xFFFF, 0x0000, 0xFFFF, 0xFFFF, 0x0000, 
	0xDD72, 0xDFA0, 0xE26B, 0xE5C1, 0xE966, 0xE504, 0xDA0E, 0xCBCF, 0xBD90, 
	0xB29A, 0xAE38, 0xE572, 0xDAF1, 0xD9CA, 0xDA20, 0xDB05, 0xD4C8, 0xD09A, 
	0xCE11, 0xCCC4, 0xCC49, 0xCC38, 0xF159, 0xEE81, 0xEEE2, 0xEFE5, 0xF110, 
	0xF49C, 0xFD7B, 0x0904, 0x148B, 0x1D6A, 0x20F6, 0xF24F, 0xF3C5, 0xF325, 
	0xF20C, 0xF05A, 0xF218, 0xF672, 0xFC1B, 0x01C5, 0x0620, 0x07DD, 0xFFFE, 
	0x0001, 0xC170, 0xF162, 0xF4DB, 0xF4EB, 0xF4D1, 0xF496, 0xF1F3, 0xEC6C, 
	0xE582, 0xDEB5, 0xD986, 0xD777, 0x1B87, 0x1AFD, 0x195D, 0x1778, 0x156F, 
	0x158E, 0x15DC, 0x1641, 0x16A5, 0x16F3, 0x1712, 0x882E, 0x8A3E, 0x8AF2, 
	0x8BAC, 0x8C63, 0x87F9, 0x7CEF, 0x6E95, 0x603B, 0x5531, 0x50C7, 0x0000, 
	0xFFFF, 0xFFFF, 0x0000, 0xFFFF, 0x0000, 0xFFFF, 0x0000, 0x0000, 0x0000, 
	0xFFFF, 0xFFFF, 0x0000, 0x0000, 0xFFFF, 0xE4C3, 0xDD74, 0xD883, 0xD4CA, 
	0xD475, 0xD5C4, 0xD90A, 0xDD4B, 0xE18C, 0xE4D2, 0xE621, 0x1EB5, 0x1CF7, 
	0x135E, 0x05FB, 0xFE1C, 0xFD10, 0xFA73, 0xF70D, 0xF3A6, 0xF109, 0xEFFD, 
	0x1399, 0x1264, 0x0CC6, 0x04EC, 0xFFF4, 0x11E1, 0x1DE4, 0x252D, 0x28EB, 
	0x2A4C, 0x2A7E, 0xF0F7, 0xF6A6, 0xF621, 0xF28E, 0xEFD6, 0xED98, 0xEB68, 
	0xE96E, 0xE7D2, 0xE6BE, 0xE659, 0xFFFF, 0xFFFF, 0xFFFF, 0xFFFF, 0xFFFF, 
	0xFFFF, 0x0000, 0xFFFF, 0x0000, 0xFFFF, 0x0000, 0xFFFF, 0xFFFF, 0x0000, 
	0xFFFF, 0x0000, 0x0000, 0x0000, 0xFFFF, 0xC5E3, 0xF5C6, 0xF370, 0xF066, 
	0xECA3, 0xE892, 0xE4AA, 0xE11B, 0xDE0F, 0xDBB0, 0xDA25, 0xD999, 0x05EF, 
	0x046A, 0x00A2, 0xFB07, 0xF4B7, 0xF4DE, 0xF53E, 0xF5BC, 0xF639, 0xF69A, 
	0xF6C0, 0x9802, 0x9A05, 0x9BC8, 0x9DBB, 0x9FFF, 0xA6A4, 0xB107, 0xBCF5, 
	0xC837, 0xD096, 0xD3DF, 0x0000, 0x0000, 0x0000, 0xFFFF, 0xFFFF, 0xFFFF, 
	0xFFFF, 0x0000, 0xFFFF, 0xFFFF, 0x0000, 0xFFFF, 0xFFFF, 0x0000, 0x0000, 
	0x0000, 0xFFFF, 0xFFFF, 0x0000, 0xFFFF, 0xFFFF, 0x0000, 0x2C93, 0x2C73, 
	0x2DD5, 0x2FBB, 0x31D3, 0x2E34, 0x2526, 0x1961, 0x0D9C, 0x048E, 0x00EF, 
	0xFDB9, 0xFE35, 0xFF2A, 0x0066, 0x01A3, 0x0091, 0xFDE3, 0xFA69, 0xF6EF, 
	0xF442, 0xF330, 0x008F, 0x00E0, 0x0153, 0x01D5, 0x024A, 0x01DD, 0x00CB, 
	0xFF67, 0xFE04, 0xFCF3, 0xFC85, 0xB78B, 0xB310, 0xB2C3, 0xB390, 0xB4DD, 
	0xB8B1, 0xBEB1, 0xC595, 0xCC17, 0xD0EE, 0xD2D4, 0xFFFF, 0x0000, 0x0000, 
	0x0000, 0x0000, 0xFFFF, 0xFFFF, 0x0000, 0xFFFF, 0xFFFF, 0x0000, 0xFFFF, 
	0xFFFF, 0x0000, 0xFFFF, 0x0000, 0xFFFF, 0xFFFF, 0xFFFF, 0x0000, 0xBF5E, 
	0x08EE, 0x0B34, 0x0C46, 0x0AD0, 0x081E, 0x0980, 0x0CF4, 0x1172, 0x15F0, 
	0x1964, 0x1AC6, 0x124E, 0x129E, 0x1379, 0x1578, 0x1811, 0x170E, 0x1488, 
	0x113F, 0x0DF7, 0x0B70, 0x0A6E, 0xC173, 0xC1AC, 0xBF0A, 0xB722, 0xAC6A, 
	0xAF4E, 0xB686, 0xBFE9, 0xC94C, 0xD085, 0xD368, 0xFFFF, 0xFFFF, 0x0000, 
	0x0000, 0xFFFF, 0xFFFF, 0x0000, 0xFFFF, 0x0000, 0x0000, 0xFFFF, 0xFFFF, 
	0xFFFF, 0xFFFF, 0xFFFF, 0xFFFF, 0xFFFF, 0xFFFF, 0x0000, 0xFFFF, 0x0000, 
	0xFFFF, 0x39F8, 0x34AF, 0x3E0F, 0x415B, 0x435C, 0x3E00, 0x309C, 0x1F32, 
	0x0DC9, 0x0065, 0xFB08, 0x000B, 0x002D, 0x0108, 0x01DE, 0x02B6, 0x0426, 
	0x060D, 0x0819, 0x09F6, 0x0B51, 0x0BD7, 0xFF36, 0xFF3B, 0xFF47, 0xFEB6, 
	0xFE03, 0xFE0E, 0xFE28, 0xFE4B, 0xFE6E, 0xFE88, 0xFE93, 0xC434, 0xC09A, 
	0xBB78, 0xBB1C, 0xBB95, 0xBE79, 0xC383, 0xC981, 0xCF43, 0xD397, 0xD54D, 
	

},{ 
	0x000A, 0x0000, 0x000B, 0x000A, 0x000A, 0x0015, 0x0001, 0x001F, 0x0008, 
	0x0020, 0x0001, 0x0028, 0x000B, 0x0029, 0x000B, 0x0034, 0x000B, 0x003F, 
	0x000B, 0x004A, 0x000B, 0x0055, 0x000B, 0x0060, 0x000B, 0x006B, 0x000B, 
	0x0076, 0x000B, 0x0081, 0x0001, 0x008C, 0x0001, 0x008D, 0x0001, 0x008E, 
	0x000B, 0x008F, 0x000B, 0x009A, 0x000B, 0x00A5, 0x000B, 0x00B0, 0x000B, 
	0x00BB, 0x000B, 0x00C6, 0x000B, 0x00D1, 0x000B, 0x00DC, 0x000B, 0x00E7, 
	0x0001, 0x00F2, 0x0001, 0x00F3, 0x0001, 0x00F4, 0x000B, 0x00F5, 0x000B, 
	0x0100, 0x000B, 0x010B, 0x000B, 0x0116, 0x0004, 0x0121, 0x000B, 0x0125, 
	0x000B, 0x0130, 0x000B, 0x013B, 0x000B, 0x0146, 0x000B, 0x0151, 0x0008, 
	0x015C, 0x0001, 0x0164, 0x000B, 0x0165, 0x000B, 0x0170, 0x000B, 0x017B, 
	0x000B, 0x0186, 0x000B, 0x0191, 0x000B, 0x019C, 0x000B, 0x01A7, 0x000B, 
	0x01B2, 0x000B, 0x01BD, 0x0009, 0x01C8, 0x000B, 0x01D1, 0x0001, 0x01DC, 
	0x000B, 0x01DD, 0x000B, 0x01E8, 0x000B, 0x01F3, 0x000B, 0x01FE, 0x000B, 
	0x0209, 0x000B, 0x0214, 0x000B, 0x021F, 0x000B, 0x022A, 0x000B, 0x0235, 
	

});
smlua_anim_util_register_animation('JSYP_HOLD_PLACE',1, 0, 0, 0, 20, { 
	0x0000, 0x00B6, 0x00B5, 0x00B2, 0x00AF, 0x00AB, 0x00A8, 0x00A5, 0x00A4, 
	0x00A5, 0x00A5, 0x00A6, 0x00A8, 0x00A9, 0x00AB, 0x00AD, 0x00AF, 0x00B1, 
	0x00B3, 0x00B5, 0x00B6, 0x0013, 0x0012, 0x000D, 0x0006, 0xFFFF, 0xFFF9, 
	0xFFF4, 0xFFF2, 0xFFF3, 0xFFF5, 0xFFF8, 0xFFFC, 0x0000, 0x0004, 0x0008, 
	0x000C, 0x000E, 0x0011, 0x0012, 0x0013, 0x0000, 0x0000, 0x0000, 0x0000, 
	0x0000, 0x0000, 0x0000, 0x0000, 0x0000, 0x0000, 0x0000, 0x0000, 0x0000, 
	0x0000, 0x0000, 0x0000, 0x0000, 0xFFFF, 0x0000, 0xFFFF, 0x4000, 0x0000, 
	0x0000, 0x0000, 0x0000, 0x0000, 0x0000, 0x0000, 0x0000, 0xFFFF, 0xFFFF, 
	0xFFFF, 0xFFFF, 0xFFFF, 0xFFFF, 0xFFFF, 0xFFFF, 0xFFFF, 0xFFFF, 0xFFFF, 
	0xFFFF, 0xFFFF, 0x0000, 0xFFFF, 0x3319, 0x35F8, 0x3D61, 0x4783, 0x528D, 
	0x5CAF, 0x6418, 0x66F8, 0x6618, 0x63A9, 0x5FF4, 0x5B42, 0x55DA, 0x5005, 
	0x4A0B, 0x4437, 0x3ECE, 0x3A1C, 0x3667, 0x33F8, 0x3319, 0xFFFF, 0xFFFF, 
	0x05BD, 0x05F6, 0x0688, 0x0751, 0x082C, 0x08F5, 0x0988, 0x09C1, 0x09B0, 
	0x097F, 0x0936, 0x08D9, 0x086E, 0x07FA, 0x0784, 0x0710, 0x06A5, 0x0648, 
	0x05FE, 0x05CE, 0x05BD, 0x0000, 0x0000, 0x0000, 0x0000, 0x0000, 0x0000, 
	0x0000, 0xFFFF, 0xFFFF, 0xFFFF, 0xFFFF, 0xFFFF, 0xFFFF, 0xFFFF, 0xFFFF, 
	0xFFFF, 0xFFFF, 0xFFFF, 0xFFFF, 0xFFFF, 0x0000, 0x0000, 0x06AA, 0x052A, 
	0x014C, 0xFC01, 0xF63E, 0xF0F4, 0xED16, 0xEB96, 0xEC0B, 0xED50, 0xEF3F, 
	0xF1B3, 0xF485, 0xF790, 0xFAAE, 0xFDBA, 0x008D, 0x0301, 0x04F0, 0x0635, 
	0x06AA, 0xFFFE, 0x0001, 0xCACF, 0xCA47, 0xC8E6, 0xC700, 0xC4E8, 0xC2F2, 
	0xC170, 0xC125, 0xC170, 0x18A0, 0x1ADD, 0x1F61, 0x236E, 0x2680, 0x28A3, 
	0x29E3, 0x2A4B, 0x29FF, 0x292B, 0x27E8, 0x264E, 0x2477, 0x227A, 0x2071, 
	0x1E75, 0x1C9D, 0x1B04, 0x19C1, 0x18ED, 0x18A0, 0xD71B, 0xCFE6, 0xC8B2, 
	0xCA8F, 0xCF03, 0xD452, 0xD8C5, 0xDAA3, 0xDA94, 0xDA6A, 0xDA29, 0xD9D7, 
	0xD979, 0xD913, 0xD8AB, 0xD846, 0xD7E7, 0xD796, 0xD755, 0xD72B, 0xD71B, 
	0xDF94, 0xD6E1, 0xC74C, 0xBC19, 0xB54E, 0xB1D1, 0xB088, 0xB059, 0xB124, 
	0xB35B, 0xB6BB, 0xBB02, 0xBFEF, 0xC53E, 0xCAAF, 0xCFFE, 0xD4EA, 0xD931, 
	0xDC92, 0xDEC8, 0xDF94, 0xFFFF, 0xFF4F, 0xFD87, 0xFB19, 0xF873, 0xF604, 
	0xF43D, 0xF38D, 0xF3C2, 0xF458, 0xF53C, 0xF65C, 0xF7A8, 0xF90E, 0xFA7D, 
	0xFBE4, 0xFD30, 0xFE50, 0xFF34, 0xFFC9, 0xFFFF, 0xFFFF, 0xFF6F, 0xFDFD, 
	0xFC02, 0xF9D9, 0xF7DE, 0xF66C, 0xF5DC, 0xF608, 0xF681, 0xF73B, 0xF826, 
	0xF934, 0xFA58, 0xFB83, 0xFCA7, 0xFDB5, 0xFEA0, 0xFF5A, 0xFFD3, 0xFFFF, 
	0xAE0C, 0xAFE1, 0xB49B, 0xBB10, 0xC21B, 0xC890, 0xCD4A, 0xCF1F, 0xCE90, 
	0xCD04, 0xCAA6, 0xC7A7, 0xC435, 0xC07D, 0xBCAE, 0xB8F6, 0xB583, 0xB285, 
	0xB027, 0xAE9B, 0xAE0C, 0xCC38, 0xCBC5, 0xCA9C, 0xC907, 0xC74E, 0xC5B9, 
	0xC490, 0xC41D, 0xC440, 0xC4A2, 0xC536, 0xC5F2, 0xC6CA, 0xC7B3, 0xC8A2, 
	0xC98B, 0xCA63, 0xCB1F, 0xCBB3, 0xCC15, 0xCC38, 0x20F6, 0x205A, 0x1EC7, 
	0x1CA1, 0x1A49, 0x1822, 0x1690, 0x15F4, 0x1623, 0x16A7, 0x1771, 0x1870, 
	0x1996, 0x1AD3, 0x1C17, 0x1D54, 0x1E7A, 0x1F79, 0x2043, 0x20C7, 0x20F6, 
	0x07DD, 0x06C6, 0x03F5, 0x001B, 0xFBE8, 0xF80F, 0xF53E, 0xF426, 0xF47B, 
	0xF568, 0xF6D0, 0xF899, 0xFAA7, 0xFCDF, 0xFF24, 0x015C, 0x036A, 0x0533, 
	0x069C, 0x0789, 0x07DD, 0xFFFE, 0x0001, 0xC9FE, 0xC982, 0xC840, 0xC684, 
	0xC49B, 0xC2D0, 0xC170, 0xC12B, 0xC170, 0xFF5A, 0xFF59, 0xFF54, 0xFF45, 
	0xFF27, 0xFEF8, 0xFEB0, 0xFE4C, 0xFB5F, 0xF407, 0xE915, 0xDB57, 0x4B9D, 
	0x3AB5, 0x296E, 0x1897, 0x0900, 0xFB76, 0xF0CB, 0xE9CD, 0xE74A, 0x1B8F, 
	0x1A0B, 0x1623, 0x10CB, 0x0AF9, 0x05A2, 0x01B9, 0x0035, 0x01BA, 0x05F5, 
	0x0C67, 0x1493, 0x6206, 0x57E2, 0x4D7F, 0x435B, 0x39F4, 0x31C8, 0x2B56, 
	0x271C, 0x2597, 0x8487, 0x8537, 0x86FE, 0x896C, 0x8C12, 0x8E80, 0x9047, 
	0x90F8, 0x9010, 0x8D8B, 0x89B3, 0x84D5, 0xFF3A, 0xF92E, 0xF2FD, 0xECF2, 
	0xE758, 0xE279, 0xDEA1, 0xDC1C, 0xDB34, 0x0000, 0x0000, 0x0000, 0x0000, 
	0x0000, 0x0000, 0xFFFF, 0xFFFF, 0xFFFF, 0xFFFF, 0xFFFF, 0xFFFF, 0xFFFF, 
	0x0000, 0xFFFF, 0x0000, 0xFFFF, 0xC4CB, 0xC634, 0xCA11, 0xCFD4, 0xD6EE, 
	0xDED2, 0xE6F2, 0xEEC0, 0xF54B, 0xF81B, 0xF66F, 0xF1D9, 0xEAFF, 0xE286, 
	0xD914, 0xCF50, 0xC5DF, 0xBD66, 0xB68C, 0xB1F6, 0xB049, 0x48CA, 0x48C6, 
	0x48B1, 0x4876, 0x4804, 0x4748, 0x4630, 0x44A8, 0x429F, 0x4002, 0x3CBF, 
	0x325D, 0x1C6D, 0xFDE9, 0x59CE, 0x3314, 0x0CB7, 0xE9AF, 0x4CFB, 0x3993, 
	0x3271, 0x04DA, 0x04D4, 0x04AC, 0x043F, 0x036C, 0x020E, 0x0005, 0xFD2D, 
	0xF965, 0xF48A, 0xEE7A, 0xE15A, 0xC954, 0xA94B, 0xFBD9, 0x2338, 0x49EB, 
	0x6D0D, 0xF644, 0xE2F0, 0xDBDA, 0x3037, 0x3033, 0x3017, 0x2FC9, 0x2F32, 
	0x2E38, 0x2CC4, 0x2ABD, 0x2809, 0x2492, 0x203D, 0x14D5, 0xFE28, 0xDF26, 
	0x3AC0, 0x13E4, 0xED81, 0xCA8B, 0x2DEF, 0x1A9D, 0x1385, 0x0000, 0xFFFF, 
	0x0000, 0x0000, 0xFFFF, 0xFFFF, 0xFFFF, 0xFFFF, 0x0000, 0x0000, 0xFFFF, 
	0xFFFF, 0xFFFF, 0x0000, 0x0000, 0x0000, 0x0000, 0xFFFF, 0x0000, 0xFFFF, 
	0x0000, 0x0000, 0xFFFF, 0xFFFF, 0xFFFF, 0x0000, 0x0000, 0x0000, 0x0000, 
	0xFFFF, 0xFFFF, 0x0000, 0x0000, 0xFFFF, 0xFFFF, 0xFFFF, 0x0000, 0xFFFF, 
	0x0000, 0x0000, 0xFFFF, 0xBF5E, 0xD996, 0xD9B9, 0xDA12, 0xDA8B, 0xDB10, 
	0xDB89, 0xDBE2, 0xDC04, 0xDBFA, 0xDBDD, 0xDBB0, 0xDB78, 0xDB37, 0xDAF1, 
	0xDAAA, 0xDA64, 0xDA23, 0xD9EA, 0xD9BE, 0xD9A1, 0xD996, 0xF6AC, 0xF62E, 
	0xF4E8, 0xF32B, 0xF145, 0xEF88, 0xEE42, 0xEDC4, 0xEDEA, 0xEE55, 0xEEF8, 
	0xEFC7, 0xF0B4, 0xF1B5, 0xF2BB, 0xF3BC, 0xF4A9, 0xF578, 0xF61B, 0xF686, 
	0xF6AC, 0xD3DF, 0xD072, 0xC79D, 0xBB8A, 0xAE61, 0xA24E, 0x9979, 0x960C, 
	0x96FB, 0x9998, 0x9DA2, 0xA2D3, 0xA8E8, 0xAF9D, 0xB6AE, 0xBDD0, 0xC49C, 
	0xCAA4, 0xCF7C, 0xD2B4, 0xD3DF, 0x0000, 0x0000, 0x0000, 0x0000, 0xFFFF, 
	0xFFFF, 0xFFFF, 0xFFFF, 0xFFFF, 0xFFFF, 0xFFFF, 0xFFFF, 0xFFFF, 0xFFFF, 
	0xFFFF, 0xFFFF, 0xFFFF, 0xFFFF, 0xFFFF, 0xFFFF, 0xFFFF, 0x0000, 0x00EF, 
	0x02CC, 0x079A, 0x0E2B, 0x1554, 0x1BE6, 0x20B4, 0x2290, 0x228A, 0x2261, 
	0x21EF, 0x2112, 0x1FA6, 0x1D86, 0x1A8F, 0x1647, 0x10DD, 0x0B2C, 0x060D, 
	0x025B, 0x00EF, 0xF330, 0xF37A, 0xF438, 0xF53C, 0xF658, 0xF75C, 0xF81A, 
	0xF863, 0xF838, 0xF7C4, 0xF71D, 0xF659, 0xF58D, 0xF4CF, 0xF434, 0xF3C7, 
	0xF37D, 0xF351, 0xF33A, 0xF332, 0xF330, 0xFC85, 0xFC85, 0xFC82, 0xFC79, 
	0xFC69, 0xFC4E, 0xFC26, 0xFBED, 0xFB93, 0xFB12, 0xFA7E, 0xF9E9, 0xF967, 
	0xF90C, 0xF8E9, 0xF92D, 0xF9D8, 0xFAB7, 0xFB96, 0xFC41, 0xFC85, 0xD2D4, 
	0xD1AC, 0xCEB0, 0xCA9C, 0xC62B, 0xC217, 0xBF1B, 0xBDF3, 0xBDF6, 0xBE07, 
	0xBE36, 0xBE93, 0xBF2B, 0xC00E, 0xC14A, 0xC396, 0xC71C, 0xCB22, 0xCEEB, 
	0xD1BA, 0xD2D4, 0x0000, 0xFFFF, 0x0000, 0x0000, 0xFFFF, 0xFFFF, 0xFFFF, 
	0xFFFF, 0x0000, 0x0000, 0xFFFF, 0xFFFF, 0xFFFF, 0x0000, 0x0000, 0x0000, 
	0x0000, 0xFFFF, 0x0000, 0xFFFF, 0x0000, 0x0000, 0xFFFF, 0xFFFF, 0xFFFF, 
	0x0000, 0x0000, 0x0000, 0x0000, 0xFFFF, 0xFFFF, 0x0000, 0x0000, 0xFFFF, 
	0xFFFF, 0xFFFF, 0x0000, 0xFFFF, 0x0000, 0x0000, 0xFFFF, 0xBF5E, 0x1AC6, 
	0x1A98, 0x1A23, 0x1982, 0x18D2, 0x1831, 0x17BC, 0x178E, 0x179C, 0x17C3, 
	0x17FD, 0x1848, 0x189E, 0x18FB, 0x195A, 0x19B6, 0x1A0C, 0x1A57, 0x1A92, 
	0x1AB8, 0x1AC6, 0x0A6E, 0x0ACA, 0x0BB9, 0x0D00, 0x0E64, 0x0FAB, 0x109A, 
	0x10F6, 0x10DA, 0x108C, 0x1014, 0x0F7D, 0x0ECE, 0x0E12, 0x0D52, 0x0C96, 
	0x0BE7, 0x0B50, 0x0AD8, 0x0A8A, 0x0A6E, 0xD368, 0xCFD9, 0xC6AB, 0xBA1F, 
	0xAC72, 0x9FE6, 0x96B8, 0x9329, 0x9422, 0x96DD, 0x9B13, 0xA07C, 0xA6D2, 
	0xADCC, 0xB525, 0xBC8C, 0xC399, 0xC9DA, 0xCEDD, 0xD233, 0xD368, 0x0000, 
	0xFFFF, 0x0000, 0xFFFF, 0xFFFF, 0x0000, 0x0000, 0x0000, 0x0000, 0x0000, 
	0xFFFF, 0x0000, 0xFFFF, 0x0000, 0x0000, 0xFFFF, 0xFFFF, 0xFFFF, 0xFFFF, 
	0xFFFF, 0xFFFF, 0x0000, 0xFB08, 0xFCE5, 0x01B4, 0x0846, 0x0F6E, 0x1600, 
	0x1ACE, 0x1CAB, 0x1CA5, 0x1C7B, 0x1C09, 0x1B2C, 0x19C0, 0x17A0, 0x14A9, 
	0x1061, 0x0AF8, 0x0546, 0x0027, 0xFC74, 0xFB08, 0x0BD7, 0x0BBB, 0x0B70, 
	0x0B0B, 0x0A9C, 0x0A36, 0x09EC, 0x09CF, 0x09F3, 0x0A50, 0x0ACF, 0x0B59, 
	0x0BD8, 0x0C35, 0x0C59, 0x0C4F, 0x0C37, 0x0C18, 0x0BF9, 0x0BE1, 0x0BD7, 
	0xFE36, 0xFE38, 0xFE42, 0xFE5D, 0xFE8F, 0xFEE1, 0xFF5B, 0x0004, 0x00DE, 
	0x01D7, 0x02D8, 0x03C8, 0x0491, 0x051B, 0x054E, 0x04C8, 0x0378, 0x01C3, 
	0x000E, 0xFEBD, 0xFE36, 0xD54D, 0xD42D, 0xD148, 0xCD52, 0xC902, 0xC50C, 
	0xC227, 0xC107, 0xC10A, 0xC11E, 0xC153, 0xC1BB, 0xC266, 0xC366, 0xC4CA, 
	0xC722, 0xCA81, 0xCE41, 0xD1BC, 0xD44D, 0xD54D, 

},{ 
	0x0001, 0x0000, 0x0014, 0x0001, 0x0014, 0x0015, 0x0014, 0x0029, 0x0001, 
	0x003D, 0x0001, 0x003E, 0x0015, 0x003F, 0x0001, 0x0054, 0x0015, 0x0055, 
	0x0001, 0x006A, 0x0001, 0x006B, 0x0015, 0x006C, 0x0015, 0x0081, 0x0001, 
	0x0096, 0x0015, 0x0097, 0x0001, 0x00AC, 0x0001, 0x00AD, 0x0009, 0x00AE, 
	0x0015, 0x00B7, 0x0015, 0x00CC, 0x0015, 0x00E1, 0x0015, 0x00F6, 0x0015, 
	0x010B, 0x0015, 0x0120, 0x0015, 0x0135, 0x0015, 0x014A, 0x0015, 0x015F, 
	0x0001, 0x0174, 0x0001, 0x0175, 0x0009, 0x0176, 0x0015, 0x017F, 0x0015, 
	0x0194, 0x0015, 0x01A9, 0x0010, 0x01BE, 0x0001, 0x01CE, 0x0015, 0x01CF, 
	0x0015, 0x01E4, 0x0015, 0x01F9, 0x0015, 0x020E, 0x0014, 0x0223, 0x0015, 
	0x0237, 0x0001, 0x024C, 0x0015, 0x024D, 0x0015, 0x0262, 0x0015, 0x0277, 
	0x0001, 0x028C, 0x0015, 0x028D, 0x0015, 0x02A2, 0x0015, 0x02B7, 0x0015, 
	0x02CC, 0x0015, 0x02E1, 0x0014, 0x02F6, 0x0015, 0x030A, 0x0001, 0x031F, 
	0x0015, 0x0320, 0x0015, 0x0335, 0x0015, 0x034A, 0x0001, 0x035F, 0x0015, 
	0x0360, 0x0015, 0x0375, 0x0015, 0x038A, 0x0015, 0x039F, 0x0015, 0x03B4, 
	

});
smlua_anim_util_register_animation('JSYP_HOLD_IDLE',0, 0, 0, 0, 30, { 
	0x0000, 0x00B6, 0x00B6, 0x00B6, 0x00B6, 0x00B6, 0x00B6, 0x00B6, 0x00B5, 
	0x00B5, 0x00B5, 0x00B5, 0x00B5, 0x00B5, 0x00B5, 0x00B5, 0x00B5, 0x00B5, 
	0x00B5, 0x00B5, 0x00B5, 0x00B5, 0x00B5, 0x00B5, 0x00B5, 0x00B6, 0x0013, 
	0x0013, 0x0014, 0x0014, 0x0014, 0x0015, 0x0016, 0x0017, 0x0018, 0x0018, 
	0x0019, 0x001A, 0x001A, 0x001B, 0x001B, 0x001B, 0x001B, 0x001B, 0x001A, 
	0x001A, 0x0019, 0x0018, 0x0018, 0x0017, 0x0016, 0x0015, 0x0014, 0x0014, 
	0x0014, 0x0013, 0x0000, 0xFFFF, 0xFFFF, 0xFFFF, 0xFFFF, 0xFFFF, 0xFFFF, 
	0xFFFF, 0xFFFF, 0xFFFF, 0xFFFF, 0xFFFF, 0xFFFF, 0xFFFF, 0x0000, 0x0000, 
	0xFFFF, 0xFFFF, 0xFFFF, 0xFFFF, 0xFFFF, 0xFFFF, 0xFFFF, 0xFFFF, 0xFFFF, 
	0xFFFF, 0xFFFF, 0xFFFF, 0xFFFF, 0x0000, 0x4000, 0x0000, 0x0000, 0xFFFF, 
	0x3319, 0xFFFF, 0xFFFF, 0x05BD, 0x05B3, 0x0597, 0x056C, 0x0535, 0x04F4, 
	0x04AD, 0x0461, 0x0414, 0x03C8, 0x0380, 0x0340, 0x0308, 0x02DE, 0x02C2, 
	0x02B8, 0x02C2, 0x02DE, 0x0308, 0x0340, 0x0380, 0x03C8, 0x0414, 0x0461, 
	0x04AD, 0x04F4, 0x0535, 0x056C, 0x0597, 0x05B3, 0x05BD, 0x0000, 0x0000, 
	0x06AA, 0x06B1, 0x06C6, 0x06E8, 0x0718, 0x0755, 0x079F, 0x07F5, 0x0857, 
	0x08C5, 0x093F, 0x09C4, 0x0A53, 0x0AEE, 0x0B8E, 0x0C20, 0x0C8A, 0x0CB2, 
	0x0C98, 0x0C50, 0x0BE2, 0x0B56, 0x0AB5, 0x0A07, 0x0955, 0x08A7, 0x0806, 
	0x077B, 0x070C, 0x06C4, 0x06AA, 0x0000, 0xFFFF, 0xBFFF, 0x18A0, 0x1896, 
	0x187A, 0x184F, 0x1816, 0x17D5, 0x178C, 0x173F, 0x16F0, 0x16A3, 0x165A, 
	0x1618, 0x15E0, 0x15B4, 0x1598, 0x158E, 0x1598, 0x15B4, 0x15E0, 0x1618, 
	0x165A, 0x16A3, 0x16F0, 0x173F, 0x178C, 0x17D5, 0x1816, 0x184F, 0x187A, 
	0x1896, 0x18A0, 0xD71B, 0xD717, 0xD70C, 0xD6FB, 0xD6E5, 0xD6CB, 0xD6AF, 
	0xD690, 0xD672, 0xD653, 0xD637, 0xD61D, 0xD607, 0xD5F6, 0xD5EB, 0xD5E7, 
	0xD5EB, 0xD5F6, 0xD607, 0xD61D, 0xD637, 0xD653, 0xD672, 0xD690, 0xD6AF, 
	0xD6CB, 0xD6E5, 0xD6FB, 0xD70C, 0xD717, 0xD71B, 0xDF94, 0xDFA0, 0xDFC1, 
	0xDFF4, 0xE036, 0xE083, 0xE0D9, 0xE134, 0xE190, 0xE1EA, 0xE240, 0xE28D, 
	0xE2CF, 0xE302, 0xE323, 0xE32F, 0xE323, 0xE302, 0xE2CF, 0xE28D, 0xE240, 
	0xE1EA, 0xE190, 0xE134, 0xE0D9, 0xE083, 0xE036, 0xDFF4, 0xDFC1, 0xDFA0, 
	0xDF94, 0xFFFF, 0xFFFF, 0x0000, 0xFFFF, 0x0000, 0xFFFF, 0xFFFF, 0xFFFF, 
	0xFFFF, 0xFFFF, 0xFFFF, 0xFFFF, 0xFFFF, 0xFFFF, 0xFFFF, 0xFFFF, 0xFFFF, 
	0xFFFF, 0xFFFF, 0xFFFF, 0xFFFF, 0xFFFF, 0xFFFF, 0xFFFF, 0xFFFF, 0xFFFF, 
	0xFFFF, 0x0000, 0xFFFF, 0xAE0C, 0xAE13, 0xAE28, 0xAE48, 0xAE71, 0xAEA1, 
	0xAED6, 0xAF0E, 0xAF48, 0xAF80, 0xAFB5, 0xAFE5, 0xB00E, 0xB02E, 0xB043, 
	0xB04A, 0xB043, 0xB02E, 0xB00E, 0xAFE5, 0xAFB5, 0xAF80, 0xAF48, 0xAF0E, 
	0xAED6, 0xAEA1, 0xAE71, 0xAE48, 0xAE28, 0xAE13, 0xAE0C, 0xCC38, 0xCC0D, 
	0xCB94, 0xCAD9, 0xC9E8, 0xC8CE, 0xC795, 0xC64A, 0xC4FA, 0xC3AF, 0xC277, 
	0xC15C, 0xC06B, 0xBFB1, 0xBF38, 0xBF0D, 0xBF38, 0xBFB1, 0xC06B, 0xC15C, 
	0xC277, 0xC3AF, 0xC4FA, 0xC64A, 0xC795, 0xC8CE, 0xC9E8, 0xCAD9, 0xCB94, 
	0xCC0D, 0xCC38, 0x20F6, 0x20FC, 0x210B, 0x2123, 0x2142, 0x2166, 0x218F, 
	0x21B9, 0x21E4, 0x220F, 0x2237, 0x225B, 0x227A, 0x2292, 0x22A2, 0x22A7, 
	0x22A2, 0x2292, 0x227A, 0x225B, 0x2237, 0x220F, 0x21E4, 0x21B9, 0x218F, 
	0x2166, 0x2142, 0x2123, 0x210B, 0x20FC, 0x20F6, 0x07DD, 0x07A4, 0x0701, 
	0x0606, 0x04C2, 0x0346, 0x01A1, 0xFFE3, 0xFE1E, 0xFC62, 0xFABD, 0xF941, 
	0xF7FD, 0xF702, 0xF65F, 0xF625, 0xF65F, 0xF702, 0xF7FD, 0xF941, 0xFABD, 
	0xFC62, 0xFE1E, 0xFFE3, 0x01A1, 0x0346, 0x04C2, 0x0606, 0x0701, 0x07A4, 
	0x07DD, 0x0000, 0xFFFF, 0xBFFF, 0xD76B, 0xD76B, 0xD76B, 0xD76C, 0xD76E, 
	0xD76F, 0xD771, 0xD772, 0xD774, 0xD775, 0xD777, 0xD778, 0xD77A, 0xD77B, 
	0xD77B, 0xD77B, 0xD77B, 0xD77B, 0xD77A, 0xD778, 0xD777, 0xD775, 0xD774, 
	0xD772, 0xD771, 0xD76F, 0xD76E, 0xD76C, 0xD76B, 0x1712, 0x1712, 0x1712, 
	0x1711, 0x1711, 0x1710, 0x1710, 0x170F, 0x170E, 0x170E, 0x170D, 0x170C, 
	0x170C, 0x170C, 0x170B, 0x170B, 0x170B, 0x170C, 0x170C, 0x170C, 0x170D, 
	0x170E, 0x170E, 0x170F, 0x1710, 0x1710, 0x1711, 0x1711, 0x1712, 0x50C7, 
	0x50D3, 0x50F7, 0x512E, 0x5174, 0x51C7, 0x5223, 0x5284, 0x52E7, 0x5348, 
	0x53A4, 0x53F7, 0x543E, 0x5475, 0x5499, 0x54A5, 0x5499, 0x5475, 0x543E, 
	0x53F7, 0x53A4, 0x5348, 0x52E7, 0x5284, 0x5223, 0x51C7, 0x5174, 0x512E, 
	0x50F7, 0x50D3, 0x50C7, 0xFFFF, 0xFFFF, 0xE621, 0xF10C, 0x29EC, 0xE696, 
	0x0000, 0xFFFF, 0xFFFF, 0xFFFF, 0xFFFF, 0xFFFF, 0xFFFF, 0xFFFF, 0xFFFF, 
	0xFFFF, 0xFFFF, 0xFFFF, 0xFFFF, 0xFFFF, 0x0000, 0x0000, 0xFFFF, 0xFFFF, 
	0xFFFF, 0xFFFF, 0xFFFF, 0xFFFF, 0xFFFF, 0xFFFF, 0xFFFF, 0xFFFF, 0xFFFF, 
	0xFFFF, 0xFFFF, 0x0000, 0x0000, 0xBFFF, 0xD996, 0xF6AC, 0xD3DF, 0xD3DF, 
	0xD3E4, 0xD3F3, 0xD40C, 0xD42E, 0xD456, 0xD481, 0xD4AD, 0xD4D8, 0xD500, 
	0xD521, 0xD539, 0xD546, 0xD54A, 0xD54B, 0xD54A, 0xD546, 0xD539, 0xD521, 
	0xD500, 0xD4D8, 0xD4AD, 0xD481, 0xD456, 0xD42E, 0xD40C, 0xD3F3, 0xD3E4, 
	0xD3DF, 0x0000, 0x0000, 0x00EF, 0xF330, 0xF330, 0xF32C, 0xF320, 0xF30C, 
	0xF2F0, 0xF2D0, 0xF2AD, 0xF28A, 0xF267, 0xF247, 0xF22D, 0xF219, 0xF20E, 
	0xF20B, 0xF20B, 0xF20B, 0xF20E, 0xF219, 0xF22D, 0xF247, 0xF267, 0xF28A, 
	0xF2AD, 0xF2D0, 0xF2F0, 0xF30C, 0xF320, 0xF32C, 0xF330, 0xFC85, 0xFC85, 
	0xFC86, 0xFC88, 0xFC8D, 0xFC92, 0xFC98, 0xFC9F, 0xFCA6, 0xFCAD, 0xFCB3, 
	0xFCB9, 0xFCBD, 0xFCBF, 0xFCBF, 0xFCBF, 0xFCBF, 0xFCBF, 0xFCBD, 0xFCB9, 
	0xFCB3, 0xFCAD, 0xFCA6, 0xFC9F, 0xFC98, 0xFC92, 0xFC8D, 0xFC88, 0xFC86, 
	0xFC85, 0xD2D4, 0xD2D4, 0xD2D1, 0xD2CA, 0xD2BD, 0xD2AC, 0xD298, 0xD282, 
	0xD26C, 0xD256, 0xD242, 0xD231, 0xD225, 0xD21E, 0xD21C, 0xD21C, 0xD21C, 
	0xD21E, 0xD225, 0xD231, 0xD242, 0xD256, 0xD26C, 0xD282, 0xD298, 0xD2AC, 
	0xD2BD, 0xD2CA, 0xD2D1, 0xD2D4, 0x0000, 0xFFFF, 0xFFFF, 0xFFFF, 0xFFFF, 
	0xFFFF, 0xFFFF, 0xFFFF, 0xFFFF, 0xFFFF, 0xFFFF, 0xFFFF, 0xFFFF, 0xFFFF, 
	0x0000, 0x0000, 0xFFFF, 0xFFFF, 0xFFFF, 0xFFFF, 0xFFFF, 0xFFFF, 0xFFFF, 
	0xFFFF, 0xFFFF, 0xFFFF, 0xFFFF, 0xFFFF, 0xFFFF, 0x0000, 0x0000, 0xBFFF, 
	0x1AC6, 0x0A6E, 0xD368, 0xD369, 0xD36E, 0xD37C, 0xD396, 0xD3B7, 0xD3DF, 
	0xD40A, 0xD437, 0xD462, 0xD489, 0xD4AA, 0xD4C2, 0xD4D0, 0xD4D4, 0xD4D4, 
	0xD4D4, 0xD4D0, 0xD4C2, 0xD4AA, 0xD489, 0xD462, 0xD437, 0xD40A, 0xD3DF, 
	0xD3B7, 0xD396, 0xD37C, 0xD36E, 0xD369, 0xD368, 0xFFFF, 0x0000, 0x0000, 
	0x0000, 0x0000, 0x0000, 0x0000, 0x0000, 0x0000, 0x0000, 0x0000, 0xFFFF, 
	0x0000, 0x0000, 0x0000, 0x0000, 0x0000, 0x0000, 0x0000, 0x0000, 0x0000, 
	0x0000, 0x0000, 0x0000, 0x0000, 0x0000, 0x0000, 0x0000, 0xFFFF, 0xFFFF, 
	0xFFFF, 0xFFFF, 0xFFFF, 0x0000, 0xFFFF, 0x0000, 0x0000, 0x0000, 0xFFFF, 
	0x0000, 0xFFFF, 0xFFFF, 0xFFFF, 0xFFFF, 0xFFFF, 0x0000, 0x0000, 0x0000, 
	0x0000, 0xFFFF, 0x0000, 0x0000, 0x0000, 0xFFFF, 0xFB08, 0x0BD7, 0x0BD8, 
	0x0BDB, 0x0BE4, 0x0BF5, 0x0C0A, 0x0C24, 0x0C40, 0x0C5C, 0x0C78, 0x0C91, 
	0x0CA6, 0x0CB6, 0x0CBF, 0x0CC1, 0x0CC2, 0x0CC1, 0x0CBF, 0x0CB6, 0x0CA6, 
	0x0C91, 0x0C78, 0x0C5C, 0x0C40, 0x0C24, 0x0C0A, 0x0BF5, 0x0BE4, 0x0BDB, 
	0x0BD8, 0x0BD7, 0xFE36, 0xFE36, 0xFE36, 0xFE36, 0xFE37, 0xFE37, 0xFE38, 
	0xFE38, 0xFE39, 0xFE39, 0xFE39, 0xFE3A, 0xFE3A, 0xFE3A, 0xFE3A, 0xFE3A, 
	0xFE3A, 0xFE3A, 0xFE3A, 0xFE3A, 0xFE39, 0xFE39, 0xFE39, 0xFE38, 0xFE38, 
	0xFE37, 0xFE37, 0xFE36, 0xD54D, 0xD54C, 0xD548, 0xD53D, 0xD528, 0xD50E, 
	0xD4EE, 0xD4CC, 0xD4A9, 0xD486, 0xD467, 0xD44D, 0xD43A, 0xD42F, 0xD42C, 
	0xD42B, 0xD42C, 0xD42F, 0xD43A, 0xD44D, 0xD467, 0xD486, 0xD4A9, 0xD4CC, 
	0xD4EE, 0xD50E, 0xD528, 0xD53D, 0xD548, 0xD54C, 0xD54D, 

},{ 
	0x0001, 0x0000, 0x0019, 0x0001, 0x001E, 0x001A, 0x001E, 0x0038, 0x0001, 
	0x0056, 0x0001, 0x0057, 0x0001, 0x0058, 0x0001, 0x0059, 0x0001, 0x005A, 
	0x0001, 0x005B, 0x0001, 0x005C, 0x001F, 0x005D, 0x0001, 0x007C, 0x0001, 
	0x007D, 0x001F, 0x007E, 0x0001, 0x009D, 0x0001, 0x009E, 0x0001, 0x009F, 
	0x001F, 0x00A0, 0x001F, 0x00BF, 0x001F, 0x00DE, 0x0001, 0x00FD, 0x001C, 
	0x00FE, 0x001F, 0x011A, 0x001F, 0x0139, 0x001F, 0x0158, 0x001F, 0x0177, 
	0x0001, 0x0196, 0x0001, 0x0197, 0x0001, 0x0198, 0x001D, 0x0199, 0x001D, 
	0x01B6, 0x001F, 0x01D3, 0x0001, 0x01F2, 0x0001, 0x01F3, 0x0001, 0x01F4, 
	0x0001, 0x01F5, 0x0001, 0x01F6, 0x0001, 0x01F7, 0x001E, 0x01F8, 0x0001, 
	0x0216, 0x0001, 0x0217, 0x0001, 0x0218, 0x0001, 0x0219, 0x001E, 0x021A, 
	0x0001, 0x0238, 0x0001, 0x0239, 0x0001, 0x023A, 0x001E, 0x023B, 0x001E, 
	0x0259, 0x001E, 0x0277, 0x001E, 0x0295, 0x0001, 0x02B3, 0x0001, 0x02B4, 
	0x0001, 0x02B5, 0x0001, 0x02B6, 0x001F, 0x02B7, 0x001D, 0x02D6, 0x0019, 
	0x02F3, 0x0001, 0x030C, 0x001F, 0x030D, 0x001C, 0x032C, 0x001F, 0x0348, 
	

});
smlua_anim_util_register_animation('JSYP_HOLD_JUMP',1, 0, 0, 0, 20, { 
	0x0000, 0x00C0, 0x0000, 0x0000, 0x3FFF, 0x0000, 0xFFFF, 0xFFFF, 0x3A85, 
	0x1EB1, 0x1D28, 0x18FD, 0x12DA, 0x0B65, 0x0349, 0xFB2B, 0xF3B7, 0xED93, 
	0xE969, 0xE7E0, 0xE7E1, 0xE7E5, 0xE7EB, 0xE7F2, 0xE7FA, 0xE802, 0xE809, 
	0xE80F, 0xE813, 0xE814, 0xFA31, 0xFA38, 0xFA4A, 0xFA64, 0xFA83, 0xFAA6, 
	0xFAC8, 0xFAE8, 0xFB02, 0xFB14, 0xFB1A, 0xFB13, 0xFAFF, 0xFAE2, 0xFABE, 
	0xFA97, 0xFA70, 0xFA4D, 0xFA30, 0xFA1C, 0xFA14, 0x0FB5, 0x0F1F, 0x0D86, 
	0x0B28, 0x0842, 0x0512, 0x01D7, 0xFECD, 0xFC33, 0xFA47, 0xF946, 0xF8DB, 
	0xF886, 0xF843, 0xF811, 0xF7ED, 0xF7D5, 0xF7C6, 0xF7BF, 0xF7BC, 0xE560, 
	0xE6C8, 0xEA98, 0xF036, 0xF709, 0xFE76, 0x05E4, 0x0CB7, 0x1255, 0x1626, 
	0x178D, 0x1784, 0x176C, 0x1749, 0x171E, 0x16EF, 0x16C0, 0x1695, 0x1671, 
	0x1659, 0x1650, 0x0C78, 0x0C25, 0x0B3C, 0x09DB, 0x081F, 0x0622, 0x0402, 
	0x01DC, 0xFFC9, 0xFDEA, 0xFC58, 0xFB1A, 0xFA1A, 0xF953, 0xF8BE, 0xF853, 
	0xF80B, 0xF7DF, 0xF7C9, 0xF7C1, 0xF7C0, 0x0759, 0x076C, 0x07A7, 0x0805, 
	0x0887, 0x0928, 0x09E9, 0x0AC6, 0x0BBF, 0x0CD0, 0x0DF8, 0x0F35, 0x107B, 
	0x11C3, 0x1300, 0x1429, 0x1533, 0x1615, 0x16C2, 0x1732, 0x175A, 0xFFFE, 
	0x0001, 0xC170, 0x1B6A, 0x1B6A, 0x1B6B, 0x1B6D, 0x1B70, 0x1B76, 0x1B7F, 
	0x1B8C, 0x1B9C, 0x1BB2, 0x1BCD, 0x1C05, 0x1C6A, 0x1CF1, 0x1D8C, 0x1E30, 
	0x1ED2, 0x1F64, 0x1FDC, 0x202C, 0x204A, 0xE744, 0xE6EC, 0xE600, 0xE4A4, 
	0xE2FD, 0xE131, 0xDF64, 0xDDBD, 0xDC61, 0xDB75, 0xDB1D, 0xDB37, 0xDB7B, 
	0xDBDF, 0xDC59, 0xDCDD, 0xDD61, 0xDDDB, 0xDE3F, 0xDE83, 0xDE9C, 0xAFB2, 
	0xAF88, 0xAF10, 0xAE57, 0xAD68, 0xAC50, 0xAB1A, 0xA9D2, 0xA883, 0xA73A, 
	0xA602, 0xA4E5, 0xA3E6, 0xA304, 0xA23F, 0xA198, 0xA110, 0xA0A5, 0xA058, 
	0xA02A, 0xA01B, 0xFFFF, 0xFFFF, 0xF410, 0xF2FD, 0xF00D, 0xEBAC, 0xE649, 
	0xE051, 0xDA31, 0xD457, 0xCF2F, 0xCB28, 0xC8AE, 0xC746, 0xC626, 0xC546, 
	0xC49D, 0xC424, 0xC3D3, 0xC3A2, 0xC389, 0xC37F, 0xC37E, 0xDFF1, 0xDFDB, 
	0xDF9F, 0xDF46, 0xDEDA, 0xDE64, 0xDDEF, 0xDD83, 0xDD2A, 0xDCEE, 0xDCD7, 
	0x0589, 0x057F, 0x0563, 0x053A, 0x0508, 0x04D2, 0x049C, 0x046A, 0x0441, 
	0x0425, 0x041B, 0xEE9A, 0xEE16, 0xECB0, 0xEAA1, 0xE821, 0xE568, 0xE2B0, 
	0xE030, 0xDE21, 0xDCBB, 0xDC37, 0xFFFE, 0x0001, 0xC170, 0x9332, 0x953F, 
	0x9AD5, 0xA31A, 0xAD36, 0xB84E, 0xC386, 0xCDEB, 0xD688, 0xDC68, 0xDE93, 
	0x16E1, 0x17BD, 0x19CB, 0x1C3E, 0x1E4C, 0x1F28, 0x1E18, 0x1B8D, 0x1885, 
	0x15FB, 0x14EA, 0x20C3, 0x2223, 0x25FA, 0x2BDC, 0x335D, 0x3C11, 0x4570, 
	0x4E8B, 0x5656, 0x5BC7, 0x5DD3, 0xFFFF, 0xFFFF, 0xE621, 0x3EE2, 0x2E93, 
	0x3F17, 0x0000, 0x0000, 0xC5E3, 0x0132, 0x0127, 0x010A, 0x00DE, 0x00A9, 
	0x006F, 0x0034, 0xFFFB, 0xFFCC, 0xFFAA, 0xFF99, 0xFF93, 0xFF8E, 0xFF8A, 
	0xFF87, 0xFF85, 0xFF83, 0xFF83, 0xFF82, 0x00D7, 0x00DB, 0x00E6, 0x00F6, 
	0x010A, 0x011F, 0x0135, 0x0148, 0x0159, 0x0164, 0x0168, 0x0168, 0x0167, 
	0x0166, 0x0165, 0x0164, 0x0163, 0x0162, 0x0161, 0x0161, 0x0160, 0xC382, 
	0xC22B, 0xBE86, 0xB920, 0xB289, 0xAB4F, 0xA401, 0x9D2D, 0x9763, 0x9330, 
	0x9124, 0x906D, 0x8FDB, 0x8F6A, 0x8F14, 0x8ED7, 0x8EAE, 0x8E95, 0x8E88, 
	0x8E84, 0x8E83, 0x0000, 0x0000, 0x0000, 0x0000, 0xFFFF, 0x0000, 0xFFFF, 
	0x0000, 0x0000, 0xFFFF, 0xFFFF, 0x0000, 0x0000, 0xFFFF, 0x0000, 0x3C70, 
	0x3ABB, 0x3618, 0x2F3C, 0x26DF, 0x1DB7, 0x147A, 0x0BE0, 0x04A0, 0xFF6E, 
	0xFD04, 0xFC4E, 0xFBBC, 0xFB4A, 0xFAF5, 0xFAB8, 0xFA8F, 0xFA76, 0xFA69, 
	0xFA64, 0xFFFF, 0x0000, 0x0000, 0xFFFF, 0xFFFF, 0x0000, 0x0000, 0xFFFF, 
	0x0000, 0x0000, 0x0000, 0x0000, 0x0000, 0x0000, 0x0000, 0x0000, 0x0000, 
	0x0000, 0xFFFF, 0xE91F, 0xE855, 0xE62F, 0xE2FE, 0xDF14, 0xDAC4, 0xD660, 
	0xD23A, 0xCEA4, 0xCBF0, 0xCA71, 0xC9BB, 0xC929, 0xC8B7, 0xC862, 0xC825, 
	0xC7FC, 0xC7E3, 0xC7D6, 0xC7D2, 0xC7D1, 0xFFFF, 0x0000, 0xBF5E, 0x004C, 
	0x0048, 0x003E, 0x002F, 0x001D, 0x0009, 0xFFF4, 0xFFE1, 0xFFD1, 0xFFC6, 
	0xFFC1, 0xFFBF, 0xFFBE, 0xFFBD, 0xFFBC, 0xFFBC, 0xFFBB, 0xFFB7, 0xFFB7, 
	0xFFB6, 0xFFB5, 0xFFB3, 0xFFB2, 0xFFB0, 0xFFAE, 0xFFAD, 0xFFAC, 0xFFAC, 
	0xFFAC, 0xFFAC, 0xFFAD, 0xFFAD, 0xFFAE, 0xFFAF, 0xFFAF, 0xFFB0, 0xAA35, 
	0xABCA, 0xB019, 0xB679, 0xBE41, 0xC6C8, 0xCF65, 0xD770, 0xDE3F, 0xE329, 
	0xE586, 0xE64F, 0xE6F0, 0xE76D, 0xE7CB, 0xE80F, 0xE83C, 0xE857, 0xE865, 
	0xE86A, 0xE86B, 0x0000, 0x0000, 0x0000, 0x0000, 0x0000, 0x0000, 0x0000, 
	0x0000, 0x0000, 0x0000, 0xFFFF, 0x0000, 0xFFFF, 0x0000, 0x0000, 0x0000, 
	0x0000, 0x0000, 0xFFFF, 0xFFFF, 0x0000, 0x3491, 0x338C, 0x30C6, 0x2CB0, 
	0x27BA, 0x2254, 0x1CEE, 0x17F8, 0x13E2, 0x111C, 0x1017, 0x102B, 0x1064, 
	0x10B7, 0x111B, 0x1189, 0x11F7, 0x125B, 0x12AE, 0x12E7, 0x12FB, 0x0000, 
	0xFFFF, 0xFFFF, 0x0000, 0xFFFF, 0xFFFF, 0xFFFF, 0xFFFF, 0xFFFF, 0xFFFF, 
	0xFFFF, 0x0000, 0x0000, 0x0000, 0xFFFF, 0x0000, 0x0000, 0xFFFF, 0xFFFF, 
	0x0000, 0x0000, 0x0000, 0x0000, 0x0000, 0xFFFF, 0xFFFF, 0x0000, 0x0000, 
	0x0000, 0xFFFF, 0x0000, 0xBF62, 0xC031, 0xC264, 0xC5A8, 0xC9AA, 0xCE16, 
	0xD297, 0xD6DC, 0xDA8F, 0xDD5E, 0xDEF4, 0xDFBD, 0xE05E, 0xE0DB, 0xE139, 
	0xE17C, 0xE1AA, 0xE1C5, 0xE1D3, 0xE1D8, 0xE1D9, 

},{ 
	0x0001, 0x0000, 0x0001, 0x0001, 0x0001, 0x0002, 0x0001, 0x0003, 0x0001, 
	0x0004, 0x0001, 0x0005, 0x0001, 0x0006, 0x0001, 0x0007, 0x0001, 0x0008, 
	0x0015, 0x0009, 0x0015, 0x001E, 0x0014, 0x0033, 0x0015, 0x0047, 0x0015, 
	0x005C, 0x0015, 0x0071, 0x0001, 0x0086, 0x0001, 0x0087, 0x0001, 0x0088, 
	0x0015, 0x0089, 0x0015, 0x009E, 0x0015, 0x00B3, 0x0001, 0x00C8, 0x0001, 
	0x00C9, 0x0015, 0x00CA, 0x000B, 0x00DF, 0x000B, 0x00EA, 0x000B, 0x00F5, 
	0x0001, 0x0100, 0x0001, 0x0101, 0x0001, 0x0102, 0x000B, 0x0103, 0x000B, 
	0x010E, 0x000B, 0x0119, 0x0001, 0x0124, 0x0001, 0x0125, 0x0001, 0x0126, 
	0x0001, 0x0127, 0x0001, 0x0128, 0x0001, 0x0129, 0x0001, 0x012A, 0x0001, 
	0x012B, 0x0001, 0x012C, 0x0013, 0x012D, 0x0015, 0x0140, 0x0015, 0x0155, 
	0x0007, 0x016A, 0x0008, 0x0171, 0x0014, 0x0179, 0x0008, 0x018D, 0x000B, 
	0x0195, 0x0015, 0x01A0, 0x0001, 0x01B5, 0x0001, 0x01B6, 0x0001, 0x01B7, 
	0x0011, 0x01B8, 0x0013, 0x01C9, 0x0015, 0x01DC, 0x000B, 0x01F1, 0x000A, 
	0x01FC, 0x0015, 0x0206, 0x0010, 0x021B, 0x000F, 0x022B, 0x0015, 0x023A, 
	

});
smlua_anim_util_register_animation('JSYP_HOLD_FALL',1, 0, 0, 0, 1, { 
	0x0000, 0x00C0, 0x0000, 0x0000, 0x3FFF, 0x0000, 0xFFFF, 0xFFFF, 0x3A85, 
	0xE814, 0xFA14, 0xF7BC, 0x1650, 0xF7C0, 0x175A, 0xFFFE, 0x0001, 0xC170, 
	0x204A, 0xDE9C, 0xA01B, 0xFFFF, 0xFFFF, 0xC37E, 0xDCD7, 0x041B, 0xDC37, 
	0xFFFE, 0x0001, 0xC170, 0xDE93, 0x14EA, 0x5DD3, 0xFFFF, 0xFFFF, 0xE621, 
	0x39A9, 0x35F8, 0x355D, 0x0000, 0x0000, 0xC5E3, 0xFF82, 0x0160, 0x8E83, 
	0xFFFF, 0x0000, 0xFA64, 0xFFFF, 0xFFFF, 0xC7D1, 0xFFFF, 0x0000, 0xBF5E, 
	0xFFBB, 0xFFB0, 0xE86B, 0xFFFF, 0x0000, 0x12FB, 0x0000, 0x0000, 0xE1D9, 
	

},{ 
	0x0001, 0x0000, 0x0001, 0x0001, 0x0001, 0x0002, 0x0001, 0x0003, 0x0001, 
	0x0004, 0x0001, 0x0005, 0x0001, 0x0006, 0x0001, 0x0007, 0x0001, 0x0008, 
	0x0001, 0x0009, 0x0001, 0x000A, 0x0001, 0x000B, 0x0001, 0x000C, 0x0001, 
	0x000D, 0x0001, 0x000E, 0x0001, 0x000F, 0x0001, 0x0010, 0x0001, 0x0011, 
	0x0001, 0x0012, 0x0001, 0x0013, 0x0001, 0x0014, 0x0001, 0x0015, 0x0001, 
	0x0016, 0x0001, 0x0017, 0x0001, 0x0018, 0x0001, 0x0019, 0x0001, 0x001A, 
	0x0001, 0x001B, 0x0001, 0x001C, 0x0001, 0x001D, 0x0001, 0x001E, 0x0001, 
	0x001F, 0x0001, 0x0020, 0x0001, 0x0021, 0x0001, 0x0022, 0x0001, 0x0023, 
	0x0001, 0x0024, 0x0001, 0x0025, 0x0001, 0x0026, 0x0001, 0x0027, 0x0001, 
	0x0028, 0x0001, 0x0029, 0x0001, 0x002A, 0x0001, 0x002B, 0x0001, 0x002C, 
	0x0001, 0x002D, 0x0001, 0x002E, 0x0001, 0x002F, 0x0001, 0x0030, 0x0001, 
	0x0031, 0x0001, 0x0032, 0x0001, 0x0033, 0x0001, 0x0034, 0x0001, 0x0035, 
	0x0001, 0x0036, 0x0001, 0x0037, 0x0001, 0x0038, 0x0001, 0x0039, 0x0001, 
	0x003A, 0x0001, 0x003B, 0x0001, 0x003C, 0x0001, 0x003D, 0x0001, 0x003E, 
	

});
smlua_anim_util_register_animation('JSYP_HOLD_LAND',1, 0, 0, 0, 20, { 
	0x0000, 0x00B6, 0x00AC, 0x0098, 0x008E, 0x0090, 0x0095, 0x009C, 0x00A4, 
	0x00AC, 0x00B3, 0x00B8, 0x00BA, 0x00BA, 0x00BA, 0x00B9, 0x00B9, 0x00B8, 
	0x00B7, 0x00B7, 0x00B6, 0x0013, 0xFFFD, 0xFFD4, 0xFFBE, 0xFFC0, 0xFFC6, 
	0xFFCF, 0xFFDA, 0xFFE5, 0xFFF0, 0xFFFA, 0x0001, 0x0007, 0x000B, 0x000E, 
	0x0010, 0x0012, 0x0013, 0xFFFF, 0xFFFF, 0xFFFF, 0xFFFF, 0xFFFF, 0xFFFF, 
	0xFFFF, 0xFFFF, 0xFFFF, 0xFFFF, 0xFFFF, 0xFFFF, 0xFFFF, 0xFFFF, 0xFFFF, 
	0x0000, 0x0000, 0xFFFF, 0x0000, 0x4000, 0x0000, 0x0000, 0x0000, 0x0000, 
	0xFFFF, 0xFFFF, 0xFFFF, 0xFFFF, 0xFFFF, 0xFFFF, 0xFFFF, 0xFFFF, 0xFFFF, 
	0xFFFF, 0xFFFF, 0xFFFF, 0xFFFF, 0xFFFF, 0xFFFF, 0xFFFF, 0xFFFF, 0x0000, 
	0xFFFF, 0x3319, 0x3724, 0x3EA8, 0x42B4, 0x428C, 0x421B, 0x416B, 0x4084, 
	0x3F72, 0x3E3E, 0x3CF2, 0x3B96, 0x3A36, 0x38DB, 0x378E, 0x365A, 0x3548, 
	0x3462, 0x33B1, 0x3340, 0x3319, 0xEABC, 0xEFF5, 0xF9B0, 0xFF06, 0xFF2F, 
	0xFF54, 0xFF74, 0xFF90, 0xFFA7, 0xFFBB, 0xFFCC, 0xFFDA, 0xFFE5, 0xFFEE, 
	0xFFF4, 0xFFF9, 0xFFFC, 0xFFFE, 0xFFFF, 0xFC3C, 0xFD61, 0xFF80, 0x00A5, 
	0x00A4, 0x009F, 0x0098, 0x008E, 0x0083, 0x0076, 0x0068, 0x005A, 0x004B, 
	0x003D, 0x002F, 0x0022, 0x0017, 0x000E, 0x0006, 0x0002, 0xFFFF, 0xFF42, 
	0x01B2, 0x0636, 0x08A5, 0x089E, 0x0889, 0x0868, 0x083D, 0x080A, 0x07D1, 
	0x0793, 0x0752, 0x0710, 0x06CF, 0x0691, 0x0658, 0x0625, 0x05FA, 0x05D9, 
	0x05C4, 0x05BD, 0x1521, 0x100E, 0x067D, 0x00EB, 0x0057, 0x000C, 0xFFEF, 
	0xFFEB, 0xFFEB, 0xFFEC, 0xFFED, 0xFFEF, 0xFFF1, 0xFFF4, 0xFFF6, 0xFFF8, 
	0xFFFA, 0xFFFC, 0xFFFE, 0xFFFF, 0x0000, 0xF9C0, 0xFB18, 0xFDA2, 0xFF27, 
	0xFF5A, 0xFF73, 0xFF7D, 0xFF80, 0xFF85, 0xFF8D, 0xFF97, 0xFFA3, 0xFFB0, 
	0xFFBE, 0xFFCC, 0xFFD9, 0xFFE5, 0xFFF0, 0xFFF8, 0xFFFD, 0x0000, 0x1382, 
	0x0E55, 0x04B8, 0xFF8A, 0x0322, 0x0B08, 0x12ED, 0x1684, 0x1640, 0x1581, 
	0x145F, 0x12F0, 0x1149, 0x0F80, 0x0DAD, 0x0BE5, 0x0A3E, 0x08CE, 0x07AC, 
	0x06EE, 0x06AA, 0xFFFE, 0x0001, 0xC170, 0x2077, 0x1655, 0xFE29, 0xE150, 
	0xC925, 0xBF03, 0xC027, 0xC35D, 0xC855, 0xCEBB, 0xD63E, 0xDE8E, 0xE758, 
	0xF04A, 0xF914, 0x0165, 0x08E8, 0x0F4F, 0x1446, 0x177C, 0x18A0, 0xDC6A, 
	0xDB31, 0xD844, 0xD4C7, 0xD1DB, 0xD0A1, 0xD0B6, 0xD0F1, 0xD14D, 0xD1C4, 
	0xD24F, 0xD2E9, 0xD38B, 0xD431, 0xD4D4, 0xD56D, 0xD5F8, 0xD66F, 0xD6CB, 
	0xD706, 0xD71B, 0xB34D, 0xBC39, 0xD17D, 0xEADF, 0x0024, 0x090F, 0x0888, 
	0x070B, 0x04BF, 0x01C9, 0xFE4E, 0xFA75, 0xF663, 0xF23F, 0xEE2E, 0xEA55, 
	0xE6DB, 0xE3E4, 0xE198, 0xE01B, 0xDF94, 0xFFFF, 0xFFFF, 0xFFFF, 0xFFFF, 
	0x0000, 0x0000, 0x0000, 0x0000, 0x0000, 0x0000, 0x0000, 0x0000, 0x0000, 
	0x0000, 0x0000, 0x0000, 0x0000, 0xFFFF, 0xBE52, 0xC139, 0xC827, 0xD06B, 
	0xD759, 0xDA41, 0xD9B0, 0xD81B, 0xD5A8, 0xD280, 0xCECB, 0xCAB1, 0xC65B, 
	0xC1F1, 0xBD9B, 0xB982, 0xB5CD, 0xB2A5, 0xB032, 0xAE9C, 0xAE0C, 0xFFFF, 
	0xFB30, 0xF14B, 0xE917, 0xE449, 0xE00D, 0xDC58, 0xD921, 0xD65F, 0xD40A, 
	0xD218, 0xD080, 0xCF3A, 0xCE3C, 0xCD7C, 0xCCF4, 0xCC98, 0xCC60, 0xCC44, 
	0xCC39, 0xCC38, 0xFFFF, 0x030F, 0x095C, 0x0E95, 0x11A4, 0x1456, 0x16B2, 
	0x18BE, 0x1A7F, 0x1BFB, 0x1D38, 0x1E3C, 0x1F0C, 0x1FAE, 0x2027, 0x207E, 
	0x20B9, 0x20DC, 0x20EE, 0x20F5, 0x20F6, 0x0000, 0x00BB, 0x023C, 0x037B, 
	0x0436, 0x04DA, 0x056A, 0x05E7, 0x0653, 0x06AD, 0x06F9, 0x0737, 0x0768, 
	0x078F, 0x07AC, 0x07C1, 0x07CF, 0x07D7, 0x07DC, 0x07DD, 0xFFFE, 0x0001, 
	0xC170, 0xE12C, 0xEBD6, 0xFFA4, 0x0A50, 0x0A4C, 0x0A30, 0x09E4, 0x0950, 
	0x07D5, 0x050F, 0x013D, 0xFC9C, 0xF76D, 0xF1EF, 0xEC5F, 0xE6FE, 0xE20B, 
	0xDDC3, 0xDA67, 0xD834, 0xD76B, 0x14D7, 0x17C5, 0x1D34, 0x2022, 0x1FB6, 
	0x1EAB, 0x1D57, 0x1C0E, 0x1AFD, 0x1A17, 0x1957, 0x18B9, 0x183B, 0x17D9, 
	0x1790, 0x175B, 0x1737, 0x1722, 0x1717, 0x1713, 0x1712, 0x5C33, 0x66B0, 
	0x7A58, 0x856D, 0x861C, 0x8676, 0x8697, 0x869C, 0x85B4, 0x832E, 0x7F55, 
	0x7A75, 0x74D8, 0x6ECB, 0x6898, 0x628A, 0x5CEE, 0x580E, 0x5435, 0x51AF, 
	0x50C7, 0xFFFF, 0xFFFF, 0xFFFF, 0x0000, 0x0000, 0x0000, 0x0000, 0x0000, 
	0x0000, 0x0000, 0x0000, 0x0000, 0x0000, 0xFFFF, 0xFFFF, 0xE621, 0xDFAA, 
	0xD20F, 0xC601, 0xBF8C, 0xBC3A, 0xBB02, 0xBAD5, 0xBB90, 0xBD97, 0xC0AF, 
	0xC49B, 0xC91F, 0xCDFD, 0xD2F9, 0xD7D8, 0xDC5B, 0xE047, 0xE35F, 0xE567, 
	0xE621, 0xEFF6, 0x2A8E, 0xE65B, 0xFFFF, 0xFFFF, 0x0000, 0xFFFF, 0xFFFF, 
	0x0000, 0xFFFF, 0xFFFF, 0x0000, 0xFFFF, 0x0000, 0xFFFF, 0x0000, 0xFFFF, 
	0x0000, 0x0000, 0x0000, 0xFFFF, 0xFFFF, 0x0000, 0x0000, 0x0000, 0x0000, 
	0xFFFF, 0x0000, 0x0000, 0x0000, 0xFFFF, 0xFFFF, 0xFFFF, 0x0000, 0x0000, 
	0xFFFF, 0x0000, 0xFFFF, 0xFFFF, 0x0000, 0x0000, 0xFFFF, 0xC5E3, 0xFECA, 
	0xFEE7, 0xFF1C, 0xFF39, 0xFED8, 0xFDC8, 0xFC1E, 0xF9F3, 0xF75F, 0xF477, 
	0xF155, 0xEE10, 0xEABF, 0xE77A, 0xE458, 0xE170, 0xDEDB, 0xDCB1, 0xDB07, 
	0xD9F6, 0xD996, 0x023E, 0x01E3, 0x0104, 0xFFEB, 0xFED8, 0xFDD6, 0xFCE6, 
	0xFC07, 0xFB3A, 0xFA7D, 0xF9D2, 0xF937, 0xF8AE, 0xF834, 0xF7CC, 0xF773, 
	0xF72B, 0xF6F4, 0xF6CC, 0xF6B4, 0xF6AC, 0xB0E1, 0xA881, 0x98F3, 0x9093, 
	0x913F, 0x9326, 0x961F, 0x99FF, 0x9E9D, 0xA3CE, 0xA968, 0xAF42, 0xB530, 
	0xBB09, 0xC0A4, 0xC5D5, 0xCA72, 0xCE53, 0xD14C, 0xD333, 0xD3DF, 0x0000, 
	0x0000, 0x0000, 0x0000, 0x0000, 0x0000, 0x0000, 0x0000, 0x0000, 0x0000, 
	0x0000, 0x0000, 0xFFFF, 0x0000, 0x0000, 0x0000, 0x0000, 0xFFFF, 0xFFFF, 
	0xFFFF, 0xFFFF, 0xFFFF, 0xFFFF, 0xFFFF, 0x0000, 0xFFFF, 0x0000, 0xFFFF, 
	0x0000, 0x0000, 0xFFFF, 0x0000, 0xFFFF, 0xFFFF, 0x0000, 0x00EF, 0x102A, 
	0x2C73, 0x3BAE, 0x3B18, 0x396F, 0x36D7, 0x3374, 0x2F6D, 0x2AE4, 0x2600, 
	0x20E5, 0x1BB8, 0x169D, 0x11B9, 0x0D31, 0x0929, 0x05C7, 0x032E, 0x0185, 
	0x00EF, 0x001C, 0x001B, 0x0019, 0x0018, 0x004A, 0x00C8, 0x016C, 0x020F, 
	0x028D, 0x02C0, 0x0263, 0x0165, 0xFFE8, 0xFE12, 0xFC06, 0xF9E9, 0xF7DD, 
	0xF607, 0xF48B, 0xF38D, 0xF330, 0xFFEF, 0x0036, 0x00B8, 0x00FE, 0x00AB, 
	0xFFDB, 0xFECC, 0xFDBE, 0xFCEC, 0xFC95, 0xFC91, 0xFC8E, 0xFC8C, 0xFC89, 
	0xFC88, 0xFC87, 0xFC86, 0xFC86, 0xFC85, 0xC7B1, 0xC3F7, 0xBD0C, 0xB952, 
	0xB99C, 0xBA6C, 0xBBAD, 0xBD48, 0xBF28, 0xC137, 0xC362, 0xC598, 0xC7CE, 
	0xC9F3, 0xCBFC, 0xCDDB, 0xCF80, 0xD0E1, 0xD1ED, 0xD298, 0xD2D4, 0xFFFF, 
	0x0000, 0xFFFF, 0x0000, 0xFFFF, 0x0000, 0x0000, 0xFFFF, 0xFFFF, 0x0000, 
	0xFFFF, 0xFFFF, 0x0000, 0x0000, 0xFFFF, 0xFFFF, 0xFFFF, 0x0000, 0x0000, 
	0xFFFF, 0x0000, 0xFFFF, 0xFFFF, 0x0000, 0x0000, 0x0000, 0x0000, 0x0000, 
	0xFFFF, 0x0000, 0xFFFF, 0x0000, 0x0000, 0xFFFF, 0x0000, 0xFFFF, 0xFFFF, 
	0x0000, 0x0000, 0xFFFF, 0x0000, 0xBF5E, 0x03B7, 0x091E, 0x1326, 0x188D, 
	0x1671, 0x112B, 0x0A50, 0x0375, 0xFE2E, 0xFC12, 0xFCC9, 0xFEBF, 0x01AE, 
	0x054D, 0x0956, 0x0D83, 0x118C, 0x152B, 0x1819, 0x1A0F, 0x1AC6, 0xFE38, 
	0x06A0, 0x1639, 0x1EA0, 0x1E40, 0x1D3A, 0x1BB8, 0x19E2, 0x17E1, 0x15DD, 
	0x13F9, 0x123C, 0x10A8, 0x0F3E, 0x0DFF, 0x0CEE, 0x0C0B, 0x0B59, 0x0AD7, 
	0x0A88, 0x0A6E, 0xF3C7, 0xEF7A, 0xE521, 0xD88C, 0xCCF2, 0xC319, 0xBB28, 
	0xB54A, 0xB1A7, 0xB067, 0xB138, 0xB374, 0xB6CB, 0xBAEC, 0xBF86, 0xC449, 
	0xC8E3, 0xCD04, 0xD05B, 0xD297, 0xD368, 0x0000, 0x0000, 0x0000, 0xFFFF, 
	0xFFFF, 0xFFFF, 0xFFFF, 0x0000, 0xFFFF, 0xFFFF, 0xFFFF, 0xFFFF, 0xFFFF, 
	0xFFFF, 0xFFFF, 0x0000, 0xFFFF, 0xFFFF, 0xFFFF, 0x0000, 0x0000, 0x0000, 
	0x0000, 0x0000, 0x0000, 0x0000, 0x0000, 0x0000, 0x0000, 0x0000, 0x0000, 
	0x0000, 0x0000, 0x0000, 0x0000, 0x0000, 0xFFFF, 0x2EDB, 0x30B1, 0x3418, 
	0x35ED, 0x35E8, 0x35C1, 0x3559, 0x348E, 0x333F, 0x314C, 0x2E1E, 0x2977, 
	0x23B7, 0x1D3D, 0x1669, 0x0F9B, 0x0933, 0x0390, 0xFF12, 0xFC1B, 0xFB08, 
	0x025A, 0x02E9, 0x042E, 0x0591, 0x0698, 0x0748, 0x07C6, 0x0837, 0x08C1, 
	0x0989, 0x0A8C, 0x0B32, 0x0B63, 0x0B8A, 0x0BA6, 0x0BBB, 0x0BC9, 0x0BD1, 
	0x0BD6, 0x0BD7, 0xFB7B, 0xFB69, 0xFB48, 0xFB36, 0xFBDA, 0xFD75, 0xFF8B, 
	0x01A2, 0x033C, 0x03E1, 0x0241, 0x0049, 0xFFAA, 0xFF2F, 0xFED3, 0xFE91, 
	0xFE65, 0xFE4A, 0xFE3C, 0xFE37, 0xFE36, 0xD590, 0xD817, 0xDCC9, 0xDF51, 
	0xDCD6, 0xD6A4, 0xCE96, 0xC688, 0xC056, 0xBDDC, 0xC453, 0xCC4A, 0xCEF9, 
	0xD110, 0xD2A1, 0xD3C1, 0xD482, 0xD4F7, 0xD533, 0xD549, 0xD54D, 

},{ 
	0x0001, 0x0000, 0x0014, 0x0001, 0x0012, 0x0015, 0x0013, 0x0027, 0x0001, 
	0x003A, 0x0001, 0x003B, 0x0015, 0x003C, 0x0001, 0x0051, 0x0015, 0x0052, 
	0x0013, 0x0067, 0x0015, 0x007A, 0x0015, 0x008F, 0x0015, 0x00A4, 0x0015, 
	0x00B9, 0x0015, 0x00CE, 0x0001, 0x00E3, 0x0001, 0x00E4, 0x0001, 0x00E5, 
	0x0015, 0x00E6, 0x0015, 0x00FB, 0x0015, 0x0110, 0x0001, 0x0125, 0x0011, 
	0x0126, 0x0015, 0x0137, 0x0015, 0x014C, 0x0015, 0x0161, 0x0014, 0x0176, 
	0x0001, 0x018A, 0x0001, 0x018B, 0x0001, 0x018C, 0x0015, 0x018D, 0x0015, 
	0x01A2, 0x0015, 0x01B7, 0x000E, 0x01CC, 0x0001, 0x01DA, 0x0015, 0x01DB, 
	0x0001, 0x01F0, 0x0001, 0x01F1, 0x0001, 0x01F2, 0x0014, 0x01F3, 0x0013, 
	0x0207, 0x0001, 0x021A, 0x0015, 0x021B, 0x0015, 0x0230, 0x0015, 0x0245, 
	0x000E, 0x025A, 0x0015, 0x0268, 0x0015, 0x027D, 0x0015, 0x0292, 0x0013, 
	0x02A7, 0x0015, 0x02BA, 0x0015, 0x02CF, 0x0014, 0x02E4, 0x0001, 0x02F8, 
	0x0015, 0x02F9, 0x0015, 0x030E, 0x0015, 0x0323, 0x0010, 0x0338, 0x0015, 
	0x0348, 0x0015, 0x035D, 0x0014, 0x0372, 0x0015, 0x0386, 0x0015, 0x039B, 
	

});
smlua_anim_util_register_animation('JSYP_HOLD_FALL_FROM_SLIDE',1, 0, 0, 0, 20, { 
	0x0000, 0x0036, 0x0037, 0x003A, 0x003E, 0x0044, 0x004C, 0x0054, 0x005D, 
	0x0067, 0x0071, 0x007B, 0x0085, 0x008F, 0x0099, 0x00A2, 0x00AA, 0x00B2, 
	0x00B8, 0x00BC, 0x00BF, 0x00C0, 0x0000, 0x0000, 0x3FFF, 0x0000, 0x0000, 
	0x0000, 0x0000, 0x0000, 0x0000, 0x0000, 0x0000, 0x0000, 0x0000, 0x0000, 
	0x0000, 0x0000, 0x0000, 0x0000, 0x0000, 0x0000, 0x0000, 0x0000, 0x0000, 
	0x0000, 0xFFFF, 0x0000, 0x0000, 0x0000, 0x0000, 0x0000, 0x0000, 0x0000, 
	0x0000, 0x0000, 0x0000, 0x0000, 0x0000, 0x0000, 0x0000, 0x0000, 0x0000, 
	0x0000, 0x0000, 0x0000, 0x0000, 0xFFFF, 0x1E68, 0x1E9C, 0x1F31, 0x201D, 
	0x2154, 0x22CC, 0x247A, 0x2654, 0x284D, 0x2A5C, 0x2C76, 0x2E90, 0x309F, 
	0x3299, 0x3472, 0x3620, 0x3798, 0x38D0, 0x39BB, 0x3A51, 0x3A85, 0x0000, 
	0xFFD3, 0xFF54, 0xFE8B, 0xFD82, 0xFC42, 0xFAD4, 0xF942, 0xF794, 0xF5D3, 
	0xF40A, 0xF240, 0xF07F, 0xEED1, 0xED3F, 0xEBD1, 0xEA91, 0xE988, 0xE8C0, 
	0xE840, 0xE814, 0xFC71, 0xFC6C, 0xFC60, 0xFC4C, 0xFC32, 0xFC12, 0xFBEE, 
	0xFBC6, 0xFB9C, 0xFB70, 0xFB43, 0xFB15, 0xFAE9, 0xFABF, 0xFA97, 0xFA73, 
	0xFA53, 0xFA39, 0xFA25, 0xFA19, 0xFA14, 0x13E9, 0x13B5, 0x131F, 0x1233, 
	0x10FB, 0x0F82, 0x0DD3, 0x0BF9, 0x09FE, 0x07EE, 0x05D3, 0x03B8, 0x01A7, 
	0xFFAC, 0xFDD2, 0xFC23, 0xFAAA, 0xF972, 0xF886, 0xF7F0, 0xF7BC, 0xFE93, 
	0xFEBF, 0xFF3D, 0x0005, 0x010C, 0x0249, 0x03B4, 0x0544, 0x06EF, 0x08AC, 
	0x0A72, 0x0C38, 0x0DF6, 0x0FA0, 0x1130, 0x129B, 0x13D9, 0x14DF, 0x15A6, 
	0x1624, 0x1650, 0x02EB, 0x02D6, 0x029B, 0x023D, 0x01C2, 0x012C, 0x0082, 
	0xFFC5, 0xFEFC, 0xFE2B, 0xFD55, 0xFC7F, 0xFBAE, 0xFAE5, 0xFA29, 0xF97E, 
	0xF8E9, 0xF86D, 0xF810, 0xF7D4, 0xF7C0, 0x054A, 0x056C, 0x05CB, 0x0663, 
	0x072B, 0x081C, 0x0931, 0x0A61, 0x0BA6, 0x0CF8, 0x0E52, 0x0FAB, 0x10FE, 
	0x1243, 0x1373, 0x1487, 0x1579, 0x1641, 0x16D8, 0x1738, 0x175A, 0xFFFE, 
	0x0001, 0xC170, 0x25D0, 0x25C9, 0x25B6, 0x2598, 0x2570, 0x2540, 0x250A, 
	0x24CD, 0x248D, 0x244A, 0x2405, 0x23C0, 0x237D, 0x233D, 0x2300, 0x22C9, 
	0x2299, 0x2272, 0x2254, 0x2241, 0x223A, 0xF0A5, 0xF081, 0xF019, 0xEF75, 
	0xEE9C, 0xED96, 0xEC6B, 0xEB22, 0xE9C2, 0xE853, 0xE6DD, 0xE566, 0xE3F7, 
	0xE297, 0xE14E, 0xE023, 0xDF1D, 0xDE45, 0xDDA0, 0xDD39, 0xDD14, 0x8222, 
	0x8258, 0x82F2, 0x83E5, 0x8527, 0x86AC, 0x8868, 0x8A51, 0x8C5C, 0x8E7C, 
	0x90A8, 0x92D4, 0x94F5, 0x96FF, 0x98E8, 0x9AA5, 0x9C29, 0x9D6B, 0x9E5F, 
	0x9EF9, 0x9F2F, 0x0000, 0x0000, 0x0000, 0x0000, 0x0000, 0x0000, 0xFFFF, 
	0xFFFF, 0xFFFF, 0x0000, 0xFFFF, 0x0000, 0x0000, 0xFFFF, 0xE9F4, 0xE9AC, 
	0xE8E0, 0xE79E, 0xE5F4, 0xE3F1, 0xE1A5, 0xDF1E, 0xDC6A, 0xD999, 0xD6B9, 
	0xD3D9, 0xD108, 0xCE54, 0xCBCD, 0xC980, 0xC77E, 0xC5D4, 0xC492, 0xC3C5, 
	0xC37E, 0xD82D, 0xD835, 0xD84E, 0xD875, 0xD8A9, 0xD8E7, 0xD92F, 0xD97D, 
	0xD9D1, 0xDA29, 0xDA82, 0xDADB, 0xDB33, 0xDB87, 0xDBD5, 0xDC1D, 0xDC5B, 
	0xDC8F, 0xDCB6, 0xDCCF, 0xDCD7, 0xF999, 0xF9AC, 0xF9E4, 0xFA3C, 0xFAB0, 
	0xFB3D, 0xFBDD, 0xFC8E, 0xFD4B, 0xFE10, 0xFED9, 0xFFA2, 0x0068, 0x0125, 
	0x01D6, 0x0276, 0x0303, 0x0377, 0x03CF, 0x0407, 0x041B, 0xF87A, 0xF846, 
	0xF7AF, 0xF6C3, 0xF58A, 0xF410, 0xF25F, 0xF084, 0xEE87, 0xEC75, 0xEA59, 
	0xE83C, 0xE62A, 0xE42E, 0xE252, 0xE0A2, 0xDF28, 0xDDEF, 0xDD02, 0xDC6C, 
	0xDC37, 0xFFFE, 0x0001, 0xC170, 0x43DB, 0x43E4, 0x4406, 0x4449, 0xC4B5, 
	0xC554, 0xC62D, 0xC74A, 0xC8B3, 0xCA70, 0xCC84, 0xCED9, 0xD153, 0xD3D4, 
	0xD640, 0xD87B, 0xDA69, 0xDBED, 0xDCEB, 0xDD46, 0xDE93, 0x6A91, 0x6A77, 
	0x6A33, 0x69D1, 0x16A3, 0x171E, 0x1793, 0x17F5, 0x1839, 0x1852, 0x183A, 
	0x17F7, 0x1794, 0x171C, 0x169A, 0x1618, 0x15A0, 0x153E, 0x14FB, 0x14E2, 
	0x14EA, 0xFD16, 0xFBC2, 0xF832, 0xF30B, 0x6CEF, 0x6680, 0x6064, 0x5B3C, 
	0x57AD, 0x5659, 0x568B, 0x5712, 0x57DA, 0x58CD, 0x59D5, 0x5ADD, 0x5BD0, 
	0x5C98, 0x5D20, 0x5D52, 0x5DD3, 0xFFFF, 0x0000, 0x0000, 0x0000, 0x0000, 
	0x0000, 0xFFFF, 0xFFFF, 0xFFFF, 0x0000, 0xFFFF, 0xEB38, 0xEB2F, 0xEB14, 
	0xEAE9, 0xEAB1, 0xEA6D, 0xEA1F, 0xE9C9, 0xE96E, 0xE90E, 0xE8AD, 0xE84B, 
	0xE7EC, 0xE790, 0xE73B, 0xE6ED, 0xE6A9, 0xE671, 0xE646, 0xE62B, 0xE621, 
	0x3E9F, 0x3E96, 0x3E7B, 0x3E52, 0x3E1B, 0x3DD8, 0x3D8C, 0x3D39, 0x3CE0, 
	0x3C83, 0x3C24, 0x3BC5, 0x3B68, 0x3B0F, 0x3ABB, 0x3A6F, 0x3A2D, 0x39F6, 
	0x39CC, 0x39B2, 0x39A9, 0x0F58, 0x0FA0, 0x106D, 0x11B1, 0x135C, 0x1561, 
	0x17B0, 0x1A3A, 0x1CF0, 0x1FC5, 0x22A8, 0x258B, 0x285F, 0x2B16, 0x2DA0, 
	0x2FEF, 0x31F3, 0x339F, 0x34E3, 0x35B0, 0x35F8, 0x04FA, 0x0554, 0x0655, 
	0x07EB, 0x0A03, 0x0C8A, 0x0F6E, 0x129C, 0x1603, 0x198E, 0x1D2C, 0x20CA, 
	0x2455, 0x27BB, 0x2AEA, 0x2DCE, 0x3055, 0x326D, 0x3403, 0x3504, 0x355D, 
	0x0000, 0xFFFF, 0x0000, 0xFFFF, 0x0000, 0xFFFF, 0xFFFF, 0xFFFF, 0xFFFF, 
	0xFFFF, 0xFFFF, 0x0000, 0x0000, 0xFFFF, 0x0000, 0xFFFF, 0xFFFF, 0x0000, 
	0xFFFF, 0x0000, 0x0000, 0x0000, 0xFFFF, 0x0000, 0x0000, 0x0000, 0xFFFF, 
	0xFFFF, 0x0000, 0x0000, 0xFFFF, 0x0000, 0xFFFF, 0x0000, 0x0000, 0xFFFF, 
	0x0000, 0xFFFF, 0xFFFF, 0xFFFF, 0x0000, 0xC5E3, 0xFA4F, 0xFA58, 0xFA74, 
	0xFAA0, 0xFAD9, 0xFB1F, 0xFB6E, 0xFBC6, 0xFC23, 0xFC85, 0xFCE8, 0xFD4C, 
	0xFDAD, 0xFE0B, 0xFE62, 0xFEB2, 0xFEF8, 0xFF31, 0xFF5D, 0xFF78, 0xFF82, 
	0xF776, 0xF789, 0xF7BE, 0xF811, 0xF87E, 0xF903, 0xF99A, 0xFA41, 0xFAF3, 
	0xFBAD, 0xFC6B, 0xFD29, 0xFDE2, 0xFE95, 0xFF3B, 0xFFD3, 0x0059, 0x00C6, 
	0x0119, 0x014E, 0x0160, 0x9D31, 0x9D16, 0x9CC8, 0x9C4D, 0x9BAB, 0x9AE6, 
	0x9A06, 0x990E, 0x9806, 0x96F3, 0x95DA, 0x94C1, 0x93AE, 0x92A6, 0x91AF, 
	0x90CE, 0x900A, 0x8F67, 0x8EEC, 0x8E9E, 0x8E83, 0xFFFF, 0xFFFF, 0xFFFF, 
	0x0000, 0xFFFF, 0x0000, 0x0000, 0x0000, 0x0000, 0xFFFF, 0x0000, 0x09C7, 
	0x09AA, 0x0959, 0x08D8, 0x082D, 0x0760, 0x0674, 0x0571, 0x045D, 0x033C, 
	0x0216, 0x00EF, 0xFFCE, 0xFEB9, 0xFDB6, 0xFCCB, 0xFBFD, 0xFB53, 0xFAD2, 
	0xFA80, 0xFA64, 0x00D0, 0x00CE, 0x00CA, 0x00C3, 0x00BA, 0x00AF, 0x00A3, 
	0x0095, 0x0087, 0x0078, 0x0068, 0x0058, 0x0049, 0x003B, 0x002D, 0x0020, 
	0x0016, 0x000D, 0x0006, 0x0002, 0xFFFF, 0x00B6, 0x00B5, 0x00B1, 0x00AB, 
	0x00A3, 0x009A, 0x008F, 0x0083, 0x0076, 0x0069, 0x005B, 0x004D, 0x0040, 
	0x0033, 0x0027, 0x001C, 0x0013, 0x000B, 0x0005, 0x0001, 0xFFFF, 0xC1A9, 
	0xC1B5, 0xC1D5, 0xC209, 0xC24D, 0xC29F, 0xC2FE, 0xC365, 0xC3D4, 0xC447, 
	0xC4BD, 0xC533, 0xC5A6, 0xC615, 0xC67D, 0xC6DB, 0xC72D, 0xC771, 0xC7A5, 
	0xC7C5, 0xC7D1, 0x0000, 0xFFFF, 0xFFFF, 0xFFFF, 0xFFFF, 0xFFFF, 0x0000, 
	0x0000, 0x0000, 0xFFFF, 0x0000, 0xFFFF, 0xFFFF, 0xFFFF, 0xFFFF, 0xFFFF, 
	0xFFFF, 0xFFFF, 0x0000, 0xFFFF, 0xFFFF, 0xFFFF, 0xFFFF, 0x0000, 0xFFFF, 
	0x0000, 0xFFFF, 0xFFFF, 0xFFFF, 0xFFFF, 0xFFFF, 0xFFFF, 0xFFFF, 0xFFFF, 
	0x0000, 0xFFFF, 0xFFFF, 0xFFFF, 0xFFFF, 0xFFFF, 0x0000, 0xBF5E, 0xFFFF, 
	0xFFFF, 0xFFFD, 0xFFFB, 0xFFF8, 0xFFF4, 0xFFF0, 0xFFEC, 0xFFE7, 0xFFE2, 
	0xFFDD, 0xFFD8, 0xFFD3, 0xFFCE, 0xFFCA, 0xFFC6, 0xFFC2, 0xFFBF, 0xFFBD, 
	0xFFBB, 0x0BBA, 0x0BA4, 0x0B64, 0x0AFF, 0x0A7A, 0x09D9, 0x0921, 0x0856, 
	0x077E, 0x069C, 0x05B6, 0x04CF, 0x03EE, 0x0315, 0x024B, 0x0193, 0x00F2, 
	0x006D, 0x0008, 0xFFC7, 0xFFB0, 0x9C0C, 0x9C9A, 0x9E30, 0xA0B0, 0xA3FE, 
	0xA7FB, 0xAC8B, 0xB191, 0xB6EE, 0xBC86, 0xC23C, 0xC7F1, 0xCD89, 0xD2E7, 
	0xD7EC, 0xDC7C, 0xE07A, 0xE3C7, 0xE648, 0xE7DD, 0xE86B, 0x0000, 0x0000, 
	0x0000, 0x0000, 0x0000, 0xFFFF, 0x0000, 0x0000, 0x0000, 0x0000, 0x0000, 
	0x0000, 0x0000, 0x0000, 0x0000, 0x0000, 0x0000, 0x0000, 0x0000, 0x0000, 
	0xFFFF, 0x0000, 0x0640, 0x0658, 0x069B, 0x0706, 0x0793, 0x083D, 0x0900, 
	0x09D6, 0x0ABB, 0x0BAA, 0x0C9E, 0x0D91, 0x0E80, 0x0F65, 0x103B, 0x10FE, 
	0x11A8, 0x1235, 0x12A0, 0x12E4, 0x12FB, 0xFF49, 0xFF4A, 0xFF4E, 0xFF54, 
	0xFF5C, 0xFF65, 0xFF70, 0xFF7C, 0xFF89, 0xFF96, 0xFFA4, 0xFFB2, 0xFFBF, 
	0xFFCC, 0xFFD8, 0xFFE3, 0xFFEC, 0xFFF4, 0xFFFA, 0xFFFE, 0x0000, 0x0222, 
	0x021E, 0x0213, 0x0201, 0x01E9, 0x01CD, 0x01AC, 0x0188, 0x0162, 0x013A, 
	0x0111, 0x00E8, 0x00C0, 0x009A, 0x0076, 0x0055, 0x0039, 0x0021, 0x000F, 
	0x0004, 0x0000, 0xC292, 0xC2CC, 0xC372, 0xC479, 0xC5D3, 0xC775, 0xC954, 
	0xCB62, 0xCD95, 0xCFDF, 0xD236, 0xD48C, 0xD6D7, 0xD909, 0xDB18, 0xDCF6, 
	0xDE98, 0xDFF3, 0xE0F9, 0xE19F, 0xE1D9, 

},{ 
	0x0001, 0x0000, 0x0015, 0x0001, 0x0001, 0x0016, 0x0001, 0x0017, 0x0001, 
	0x0018, 0x0001, 0x0019, 0x0015, 0x001A, 0x0015, 0x002F, 0x0015, 0x0044, 
	0x0015, 0x0059, 0x0015, 0x006E, 0x0015, 0x0083, 0x0015, 0x0098, 0x0015, 
	0x00AD, 0x0015, 0x00C2, 0x0001, 0x00D7, 0x0001, 0x00D8, 0x0001, 0x00D9, 
	0x0015, 0x00DA, 0x0015, 0x00EF, 0x0015, 0x0104, 0x000B, 0x0119, 0x0003, 
	0x0124, 0x0015, 0x0127, 0x0015, 0x013C, 0x0015, 0x0151, 0x0015, 0x0166, 
	0x0001, 0x017B, 0x0001, 0x017C, 0x0001, 0x017D, 0x0015, 0x017E, 0x0015, 
	0x0193, 0x0015, 0x01A8, 0x0001, 0x01BD, 0x000A, 0x01BE, 0x0015, 0x01C8, 
	0x0015, 0x01DD, 0x0015, 0x01F2, 0x0015, 0x0207, 0x0014, 0x021C, 0x0015, 
	0x0230, 0x0001, 0x0245, 0x0015, 0x0246, 0x0015, 0x025B, 0x0015, 0x0270, 
	0x0005, 0x0285, 0x0006, 0x028A, 0x0015, 0x0290, 0x0015, 0x02A5, 0x0015, 
	0x02BA, 0x0015, 0x02CF, 0x0014, 0x02E4, 0x0015, 0x02F8, 0x0001, 0x030D, 
	0x0014, 0x030E, 0x0015, 0x0322, 0x0015, 0x0337, 0x0015, 0x034C, 0x0001, 
	0x0361, 0x0015, 0x0362, 0x0015, 0x0377, 0x0015, 0x038C, 0x0015, 0x03A1, 
	

});
smlua_anim_util_register_animation('JSYP_HOLD_GETUP',1, 0, 0, 0, 13, { 
	0x0000, 0x0036, 0x0036, 0x0036, 0x003D, 0x004D, 0x005C, 0x0067, 0x0075, 
	0x008C, 0x009E, 0x00AA, 0x00B1, 0x00B5, 0x00B6, 0x0000, 0x0000, 0x0000, 
	0x0000, 0x0001, 0x0001, 0x0002, 0x0003, 0x0004, 0x0005, 0x0008, 0x000D, 
	0x0012, 0x0013, 0x0000, 0x0000, 0x0000, 0x0000, 0x0000, 0x0000, 0x0000, 
	0x0000, 0x0000, 0x0000, 0x0000, 0x0000, 0xFFFF, 0x3FFF, 0x3FFF, 0x3FFF, 
	0x3FFF, 0x3FFF, 0x3FFF, 0x3FFF, 0x3FFF, 0x3FFF, 0x4000, 0x0000, 0x0000, 
	0x0000, 0x0000, 0x0000, 0x0000, 0xFFFF, 0xFFFF, 0xFFFF, 0xFFFF, 0x0000, 
	0x0000, 0xFFFF, 0x0000, 0xFFFF, 0xFFFF, 0xFFFF, 0xFFFF, 0xFFFF, 0xFFFF, 
	0xFFFF, 0xFFFF, 0xFFFF, 0x0000, 0x0000, 0xFFFF, 0x1E68, 0x1D8E, 0x1E68, 
	0x2226, 0x2672, 0x2B15, 0x2FDD, 0x3495, 0x3907, 0x3D00, 0x3B74, 0x380C, 
	0x34A5, 0x3319, 0xFFFF, 0xFFA8, 0xFF39, 0xFF1B, 0xFF15, 0xFF15, 0xFF1B, 
	0xFF33, 0xFF5D, 0xFF93, 0xFFC2, 0xFFE3, 0xFFF8, 0x0000, 0xFCBD, 0xFCB1, 
	0xFCD5, 0xFD5A, 0xFE05, 0xFEA6, 0xFF31, 0xFF8F, 0xFFBA, 0xFFDA, 0xFFEF, 
	0xFFFA, 0xFFFE, 0x0000, 0x13EC, 0x1831, 0x1DBB, 0x1F39, 0x1FAB, 0x20A4, 
	0x2596, 0x268C, 0x1D6F, 0x10B0, 0x0A5B, 0x071B, 0x05E8, 0x05BD, 0xFE8D, 
	0xFE61, 0xFE44, 0xFE69, 0xFE9A, 0xFED1, 0xFF0C, 0xFF48, 0xFF81, 0xFFB3, 
	0xFFD8, 0xFFEF, 0xFFFB, 0x0000, 0x02EB, 0x02E6, 0x02C2, 0x027C, 0x0229, 
	0x01CE, 0x0170, 0x0113, 0x00BD, 0x0071, 0x003A, 0x0017, 0x0005, 0x0000, 
	0x054A, 0x0303, 0x0135, 0x0267, 0x0404, 0x05EB, 0x07FC, 0x0A15, 0x0C17, 
	0x0DDF, 0x0CBF, 0x0A44, 0x07CA, 0x06AA, 0xFFFE, 0x0001, 0xC170, 0xC19F, 
	0xC221, 0xC2E6, 0xC3DE, 0xC4F6, 0xC61F, 0xC748, 0xC861, 0xC958, 0xCA1D, 
	0xCA9F, 0xCACF, 0x25D3, 0x2D40, 0xB72E, 0x34DA, 0x31E2, 0x2D89, 0x2542, 
	0x1CF9, 0x2622, 0xBD07, 0xDACC, 0xF890, 0x0F78, 0x18A0, 0xF0A5, 0xEEC7, 
	0x93C9, 0xEC6E, 0xEE1D, 0xEFDF, 0xF0F2, 0xF1E4, 0xEC7C, 0xA108, 0xB29B, 
	0xC42E, 0xD1B3, 0xD71B, 0x828D, 0x7EF5, 0xF8FE, 0x745B, 0x6F2B, 0x6B98, 
	0x6C10, 0x6F6C, 0x6E3F, 0xEB50, 0xE780, 0xE3AF, 0xE0C0, 0xDF94, 0xFFFF, 
	0x0000, 0x0000, 0xFFFF, 0x0000, 0xFFFF, 0xFFFF, 0x0000, 0x0000, 0xFFFF, 
	0x0000, 0xFFFF, 0x0000, 0xFFFF, 0xFFFF, 0xFFFF, 0xFFFF, 0xFFFF, 0x0000, 
	0x0000, 0xFFFF, 0x0000, 0x0000, 0x0000, 0x0000, 0x0000, 0x0000, 0xFFFF, 
	0xE9FF, 0xEA4A, 0xEB17, 0xEC4D, 0xEDD3, 0xEF8C, 0xF160, 0xF334, 0xEE18, 
	0xE152, 0xD0B6, 0xC01B, 0xB354, 0xAE38, 0xDFBF, 0xD30D, 0xC71C, 0xCA33, 
	0xCFCD, 0xD6EC, 0xDE94, 0xE5C9, 0xE3EF, 0xDF4F, 0xD94B, 0xD347, 0xCEA6, 
	0xCCCC, 0xF9D6, 0xF72E, 0xF474, 0xF491, 0xF514, 0xF5D8, 0xF6B9, 0xF792, 
	0xFC42, 0x0456, 0x0DE9, 0x1718, 0x1DFE, 0x20B6, 0xF87A, 0x0052, 0x080C, 
	0x0740, 0x0580, 0x0310, 0x0038, 0xFD3D, 0x01B3, 0x04B0, 0x0680, 0x076E, 
	0x07C6, 0x07D2, 0xFFFE, 0x0001, 0xC170, 0xC19B, 0xC212, 0xC2C6, 0xC3A8, 
	0xC4A8, 0xC5B7, 0xC6C6, 0xC7C6, 0xC8A8, 0xC95C, 0xC9D3, 0xC9FE, 0x3BD6, 
	0x378D, 0x32A8, 0x34AC, 0x36FC, 0x30CF, 0xC514, 0xD891, 0xD87C, 0xD848, 
	0xD804, 0xD7C0, 0xD78C, 0xD777, 0x6A91, 0x699B, 0x68C6, 0x6A1A, 0x6BA2, 
	0x6ACB, 0x1222, 0x13F3, 0x1544, 0x1625, 0x16AE, 0x16F5, 0x170E, 0x1712, 
	0xFD16, 0xFA88, 0xF643, 0xF372, 0xEF62, 0xE484, 0x67CE, 0x7350, 0x70C1, 
	0x6A5B, 0x620B, 0x59BB, 0x5356, 0x50C7, 0xFFFF, 0x0000, 0x0000, 0x0000, 
	0xFFFF, 0xFFFF, 0x0000, 0x0000, 0x0000, 0xFFFF, 0x0000, 0x0000, 0x0000, 
	0x0000, 0xFFFF, 0xFFFF, 0x0000, 0x0000, 0x0000, 0xFFFF, 0x0000, 0x0000, 
	0xFFFF, 0xEB38, 0xEB51, 0xEB97, 0xEBFF, 0xEC82, 0xED17, 0xEDB5, 0xEE53, 
	0xEDB8, 0xEC33, 0xEA3A, 0xE841, 0xE6BD, 0xE621, 0x3E9F, 0x48B9, 0x50AA, 
	0x4B36, 0x43E0, 0x3B3B, 0x31DC, 0x2857, 0x1C6B, 0x0ED2, 0x0144, 0xF575, 
	0xED1E, 0xE9F5, 0x0F58, 0x0EB2, 0x0D7D, 0x0C45, 0x0AE2, 0x0964, 0x07DE, 
	0x0663, 0x095F, 0x10D3, 0x1A85, 0x2437, 0x2BAC, 0x2EA7, 0x057C, 0x0DD5, 
	0x1531, 0x127E, 0x0E92, 0x09C9, 0x047E, 0xFF0A, 0xFD20, 0xF857, 0xF21F, 
	0xEBE7, 0xE71F, 0xE535, 0x0000, 0xFFF9, 0xFFFF, 0x0026, 0x005A, 0x0089, 
	0x00B5, 0x00C7, 0x0096, 0x0058, 0x002F, 0x000E, 0x0000, 0xFFFF, 0xFFFF, 
	0xFF48, 0xFFFF, 0x0411, 0x0968, 0x0E57, 0x12F3, 0x14D5, 0x0FBF, 0x0938, 
	0x04FA, 0x0176, 0xFFFF, 0xBF5E, 0xBF5A, 0xBF5E, 0xBF77, 0xBF98, 0xBFB6, 
	0xBFD3, 0xBFDE, 0xBFBF, 0xBF97, 0xBF7D, 0xBF67, 0xBF5E, 0xFAB1, 0xFCF0, 
	0xFFB2, 0x002F, 0x0003, 0xFFD6, 0x0162, 0xFFE2, 0xF439, 0xE79F, 0xDFDF, 
	0xDBAB, 0xD9EF, 0xD999, 0xF79C, 0xFB84, 0x004B, 0x0114, 0x00B7, 0x0058, 
	0x0117, 0x005E, 0xFB03, 0xF4A2, 0xF4F7, 0xF5B1, 0xF66C, 0xF6C0, 0x9D31, 
	0x8FC2, 0x8106, 0x82EA, 0x89E8, 0x902A, 0x91EE, 0x94BD, 0x9E23, 0xA84C, 
	0xB580, 0xC3C5, 0xCF32, 0xD3DF, 0x0000, 0xFFFF, 0x0000, 0x0000, 0xFFFF, 
	0x0000, 0xFFFF, 0x0000, 0x0000, 0x0000, 0x0000, 0xFFFF, 0xFFFF, 0x0000, 
	0x0000, 0x0000, 0x0000, 0xFFFF, 0xFFFF, 0xFFFF, 0x0000, 0xFFFF, 0x0000, 
	0xFFFF, 0x0000, 0x0000, 0xFFFF, 0x0000, 0x09C7, 0x204B, 0x3DED, 0x48E5, 
	0x4E99, 0x50E8, 0x4CD2, 0x4421, 0x3937, 0x3108, 0x2409, 0x141D, 0x069F, 
	0x00EF, 0x00D0, 0x0069, 0x0095, 0x0259, 0x04AD, 0x068B, 0x05C5, 0x07E6, 
	0x0A48, 0x0AE7, 0x0733, 0xFF0B, 0xF6E5, 0xF330, 0xFF37, 0xFF1F, 0xFF08, 
	0xFF0F, 0xFF22, 0xFF3F, 0xFF94, 0xFFA4, 0x0067, 0x00EF, 0x003F, 0xFEBA, 
	0xFD36, 0xFC85, 0xC1A9, 0xC70A, 0xCC41, 0xC9B7, 0xC4AC, 0xC008, 0xBE5E, 
	0xBF90, 0xBC8E, 0xB929, 0xBD2C, 0xC5FF, 0xCED1, 0xD2D4, 0x0000, 0xFFFF, 
	0xFFFF, 0x0000, 0x0000, 0xFFFF, 0xFFFF, 0xFFFF, 0x0000, 0x0000, 0x0000, 
	0x0000, 0x0000, 0xFFFF, 0xFFFF, 0xFFFF, 0xFFFF, 0xFFFF, 0x0000, 0xFFFF, 
	0xFFFF, 0x0000, 0x0000, 0xFFFF, 0x0000, 0x0000, 0xFFFF, 0xBF5E, 0xFFC2, 
	0xFF80, 0x00AA, 0x0495, 0x0991, 0x0E04, 0x10BF, 0x12E8, 0x15DD, 0x180E, 
	0x1973, 0x1A47, 0x1AAC, 0x1AC6, 0x0BBA, 0x0577, 0xFED9, 0x0043, 0x0437, 
	0x0821, 0x0B4E, 0x0E01, 0x0F54, 0x1065, 0x0F76, 0x0D69, 0x0B5C, 0x0A6E, 
	0x9C0C, 0x8E42, 0x7F98, 0x82B9, 0x8B66, 0x9350, 0x9741, 0x9AC2, 0xA054, 
	0xA597, 0xB11D, 0xC061, 0xCDB4, 0xD368, 0xFFFF, 0xFFFF, 0x0000, 0xFFFF, 
	0x0000, 0xFFFF, 0x0000, 0xFFFF, 0x0000, 0x0000, 0xFFFF, 0x0000, 0xFFFF, 
	0x0000, 0xFFFF, 0x0000, 0x0000, 0x0000, 0xFFFF, 0xFFFF, 0xFFFF, 0x0000, 
	0x0000, 0x0000, 0x0000, 0xFFFF, 0xFFFF, 0x0000, 0x0640, 0x1F1C, 0x3F4A, 
	0x49A5, 0x4DD5, 0x4F7A, 0x4DCA, 0x4735, 0x39E2, 0x2EA6, 0x1FA9, 0x0EB0, 
	0x00CB, 0xFB08, 0xFFA0, 0x00AB, 0x001B, 0xFB57, 0xF50A, 0xEF94, 0xEF22, 
	0xEFEF, 0xF504, 0xF9F4, 0xFF77, 0x0526, 0x0996, 0x0B61, 0x0254, 0x027C, 
	0x025B, 0x01BD, 0x00DD, 0xFF88, 0xFBD4, 0xF9EB, 0xFAFF, 0xFCAF, 0xFDC7, 
	0xFE56, 0xFE8B, 0xFE93, 0xC292, 0xC6EE, 0xCB24, 0xC939, 0xC545, 0xC11E, 
	0xBC96, 0xBBDC, 0xBF74, 0xC21A, 0xC6D1, 0xCD3A, 0xD2DF, 0xD54D, 

},{ 
	0x0001, 0x0000, 0x000E, 0x0001, 0x000E, 0x000F, 0x000D, 0x001D, 0x000A, 
	0x002A, 0x0001, 0x0034, 0x000D, 0x0035, 0x000C, 0x0042, 0x000E, 0x004E, 
	0x000E, 0x005C, 0x000E, 0x006A, 0x000E, 0x0078, 0x000E, 0x0086, 0x000E, 
	0x0094, 0x000E, 0x00A2, 0x0001, 0x00B0, 0x0001, 0x00B1, 0x000D, 0x00B2, 
	0x000E, 0x00BF, 0x000E, 0x00CD, 0x000E, 0x00DB, 0x000E, 0x00E9, 0x000E, 
	0x00F7, 0x000E, 0x0105, 0x000E, 0x0113, 0x000E, 0x0121, 0x000E, 0x012F, 
	0x0001, 0x013D, 0x0001, 0x013E, 0x000D, 0x013F, 0x000E, 0x014C, 0x000E, 
	0x015A, 0x000E, 0x0168, 0x000A, 0x0176, 0x000D, 0x0180, 0x000E, 0x018D, 
	0x000E, 0x019B, 0x000E, 0x01A9, 0x000E, 0x01B7, 0x000E, 0x01C5, 0x000D, 
	0x01D3, 0x000D, 0x01E0, 0x000E, 0x01ED, 0x000E, 0x01FB, 0x000E, 0x0209, 
	0x000E, 0x0217, 0x000E, 0x0225, 0x000E, 0x0233, 0x000E, 0x0241, 0x000E, 
	0x024F, 0x000E, 0x025D, 0x000E, 0x026B, 0x000D, 0x0279, 0x0001, 0x0286, 
	0x000E, 0x0287, 0x000E, 0x0295, 0x000E, 0x02A3, 0x000E, 0x02B1, 0x000E, 
	0x02BF, 0x000E, 0x02CD, 0x000E, 0x02DB, 0x000E, 0x02E9, 0x000E, 0x02F7, 
	

});
smlua_anim_util_register_animation('JSYP_HOLD_GETUP2',1, 0, 0, 0, 36, { 
	0x0000, 0x0056, 0x0056, 0x0056, 0x0057, 0x0057, 0x0057, 0x0058, 0x0058, 
	0x0059, 0x0059, 0x005A, 0x005A, 0x005A, 0x0058, 0x0055, 0x005B, 0x008D, 
	0x00AA, 0x00B3, 0x00AF, 0x0093, 0x006A, 0x0056, 0x0058, 0x005D, 0x0066, 
	0x0074, 0x0087, 0x009A, 0x00AA, 0x00B2, 0x00B4, 0x00B5, 0x00B5, 0x00B6, 
	0x0000, 0x0000, 0x0000, 0x0000, 0x0000, 0x0000, 0x0000, 0x0000, 0x0000, 
	0x0000, 0x0000, 0x0000, 0x0000, 0x0000, 0x0000, 0x0000, 0x0000, 0x0000, 
	0x0000, 0x0000, 0xFFE9, 0xFFBE, 0xFFA6, 0xFFA7, 0xFFAA, 0xFFAE, 0xFFB3, 
	0xFFBB, 0xFFC3, 0xFFCE, 0xFFD9, 0xFFE6, 0xFFF3, 0x0000, 0x000A, 0x0011, 
	0x0013, 0x0000, 0x0000, 0x0000, 0x0000, 0x0000, 0x0000, 0x0000, 0x0000, 
	0x0000, 0x0000, 0x0000, 0x0000, 0x0000, 0x0000, 0x0000, 0x0000, 0x0000, 
	0x0000, 0x0000, 0x0000, 0x0000, 0x0000, 0x0000, 0x0000, 0x0000, 0x0000, 
	0x0000, 0x0000, 0x0000, 0x0000, 0x0000, 0x0000, 0x0000, 0x0000, 0xFFFF, 
	0x3FFF, 0x3FFF, 0x3FFF, 0x3FFF, 0x3FFF, 0x3FFF, 0x3FFF, 0x3FFF, 0x3FFF, 
	0x3FFF, 0x3FFF, 0x3FFF, 0x3FFF, 0x3FFF, 0x3FFF, 0x3FFF, 0x3FFF, 0x3FFF, 
	0x3FFF, 0x3FFF, 0x3FFF, 0x3FFF, 0x3FFF, 0x3FFF, 0x3FFF, 0x4000, 0x0000, 
	0x0000, 0x0000, 0x0000, 0xFFFF, 0xFFFF, 0xFFFF, 0xFFFF, 0xFFFF, 0xFFFF, 
	0xFFFF, 0xFFFF, 0xFFFF, 0xFFFF, 0xFFFF, 0xFFFF, 0x0000, 0x0000, 0x0000, 
	0x0000, 0x0000, 0x0000, 0x0000, 0xFFFF, 0xFFFF, 0xFFFF, 0xFFFF, 0xFFFF, 
	0xFFFF, 0xFFFF, 0xFFFF, 0xFFFF, 0xFFFF, 0xFFFF, 0x0000, 0xFFFF, 0xFFFF, 
	0xFFFF, 0xFFFF, 0xFFFF, 0xFFFF, 0xFFFF, 0xFFFF, 0xFFFF, 0xFFFF, 0xFFFF, 
	0xFFFF, 0xFFFF, 0xFFFF, 0xFFFF, 0xFFFF, 0xFFFF, 0xFFFF, 0xFFFF, 0xFFFF, 
	0xFFFF, 0x0000, 0xFFFF, 0x7F62, 0x7F64, 0x7F51, 0x7F1D, 0x7EBB, 0x7E1F, 
	0x7D3C, 0x7C06, 0x7A70, 0x786E, 0x75F3, 0x711D, 0x693E, 0x6015, 0x5760, 
	0x50DF, 0x4C6F, 0x48AD, 0x457D, 0x42C0, 0x4049, 0x3E11, 0x3C18, 0x3A5F, 
	0x38E2, 0x379C, 0x368A, 0x35A7, 0x34EF, 0x345D, 0x33EC, 0x3399, 0x335F, 
	0x333A, 0x3324, 0x331B, 0x3319, 0x0000, 0xFFFF, 0x0000, 0x0000, 0xFFFF, 
	0x0000, 0x0000, 0x0000, 0x0000, 0x0000, 0xFFFF, 0xFFFF, 0xFFFF, 0x0000, 
	0x0000, 0xFFFF, 0x0000, 0xFFFF, 0x0000, 0x0000, 0xFFFF, 0x0000, 0x0000, 
	0x0000, 0xFFFF, 0x0000, 0x0000, 0x0000, 0xFFFF, 0xFFFF, 0xFFFF, 0xFFFF, 
	0xFFFF, 0x0000, 0x0000, 0x0000, 0xFFFF, 0xFFFF, 0x0000, 0xFFFF, 0x0000, 
	0xFFFF, 0x0000, 0x0000, 0x0000, 0x0000, 0x0000, 0x0000, 0x0000, 0xFFFF, 
	0xFFFF, 0x0000, 0x0000, 0xFFFF, 0x0000, 0x0000, 0x0000, 0xFFFF, 0x0000, 
	0x0000, 0xFFFF, 0x0000, 0xFFFF, 0xFFFF, 0x0000, 0xFFFF, 0x0000, 0x0000, 
	0x0000, 0x0000, 0xFFFF, 0x0000, 0xFFFF, 0xFD14, 0xFE04, 0xFEFA, 0xFFF9, 
	0x00FF, 0x0210, 0x032A, 0x0450, 0x0583, 0x06C3, 0x0811, 0x0A6E, 0x0E0D, 
	0x11B6, 0x1432, 0x144A, 0xFF03, 0xFF10, 0x0139, 0x047D, 0x0825, 0x0A3F, 
	0x0AEB, 0x0AD8, 0x0AA1, 0x0A4E, 0x09E4, 0x0968, 0x08E1, 0x0854, 0x07C7, 
	0x073F, 0x06C4, 0x0659, 0x0606, 0x05D0, 0x05BD, 0x01B4, 0x01B2, 0x01AF, 
	0x01AD, 0x01AB, 0x01AA, 0x01A9, 0x01AA, 0x01AC, 0x01B0, 0x01B6, 0x01C3, 
	0x01DA, 0x01F7, 0x0214, 0x022D, 0x0234, 0x0234, 0x0236, 0x0237, 0x0237, 
	0x0233, 0x022B, 0x0219, 0x01FB, 0x01D3, 0x01A4, 0x0170, 0x0139, 0x0100, 
	0x00C9, 0x0094, 0x0064, 0x003B, 0x001C, 0x0007, 0x0000, 0x0165, 0x0169, 
	0x016F, 0x0174, 0x0179, 0x017C, 0x017D, 0x017C, 0x0177, 0x016E, 0x0160, 
	0x0141, 0x010B, 0x00CA, 0x0087, 0x004D, 0x0038, 0x0020, 0x000A, 0xFFF4, 
	0xFFE0, 0xFFB9, 0xFFA5, 0xFFA6, 0xFFAA, 0xFFB0, 0xFFB7, 0xFFBF, 0xFFC8, 
	0xFFD2, 0xFFDC, 0xFFE5, 0xFFED, 0xFFF4, 0xFFFA, 0xFFFE, 0x0000, 0xD8CA, 
	0xD86C, 0xD800, 0xD794, 0xD736, 0xD6F3, 0xD6DA, 0xD6F8, 0xD75B, 0xD810, 
	0xD926, 0xDBA2, 0xDFEE, 0xE52E, 0xEA88, 0xEF21, 0xF0C4, 0xF262, 0xF3D8, 
	0xF54F, 0xF726, 0xF93D, 0xFB56, 0xFD3F, 0xFEF0, 0x006D, 0x01B7, 0x02D3, 
	0x03C3, 0x048B, 0x052E, 0x05AF, 0x0612, 0x0659, 0x0688, 0x06A2, 0x06AA, 
	0xFFFE, 0xFFFE, 0xFFFE, 0xFFFE, 0xFFFE, 0xFFFE, 0xFFFE, 0xFFFE, 0xFFFE, 
	0xFFFE, 0xFFFE, 0x0005, 0x0012, 0x001B, 0x0018, 0xFFFE, 0xFF76, 0xFEE7, 
	0xFDDF, 0xFCFD, 0xFEE7, 0x05D7, 0x0FA7, 0x186F, 0x1C47, 0x1BC7, 0x1A46, 
	0x17F9, 0x1510, 0x11C1, 0x0E3D, 0x0AB7, 0x0763, 0x0474, 0x021C, 0x008E, 
	0xFFFE, 0x0001, 0x0001, 0x0001, 0x0001, 0x0001, 0x0001, 0x0001, 0x0001, 
	0x0001, 0x0001, 0x0001, 0x009C, 0x01D2, 0x02BA, 0x026C, 0x0001, 0xF32A, 
	0xE592, 0xE3D1, 0xE596, 0xE592, 0xE0D1, 0xDA04, 0xD44D, 0xD2CD, 0xD514, 
	0xD871, 0xDCA6, 0xE175, 0xE69D, 0xEBE1, 0xF102, 0xF5C0, 0xF9DE, 0xFD1D, 
	0xFF3D, 0x0001, 0xC170, 0xC170, 0xC170, 0xC170, 0xC170, 0xC170, 0xC170, 
	0xC170, 0xC170, 0xC170, 0xC170, 0xC1CB, 0xC282, 0xC30C, 0xC2DE, 0xC170, 
	0xB9D5, 0xB1C8, 0xB020, 0xB08E, 0xB1C8, 0xB377, 0xB5C5, 0xB82B, 0xBA21, 
	0xBBC6, 0xBD8A, 0xBF60, 0xC13C, 0xC311, 0xC4D1, 0xC66F, 0xC7E0, 0xC915, 
	0xCA02, 0xCA99, 0xCACF, 0x34B2, 0x34AE, 0x349A, 0x3467, 0x3409, 0x3372, 
	0x3295, 0x3163, 0x2FD1, 0x2DCF, 0x2B51, 0x275E, 0x217F, 0x1A68, 0x12D0, 
	0x0B6A, 0x00F7, 0xF6E4, 0xEF34, 0xEDA6, 0xEA1A, 0xE3AD, 0xDC52, 0xD5A9, 
	0xCFFF, 0xCB4B, 0xC784, 0xC4A3, 0xC29F, 0xC16F, 0xC10C, 0xC78B, 0xD7CA, 
	0xECE8, 0x0207, 0x1245, 0x18C5, 0xEDCB, 0xEDD0, 0xEDDE, 0xEDF5, 0xEE15, 
	0xEE3C, 0xEE6B, 0xEEA0, 0xEEDB, 0xEF1B, 0xEF61, 0xF028, 0xF17D, 0xF2B0, 
	0xF315, 0xF1FD, 0xE305, 0xE25D, 0xE3AC, 0xE33E, 0xE02E, 0xDB20, 0xD66C, 
	0xD320, 0xD0A6, 0xCEE0, 0xCDAF, 0xCCF7, 0xCC98, 0xCC75, 0xCC70, 0xCD45, 
	0xCF5A, 0xD20F, 0xD4C4, 0xD6D9, 0xD7AE, 0x4E72, 0x4F23, 0x4F4C, 0x4F25, 
	0x4EE6, 0x4EC5, 0x4EFA, 0x4FBE, 0x5147, 0x53CD, 0x5788, 0x5E59, 0x68FA, 
	0x75E5, 0x8395, 0x9088, 0x9FF2, 0xAE16, 0xB84B, 0xB9BF, 0xBB88, 0xBFC4, 
	0xC688, 0xCFC0, 0xDAAF, 0xE66C, 0xF20F, 0xFCB0, 0x0568, 0x0B4D, 0x0D77, 
	0x093F, 0xFEB1, 0xF0F9, 0xE342, 0xD8B5, 0xD47D, 0xFFFF, 0x0000, 0x0000, 
	0x0000, 0xFFFF, 0xFFFF, 0x0000, 0x0000, 0x0000, 0xFFFF, 0xFFFF, 0x0000, 
	0xFFFF, 0x0000, 0x0000, 0x0000, 0xFFFF, 0xFFFF, 0xFFFF, 0xFFFF, 0xFFFF, 
	0x0000, 0xFFFF, 0x0000, 0x0000, 0x0000, 0xFFFF, 0x0000, 0x0000, 0xFFFF, 
	0xFFFF, 0x0000, 0xFFFF, 0x0000, 0x0000, 0xFFFF, 0x0000, 0x0000, 0xFFFF, 
	0x0000, 0x0000, 0x0000, 0x0000, 0x0000, 0x0000, 0x0000, 0x0000, 0xFFFF, 
	0xFFFF, 0xFFFF, 0x0000, 0x0000, 0xFFFF, 0xFFFF, 0x0000, 0x0000, 0x0000, 
	0xFFFF, 0x0000, 0x0000, 0xFFFF, 0xFFFF, 0x0000, 0xFFFF, 0xFFFF, 0xFFFF, 
	0xFFFF, 0x0000, 0x0000, 0xFFFF, 0xFFFF, 0xFFFF, 0x0000, 0xF3AE, 0xF3D8, 
	0xF3F0, 0xF3F7, 0xF3E8, 0xF3C3, 0xF385, 0xF32C, 0xF2B6, 0xF221, 0xF16B, 
	0xEF19, 0xEAB3, 0xE5C1, 0xE1C8, 0xE04F, 0xE0B9, 0xE164, 0xE248, 0xE35E, 
	0xE510, 0xE6C1, 0xE786, 0xE6B0, 0xE457, 0xE0BD, 0xDC21, 0xD6C4, 0xD0E7, 
	0xCAC9, 0xC4AB, 0xBECE, 0xB971, 0xB4D5, 0xB13B, 0xAEE2, 0xAE0C, 0xD8BF, 
	0xD8FC, 0xD951, 0xD9B6, 0xDA25, 0xDA96, 0xDB02, 0xDB63, 0xDBB1, 0xDBE5, 
	0xDBF7, 0xDBE5, 0xDBBF, 0xDBA3, 0xDBAD, 0xDBF7, 0xDC75, 0xDD03, 0xDDA0, 
	0xDE49, 0xDF32, 0xE010, 0xE073, 0xE028, 0xDF54, 0xDE10, 0xDC70, 0xDA8D, 
	0xD87D, 0xD655, 0xD42E, 0xD21E, 0xD03A, 0xCE9B, 0xCD56, 0xCC83, 0xCC38, 
	0xFA43, 0xFA5E, 0xFA84, 0xFAB2, 0xFAE4, 0xFB17, 0xFB48, 0xFB74, 0xFB97, 
	0xFBAE, 0xFBB7, 0xFBBA, 0xFBC1, 0xFBC6, 0xFBC5, 0xFBB7, 0xFB9F, 0xFB85, 
	0xFB68, 0xFB48, 0xFB1C, 0xFAF3, 0xFAE1, 0xFB6F, 0xFCFD, 0xFF60, 0x026F, 
	0x05FC, 0x09DF, 0x0DEC, 0x11F9, 0x15DC, 0x196A, 0x1C77, 0x1EDA, 0x2068, 
	0x20F6, 0xF4F6, 0xF4F5, 0xF4F4, 0xF4F3, 0xF4F1, 0xF4F0, 0xF4EE, 0xF4ED, 
	0xF4EC, 0xF4EB, 0xF4EB, 0xF4FD, 0xF521, 0xF53D, 0xF533, 0xF4EB, 0xF471, 
	0xF3E6, 0xF34E, 0xF2AA, 0xF1C8, 0xF0EF, 0xF08F, 0xF0E6, 0xF1DA, 0xF34F, 
	0xF52E, 0xF75A, 0xF9BB, 0xFC36, 0xFEB1, 0x0112, 0x033F, 0x051D, 0x0693, 
	0x0787, 0x07DD, 0xFFFE, 0x0001, 0xC170, 0xC170, 0xC170, 0xC170, 0xC170, 
	0xC170, 0xC170, 0xC170, 0xC170, 0xC170, 0xC170, 0xC15E, 0xC13B, 0xC121, 
	0xC12A, 0xC170, 0xC1E4, 0xC266, 0xC2F4, 0xC38A, 0xC427, 0xC4C9, 0xC56E, 
	0xC613, 0xC6B7, 0xC758, 0xC7F3, 0xC886, 0xC910, 0xC98E, 0xC9FE, 0xCA46, 
	0xCA5B, 0xCA4C, 0xCA2C, 0xCA0C, 0xC9FE, 0xBAED, 0xBADD, 0xBAB8, 0xBA90, 
	0xBA75, 0xBA77, 0xBAA8, 0xBB19, 0xBBDA, 0xBCFC, 0xBE90, 0xC1C7, 0xC6F6, 
	0xCCEA, 0xD26B, 0xD645, 0xD8D5, 0xDB49, 0xDDA2, 0xDFE0, 0xE291, 0xE4FC, 
	0xE608, 0xE216, 0xD708, 0x4610, 0x305A, 0x1717, 0xFB75, 0xDEA5, 0x41D5, 
	0x2633, 0x0CF0, 0xF73A, 0xE641, 0xDB34, 0xD741, 0x11FA, 0x121E, 0x127D, 
	0x1307, 0x13A9, 0x1453, 0x14F2, 0x1575, 0x15CB, 0x15E1, 0x15A7, 0x1472, 
	0x1220, 0x0F6F, 0x0D1B, 0x0BE1, 0x0B83, 0x0B46, 0x0B25, 0x0B1C, 0x0B1F, 
	0x0B35, 0x0B71, 0x0BE6, 0x0C93, 0x7290, 0x7191, 0x7078, 0x6F50, 0x6E24, 
	0x1302, 0x1417, 0x1512, 0x15E7, 0x168C, 0x16F7, 0x171D, 0x4CB6, 0x4D69, 
	0x4DA2, 0x4D94, 0x4D6D, 0x4D5E, 0x4D96, 0x4E46, 0x4F9D, 0x51CB, 0x5501, 
	0x5C02, 0x676A, 0x742A, 0x7F37, 0x8581, 0x8820, 0x8A38, 0x8BD8, 0x8D0F, 
	0x8DFA, 0x8E90, 0x8EC5, 0x8DBD, 0x8AD7, 0x0664, 0x00B3, 0xFA12, 0xF2D4, 
	0xEB46, 0x63B8, 0x5C79, 0x55DA, 0x5029, 0x4BB5, 0x48D0, 0x47C7, 0x0000, 
	0x0000, 0x0000, 0x0000, 0xFFFF, 0xFFFF, 0x0000, 0x0000, 0xFFFF, 0x0000, 
	0xFFFF, 0xFFFF, 0x0000, 0x0000, 0xFFFF, 0xFFFF, 0xFFFF, 0x0000, 0x0000, 
	0x0000, 0xFFFF, 0x0000, 0x0000, 0x0000, 0xFFFF, 0xFFFF, 0xFFFF, 0xFFFF, 
	0x0000, 0xFFFF, 0xFFFF, 0x0000, 0xFFFF, 0xFFFF, 0x0000, 0xFFFF, 0xFFFF, 
	0xFFFF, 0xFFFF, 0xFFFF, 0x0000, 0xFFFF, 0xFFFF, 0x0000, 0xFFFF, 0x0000, 
	0xFFFF, 0xFFFF, 0xFFFF, 0x0000, 0xFFFF, 0xFFFF, 0xFFFF, 0x0000, 0x0000, 
	0x0000, 0x0000, 0x0000, 0x0000, 0x0000, 0x0000, 0xFFFF, 0x0000, 0x0000, 
	0xFFFF, 0xFFFF, 0x0000, 0x0000, 0x0000, 0x0000, 0xFFFF, 0xE52C, 0xE55A, 
	0xE58C, 0xE5BC, 0xE5E8, 0xE60A, 0xE61F, 0xE622, 0xE610, 0xE5E4, 0xE59A, 
	0xE47D, 0xE25F, 0xE009, 0xDE46, 0xDDDD, 0xDE81, 0xDF59, 0xE05E, 0xE189, 
	0xE336, 0xE4DA, 0xE5A6, 0xE5BF, 0xE5D4, 0xE5E6, 0xE5F4, 0xE601, 0xE60A, 
	0xE612, 0xE618, 0xE61C, 0xE61E, 0xE620, 0xE621, 0x408F, 0x4047, 0x3FE4, 
	0x3F6D, 0x3EEC, 0x3E67, 0x3DE9, 0x3D78, 0x3D1D, 0x3CE0, 0x3CCA, 0x3D31, 
	0x3DFD, 0x3E97, 0x3E64, 0x3CCA, 0x3A20, 0x3728, 0x33F0, 0x3082, 0x2BD9, 
	0x276E, 0x2577, 0x286C, 0x30B2, 0x3D68, 0x4DAA, 0x6095, 0x7545, 0x8AD9, 
	0xA06D, 0xB51E, 0xC809, 0xD84A, 0xE500, 0xED47, 0xF03B, 0x122C, 0x1225, 
	0x121B, 0x1210, 0x1203, 0x11F6, 0x11E9, 0x11DE, 0x11D5, 0x11CF, 0x11CD, 
	0x11EE, 0x122E, 0x125E, 0x124E, 0x11CD, 0x10F6, 0x1007, 0x0F03, 0x0DEF, 
	0x0C77, 0x0B13, 0x0A74, 0x0AEB, 0x0C39, 0x0E39, 0x10C9, 0x13C4, 0x1706, 
	0x1A6C, 0x1DD2, 0x2115, 0x2410, 0x269F, 0x28A0, 0x29ED, 0x2A65, 0x143B, 
	0x13ED, 0x1382, 0x1302, 0x1276, 0x11E7, 0x115E, 0x10E4, 0x1082, 0x1040, 
	0x1029, 0x106F, 0x10FC, 0x1165, 0x1142, 0x1029, 0x0E54, 0x0C4A, 0x0A13, 
	0x07B8, 0x0543, 0x02BA, 0x0022, 0xFD7F, 0xFADC, 0xF83F, 0xF5B1, 0xF339, 
	0xF0E1, 0xEEB1, 0xECB0, 0xEAE8, 0xE960, 0xE821, 0xE732, 0xE69D, 0xE66A, 
	0x0000, 0x0000, 0xFFFF, 0xFFFF, 0x0000, 0xFFFF, 0xFFFF, 0xFFFF, 0xFFFF, 
	0xFFFF, 0x0000, 0x0000, 0x0000, 0x0000, 0x0000, 0x0000, 0xFFFF, 0xFFFF, 
	0xFFFF, 0xFFFF, 0x0000, 0x0000, 0xFFFF, 0xFFFF, 0x0000, 0xFFFF, 0x0000, 
	0xFFFF, 0xFFFF, 0x0000, 0xFFFF, 0xFFFF, 0xFFFF, 0x0000, 0x0000, 0x0000, 
	0xFFFF, 0xFFFF, 0xFFFF, 0x0000, 0xFFFF, 0xFFFF, 0xFFFF, 0xFFFF, 0xFFFF, 
	0xFFFF, 0x0000, 0x0000, 0x0000, 0x0000, 0xFFFF, 0x0000, 0xFFFF, 0x0000, 
	0x0000, 0xFFFF, 0xFFFF, 0x0000, 0xFFFF, 0x0000, 0xFFFF, 0xFFFF, 0x0000, 
	0x0000, 0x0000, 0x0000, 0xFFFF, 0xFFFF, 0xFFFF, 0xFFFF, 0x0000, 0x0000, 
	0x0000, 0xFFFF, 0xC5E3, 0xC5E3, 0xC5E3, 0xC5E3, 0xC5E3, 0xC5E3, 0xC5E3, 
	0xC5E3, 0xC5E3, 0xC5E3, 0xC5E3, 0xC5E3, 0xC5E3, 0xC5E3, 0xC5E3, 0xC5E3, 
	0xC5EC, 0xC601, 0xC61A, 0xC62C, 0xC62F, 0xC61A, 0xC5E3, 0xC55F, 0xC488, 
	0xC391, 0xC2A8, 0xC1BF, 0xC0C5, 0xBFEA, 0xBF5E, 0xBF23, 0xBF13, 0xBF1F, 
	0xBF39, 0xBF52, 0xBF5E, 0xF96A, 0xF9FA, 0xFA8E, 0xFB24, 0xFBB5, 0xFC3F, 
	0xFCBC, 0xFD29, 0xFD81, 0xFDC0, 0xFDE2, 0xFD61, 0xFC1E, 0xFAAC, 0xF9A1, 
	0xF990, 0xFAB9, 0xFCB8, 0xFF26, 0x019D, 0x028C, 0x0449, 0x0538, 0x0495, 
	0x02CD, 0x0011, 0xFC91, 0xF87F, 0xF40B, 0xEF67, 0xEAC2, 0xE64F, 0xE23D, 
	0xDEBD, 0xDC01, 0xDA39, 0xD996, 0xF580, 0xF451, 0xF311, 0xF1C9, 0xF07D, 
	0xEF35, 0xEDF7, 0xECC9, 0xEBB2, 0xEAB8, 0xE9E1, 0xE978, 0xE996, 0xE9FD, 
	0xEA6D, 0xEAA7, 0xEAB6, 0xEACA, 0xEADB, 0xEAE1, 0xEABE, 0xEA7D, 0xEA5A, 
	0xEA88, 0xEB0A, 0xEBD1, 0xECCF, 0xEDF8, 0xEF3B, 0xF08D, 0xF1DF, 0xF323, 
	0xF44B, 0xF54A, 0xF611, 0xF692, 0xF6C0, 0xA41F, 0xA1E2, 0x9FA1, 0x9D66, 
	0x9B3A, 0x9928, 0x9739, 0x9577, 0x93EC, 0x92A2, 0x91A2, 0x922B, 0x9495, 
	0x9793, 0x99DA, 0x9A1C, 0x97F8, 0x945D, 0x8FF3, 0x8B63, 0x875D, 0x847F, 
	0x8366, 0x84DC, 0x88E5, 0x8EFC, 0x969A, 0x9F3B, 0xA85A, 0xB170, 0xB9F9, 
	0xC182, 0xC7E0, 0xCCFC, 0xD0C0, 0xD313, 0xD3DF, 0x0000, 0xFFFF, 0x0000, 
	0x0000, 0xFFFF, 0xFFFF, 0xFFFF, 0x0000, 0xFFFF, 0xFFFF, 0x0000, 0xFFFF, 
	0xFFFF, 0x0000, 0xFFFF, 0xFFFF, 0xFFFF, 0xFFFF, 0x0000, 0xFFFF, 0xFFFF, 
	0x0000, 0xFFFF, 0x0000, 0xFFFF, 0xFFFF, 0x0000, 0x0000, 0xFFFF, 0xFFFF, 
	0xFFFF, 0x0000, 0x0000, 0x0000, 0x0000, 0xFFFF, 0x0000, 0x0000, 0xFFFF, 
	0xFFFF, 0x0000, 0x0000, 0xFFFF, 0x0000, 0x0000, 0xFFFF, 0xFFFF, 0x0000, 
	0xFFFF, 0xFFFF, 0xFFFF, 0xFFFF, 0x0000, 0xFFFF, 0x0000, 0xFFFF, 0x0000, 
	0x0000, 0xFFFF, 0x0000, 0xFFFF, 0xFFFF, 0xFFFF, 0x0000, 0x0000, 0x0000, 
	0x0000, 0xFFFF, 0xFFFF, 0x0000, 0xFFFF, 0xFFFF, 0x0000, 0x45A0, 0x459F, 
	0x4564, 0x4506, 0x449C, 0x443D, 0x4401, 0x43FE, 0x444C, 0x4502, 0x4637, 
	0x494F, 0x4EA8, 0x54D3, 0x5A5E, 0x5DD8, 0x5F7E, 0x6085, 0x60F8, 0x60E3, 
	0x60B6, 0x5FED, 0x5DD8, 0x59EE, 0x5456, 0x4D60, 0x455E, 0x3C9F, 0x3376, 
	0x2A32, 0x2124, 0x189D, 0x10EE, 0x0A67, 0x055A, 0x0217, 0x00EF, 0xFFFF, 
	0xFFFF, 0x0000, 0x0000, 0xFFFF, 0xFFFF, 0xFFFF, 0x0000, 0xFFFF, 0x0000, 
	0xFFFF, 0x0020, 0x0060, 0x0090, 0x0080, 0x0000, 0xFEED, 0xFD6B, 0xFBAE, 
	0xF9EC, 0xF845, 0xF70D, 0xF694, 0xF7E5, 0xFA8C, 0xFCC9, 0xFDB1, 0xFDAF, 
	0xFDA6, 0xFD8D, 0xFD5B, 0xFC6D, 0xFA7F, 0xF816, 0xF5B8, 0xF3EA, 0xF332, 
	0xFFFF, 0xFFFF, 0xFFFF, 0xFFFF, 0xFFFF, 0xFFFF, 0xFFFF, 0x0000, 0xFFFF, 
	0x0000, 0xFFFF, 0xFFE8, 0xFFB9, 0xFF95, 0xFFA1, 0xFFFF, 0x00C9, 0x01E4, 
	0x032B, 0x0475, 0x05A7, 0x068D, 0x06E8, 0x069D, 0x05BF, 0x0466, 0x02E7, 
	0x0196, 0x007C, 0xFF8F, 0xFEC7, 0xFE1C, 0xFD8D, 0xFD1C, 0xFCC9, 0xFC96, 
	0xFC85, 0xD708, 0xD6C6, 0xD67A, 0xD62E, 0xD5EB, 0xD5BC, 0xD5AB, 0xD5C0, 
	0xD605, 0xD685, 0xD749, 0xDA12, 0xDF2B, 0xE46C, 0xE7AC, 0xE6C4, 0xE15D, 
	0xD93B, 0xCF60, 0xC4CD, 0xB90C, 0xAF12, 0xAADB, 0xAE02, 0xB3EA, 0xB853, 
	0xBB43, 0xBDAB, 0xBFEA, 0xC236, 0xC4C8, 0xC7C0, 0xCAE5, 0xCDE3, 0xD06C, 
	0xD22C, 0xD2D4, 0x0000, 0x0000, 0xFFFF, 0xFFFF, 0x0000, 0xFFFF, 0xFFFF, 
	0xFFFF, 0x0000, 0xFFFF, 0x0000, 0x0000, 0x0000, 0xFFFF, 0xFFFF, 0xFFFF, 
	0x0000, 0xFFFF, 0x0000, 0xFFFF, 0xFFFF, 0xFFFF, 0x0000, 0xFFFF, 0xFFFF, 
	0x0000, 0xFFFF, 0xFFFF, 0xFFFF, 0xFFFF, 0xFFFF, 0xFFFF, 0xFFFF, 0xFFFF, 
	0x0000, 0xFFFF, 0x0000, 0x0000, 0x0000, 0xFFFF, 0x0000, 0x0000, 0xFFFF, 
	0x0000, 0xFFFF, 0x0000, 0xFFFF, 0xFFFF, 0xFFFF, 0xFFFF, 0xFFFF, 0x0000, 
	0x0000, 0x0000, 0x0000, 0x0000, 0xFFFF, 0xFFFF, 0x0000, 0x0000, 0xFFFF, 
	0x0000, 0x0000, 0xFFFF, 0x0000, 0xFFFF, 0xFFFF, 0xFFFF, 0xFFFF, 0x0000, 
	0x0000, 0xFFFF, 0xBF5E, 0x03AC, 0x0332, 0x02AB, 0x021D, 0x018E, 0x0105, 
	0x0086, 0x0019, 0xFFC4, 0xFF8B, 0xFF77, 0x001C, 0x0199, 0x0340, 0x0461, 
	0x044E, 0x02C2, 0x003C, 0xFD2E, 0xFA0A, 0xF6C0, 0xF50E, 0xF493, 0xF520, 
	0xF6AA, 0xF908, 0xFC0E, 0xFF93, 0x036E, 0x0772, 0x0B76, 0x0F4F, 0x12D5, 
	0x15DB, 0x1838, 0x19C3, 0x1A50, 0x057F, 0x070D, 0x08BE, 0x0A87, 0x0C5D, 
	0x0E34, 0x1002, 0x11BB, 0x1354, 0x14C1, 0x15F9, 0x16AC, 0x16BE, 0x166D, 
	0x15F7, 0x1598, 0x1549, 0x14E2, 0x146F, 0x13FB, 0x13A3, 0x135A, 0x1308, 
	0x1298, 0x120B, 0x1166, 0x10AF, 0x0FE9, 0x0F1B, 0x0E49, 0x0D79, 0x0CB1, 
	0x0BF9, 0x0B5A, 0x0ADD, 0x0A8B, 0x0A6E, 0xBF8A, 0xBBE7, 0xB7E1, 0xB399, 
	0xAF32, 0xAACC, 0xA68A, 0xA28E, 0x9EF8, 0x9BEC, 0x9989, 0x9988, 0x9C4F, 
	0xA009, 0xA2E1, 0xA301, 0xA008, 0x9B50, 0x9594, 0x8F94, 0x89BE, 0x8537, 
	0x8365, 0x84DA, 0x88DE, 0x8EED, 0x9682, 0x9F18, 0xA82B, 0xB135, 0xB9B1, 
	0xC12D, 0xC780, 0xCC94, 0xD050, 0xD29E, 0xD368, 0x0000, 0xFFFF, 0xFFFF, 
	0x0000, 0x0000, 0xFFFF, 0xFFFF, 0xFFFF, 0x0000, 0xFFFF, 0xFFFF, 0xFFFF, 
	0x0000, 0xFFFF, 0xFFFF, 0xFFFF, 0xFFFF, 0xFFFF, 0xFFFF, 0xFFFF, 0xFFFF, 
	0x0000, 0xFFFF, 0xFFFF, 0x0000, 0x0000, 0xFFFF, 0x0000, 0xFFFF, 0x0000, 
	0xFFFF, 0xFFFF, 0xFFFF, 0x0000, 0x0000, 0xFFFF, 0x0000, 0x0000, 0x0000, 
	0x0000, 0xFFFF, 0xFFFF, 0x0000, 0x0000, 0xFFFF, 0xFFFF, 0xFFFF, 0x0000, 
	0xFFFF, 0x0000, 0xFFFF, 0x0000, 0xFFFF, 0x0000, 0xFFFF, 0x0000, 0x0000, 
	0x0000, 0xFFFF, 0xFFFF, 0xFFFF, 0x0000, 0x0000, 0xFFFF, 0x0000, 0xFFFF, 
	0xFFFF, 0x0000, 0xFFFF, 0xFFFF, 0xFFFF, 0xFFFF, 0xFFFF, 0x0000, 0x3388, 
	0x3514, 0x36A2, 0x383A, 0x39E4, 0x3BA5, 0x3D86, 0x3F8C, 0x41C0, 0x4427, 
	0x46C9, 0x4AE6, 0x50CD, 0x5717, 0x5C5E, 0x5F3B, 0x5FC9, 0x5F41, 0x5DE1, 
	0x5BEB, 0x5A1B, 0x580E, 0x550B, 0x5082, 0x4A91, 0x437F, 0x3B93, 0x3315, 
	0x2A4C, 0x2180, 0x18F8, 0x10FD, 0x09D4, 0x03C7, 0xFF1A, 0xFC19, 0xFB08, 
	0xFFFF, 0x0000, 0x0000, 0x0000, 0x0000, 0xFFFF, 0xFFFF, 0x0000, 0xFFFF, 
	0x0000, 0x0000, 0xFFDC, 0xFF96, 0xFF61, 0xFF73, 0x0000, 0x012A, 0x02CC, 
	0x04AE, 0x0697, 0x0863, 0x09C1, 0x0A4C, 0x09D1, 0x0900, 0x0890, 0x0847, 
	0x07C9, 0x072E, 0x06AB, 0x0674, 0x06DA, 0x07DA, 0x0926, 0x0A72, 0x0B71, 
	0x0BD7, 0xFFFF, 0xFFFF, 0x0000, 0x0000, 0x0000, 0x0000, 0x0000, 0xFFFF, 
	0xFFFF, 0xFFFF, 0xFFFF, 0x000B, 0x0022, 0x0033, 0x002D, 0xFFFF, 0xFF9A, 
	0xFF09, 0xFE61, 0xFDBA, 0xFD50, 0xFD08, 0xFCA4, 0xFC0C, 0xFBB7, 0xFBDC, 
	0xFC54, 0xFD1B, 0xFDFB, 0xFEB3, 0xFF00, 0xFEF7, 0xFEE3, 0xFEC9, 0xFEAF, 
	0xFE9B, 0xFE93, 0xC595, 0xC6DF, 0xC83F, 0xC9B2, 0xCB32, 0xCCBC, 0xCE4B, 
	0xCFDC, 0xD16A, 0xD2F2, 0xD46F, 0xD682, 0xD937, 0xDBA9, 0xDCF2, 0xDC2D, 
	0xD93D, 0xD4EF, 0xCFBA, 0xCA17, 0xC383, 0xBDC2, 0xBB4B, 0xBE09, 0xC2F0, 
	0xC60C, 0xC795, 0xC89E, 0xC98A, 0xCA90, 0xCBE6, 0xCDAE, 0xCFB9, 0xD1C5, 
	0xD38E, 0xD4D2, 0xD54D, 

},{ 
	0x0001, 0x0000, 0x0023, 0x0001, 0x0025, 0x0024, 0x0023, 0x0049, 0x001A, 
	0x006C, 0x0001, 0x0086, 0x0022, 0x0087, 0x0017, 0x00A9, 0x0025, 0x00C0, 
	0x0025, 0x00E5, 0x0024, 0x010A, 0x0025, 0x012E, 0x0025, 0x0153, 0x0025, 
	0x0178, 0x0025, 0x019D, 0x0025, 0x01C2, 0x0025, 0x01E7, 0x0025, 0x020C, 
	0x0025, 0x0231, 0x0025, 0x0256, 0x0025, 0x027B, 0x0025, 0x02A0, 0x0024, 
	0x02C5, 0x0025, 0x02E9, 0x0025, 0x030E, 0x0025, 0x0333, 0x0025, 0x0358, 
	0x0001, 0x037D, 0x0001, 0x037E, 0x0025, 0x037F, 0x0025, 0x03A4, 0x0025, 
	0x03C9, 0x0025, 0x03EE, 0x0024, 0x0413, 0x0023, 0x0437, 0x0023, 0x045A, 
	0x0025, 0x047D, 0x0025, 0x04A2, 0x0025, 0x04C7, 0x0025, 0x04EC, 0x0025, 
	0x0511, 0x0025, 0x0536, 0x0025, 0x055B, 0x0025, 0x0580, 0x0025, 0x05A5, 
	0x0025, 0x05CA, 0x0024, 0x05EF, 0x0025, 0x0613, 0x0025, 0x0638, 0x0025, 
	0x065D, 0x0025, 0x0682, 0x0024, 0x06A7, 0x0024, 0x06CB, 0x0001, 0x06EF, 
	0x0025, 0x06F0, 0x0025, 0x0715, 0x0025, 0x073A, 0x0025, 0x075F, 0x0025, 
	0x0784, 0x0025, 0x07A9, 0x0025, 0x07CE, 0x0025, 0x07F3, 0x0025, 0x0818, 
	

});